{
    "avg_latency": 0.5482159978710115,
    "latencies": [
        0.5482159978710115
    ],
    "percentiles": {
        "10": 0.5482159978710115,
        "25": 0.5482159978710115,
        "50": 0.5482159978710115,
        "75": 0.5482159978710115,
        "90": 0.5482159978710115,
        "99": 0.5482159978710115
    },
    "avg_prefill_latency": 0.1850121021270752,
    "avg_decode_latency": 0.3519711494445801,
    "avg_decode_per_iter_latency": 0.011353908046599357,
    "prefill_latencies": [
        0.1850121021270752,
        0.1850121021270752,
        0.1850121021270752,
        0.1850121021270752,
        0.1850121021270752,
        0.1850121021270752,
        0.1850121021270752,
        0.1850121021270752
    ],
    "decode_latencies": [
        0.3519711494445801,
        0.3519711494445801,
        0.3519711494445801,
        0.3519711494445801,
        0.3519711494445801,
        0.3519711494445801,
        0.3519711494445801,
        0.3519711494445801
    ],
    "decode_per_iter_latencies": [
        0.011353908046599357,
        0.011353908046599357,
        0.011353908046599357,
        0.011353908046599357,
        0.011353908046599357,
        0.011353908046599357,
        0.011353908046599357,
        0.011353908046599357
    ]
}