{
    "avg_latency": 3.4235196788795292,
    "latencies": [
        3.4235196788795292
    ],
    "percentiles": {
        "10": 3.4235196788795292,
        "25": 3.4235196788795292,
        "50": 3.4235196788795292,
        "75": 3.4235196788795292,
        "90": 3.4235196788795292,
        "99": 3.4235196788795292
    },
    "avg_prefill_latency": 2.647251844406128,
    "avg_decode_latency": 0.7392587661743164,
    "avg_decode_per_iter_latency": 0.02384705697336504,
    "prefill_latencies": [
        2.647251844406128,
        2.647251844406128,
        2.647251844406128,
        2.647251844406128,
        2.647251844406128,
        2.647251844406128,
        2.647251844406128,
        2.647251844406128,
        2.647251844406128,
        2.647251844406128,
        2.647251844406128,
        2.647251844406128,
        2.647251844406128,
        2.647251844406128,
        2.647251844406128,
        2.647251844406128,
        2.647251844406128,
        2.647251844406128,
        2.647251844406128,
        2.647251844406128,
        2.647251844406128,
        2.647251844406128,
        2.647251844406128,
        2.647251844406128,
        2.647251844406128,
        2.647251844406128,
        2.647251844406128,
        2.647251844406128,
        2.647251844406128,
        2.647251844406128,
        2.647251844406128,
        2.647251844406128,
        2.647251844406128,
        2.647251844406128,
        2.647251844406128,
        2.647251844406128,
        2.647251844406128,
        2.647251844406128,
        2.647251844406128,
        2.647251844406128,
        2.647251844406128,
        2.647251844406128,
        2.647251844406128,
        2.647251844406128,
        2.647251844406128,
        2.647251844406128,
        2.647251844406128,
        2.647251844406128,
        2.647251844406128,
        2.647251844406128,
        2.647251844406128,
        2.647251844406128,
        2.647251844406128,
        2.647251844406128,
        2.647251844406128,
        2.647251844406128,
        2.647251844406128,
        2.647251844406128,
        2.647251844406128,
        2.647251844406128,
        2.647251844406128,
        2.647251844406128,
        2.647251844406128,
        2.647251844406128,
        2.647251844406128,
        2.647251844406128,
        2.647251844406128,
        2.647251844406128,
        2.647251844406128,
        2.647251844406128,
        2.647251844406128,
        2.647251844406128,
        2.647251844406128,
        2.647251844406128,
        2.647251844406128,
        2.647251844406128,
        2.647251844406128,
        2.647251844406128,
        2.647251844406128,
        2.647251844406128,
        2.647251844406128,
        2.647251844406128,
        2.647251844406128,
        2.647251844406128,
        2.647251844406128,
        2.647251844406128,
        2.647251844406128,
        2.647251844406128,
        2.647251844406128,
        2.647251844406128,
        2.647251844406128,
        2.647251844406128,
        2.647251844406128,
        2.647251844406128,
        2.647251844406128,
        2.647251844406128,
        2.647251844406128,
        2.647251844406128,
        2.647251844406128,
        2.647251844406128,
        2.647251844406128,
        2.647251844406128,
        2.647251844406128,
        2.647251844406128,
        2.647251844406128,
        2.647251844406128,
        2.647251844406128,
        2.647251844406128,
        2.647251844406128,
        2.647251844406128,
        2.647251844406128,
        2.647251844406128,
        2.647251844406128,
        2.647251844406128,
        2.647251844406128,
        2.647251844406128,
        2.647251844406128,
        2.647251844406128,
        2.647251844406128,
        2.647251844406128,
        2.647251844406128,
        2.647251844406128,
        2.647251844406128,
        2.647251844406128,
        2.647251844406128,
        2.647251844406128,
        2.647251844406128,
        2.647251844406128
    ],
    "decode_latencies": [
        0.7392587661743164,
        0.7392587661743164,
        0.7392587661743164,
        0.7392587661743164,
        0.7392587661743164,
        0.7392587661743164,
        0.7392587661743164,
        0.7392587661743164,
        0.7392587661743164,
        0.7392587661743164,
        0.7392587661743164,
        0.7392587661743164,
        0.7392587661743164,
        0.7392587661743164,
        0.7392587661743164,
        0.7392587661743164,
        0.7392587661743164,
        0.7392587661743164,
        0.7392587661743164,
        0.7392587661743164,
        0.7392587661743164,
        0.7392587661743164,
        0.7392587661743164,
        0.7392587661743164,
        0.7392587661743164,
        0.7392587661743164,
        0.7392587661743164,
        0.7392587661743164,
        0.7392587661743164,
        0.7392587661743164,
        0.7392587661743164,
        0.7392587661743164,
        0.7392587661743164,
        0.7392587661743164,
        0.7392587661743164,
        0.7392587661743164,
        0.7392587661743164,
        0.7392587661743164,
        0.7392587661743164,
        0.7392587661743164,
        0.7392587661743164,
        0.7392587661743164,
        0.7392587661743164,
        0.7392587661743164,
        0.7392587661743164,
        0.7392587661743164,
        0.7392587661743164,
        0.7392587661743164,
        0.7392587661743164,
        0.7392587661743164,
        0.7392587661743164,
        0.7392587661743164,
        0.7392587661743164,
        0.7392587661743164,
        0.7392587661743164,
        0.7392587661743164,
        0.7392587661743164,
        0.7392587661743164,
        0.7392587661743164,
        0.7392587661743164,
        0.7392587661743164,
        0.7392587661743164,
        0.7392587661743164,
        0.7392587661743164,
        0.7392587661743164,
        0.7392587661743164,
        0.7392587661743164,
        0.7392587661743164,
        0.7392587661743164,
        0.7392587661743164,
        0.7392587661743164,
        0.7392587661743164,
        0.7392587661743164,
        0.7392587661743164,
        0.7392587661743164,
        0.7392587661743164,
        0.7392587661743164,
        0.7392587661743164,
        0.7392587661743164,
        0.7392587661743164,
        0.7392587661743164,
        0.7392587661743164,
        0.7392587661743164,
        0.7392587661743164,
        0.7392587661743164,
        0.7392587661743164,
        0.7392587661743164,
        0.7392587661743164,
        0.7392587661743164,
        0.7392587661743164,
        0.7392587661743164,
        0.7392587661743164,
        0.7392587661743164,
        0.7392587661743164,
        0.7392587661743164,
        0.7392587661743164,
        0.7392587661743164,
        0.7392587661743164,
        0.7392587661743164,
        0.7392587661743164,
        0.7392587661743164,
        0.7392587661743164,
        0.7392587661743164,
        0.7392587661743164,
        0.7392587661743164,
        0.7392587661743164,
        0.7392587661743164,
        0.7392587661743164,
        0.7392587661743164,
        0.7392587661743164,
        0.7392587661743164,
        0.7392587661743164,
        0.7392587661743164,
        0.7392587661743164,
        0.7392587661743164,
        0.7392587661743164,
        0.7392587661743164,
        0.7392587661743164,
        0.7392587661743164,
        0.7392587661743164,
        0.7392587661743164,
        0.7392587661743164,
        0.7392587661743164,
        0.7392587661743164,
        0.7392587661743164,
        0.7392587661743164,
        0.7392587661743164,
        0.7392587661743164
    ],