{
    "avg_latency": 0.4878639178350568,
    "latencies": [
        0.4878639178350568
    ],
    "percentiles": {
        "10": 0.4878639178350568,
        "25": 0.4878639178350568,
        "50": 0.4878639178350568,
        "75": 0.4878639178350568,
        "90": 0.4878639178350568,
        "99": 0.4878639178350568
    },
    "avg_prefill_latency": 0.10831236839294434,
    "avg_decode_latency": 0.3684372901916504,
    "avg_decode_per_iter_latency": 0.011885073877150012,
    "prefill_latencies": [
        0.10831236839294434,
        0.10831236839294434,
        0.10831236839294434,
        0.10831236839294434,
        0.10831236839294434,
        0.10831236839294434,
        0.10831236839294434,
        0.10831236839294434
    ],
    "decode_latencies": [
        0.3684372901916504,
        0.3684372901916504,
        0.3684372901916504,
        0.3684372901916504,
        0.3684372901916504,
        0.3684372901916504,
        0.3684372901916504,
        0.3684372901916504
    ],
    "decode_per_iter_latencies": [
        0.011885073877150012,
        0.011885073877150012,
        0.011885073877150012,
        0.011885073877150012,
        0.011885073877150012,
        0.011885073877150012,
        0.011885073877150012,
        0.011885073877150012
    ]
}