{
    "avg_latency": 26.660926667042077,
    "latencies": [
        26.660926667042077
    ],
    "percentiles": {
        "10": 26.660926667042077,
        "25": 26.660926667042077,
        "50": 26.660926667042077,
        "75": 26.660926667042077,
        "90": 26.660926667042077,
        "99": 26.660926667042077
    },
    "avg_prefill_latency": 7.070575773715973,
    "avg_decode_latency": 10.04456251859665,
    "avg_decode_per_iter_latency": 0.32401814576118226,
    "prefill_latencies": [
        7.584705829620361,
        7.584705829620361,
        7.584705829620361,
        7.584705829620361,
        7.584705829620361,
        7.584705829620361,
        7.584705829620361,
        7.584705829620361,
        7.315018177032471,
        7.315018177032471,
        7.315018177032471,
        7.315018177032471,
        7.315018177032471,
        7.315018177032471,
        7.315018177032471,
        7.315018177032471,
        7.036663293838501,
        7.036663293838501,
        7.036663293838501,
        7.036663293838501,
        7.036663293838501,
        7.036663293838501,
        7.036663293838501,
        7.036663293838501,
        6.345915794372559,
        6.345915794372559,
        6.345915794372559,
        6.345915794372559,
        6.345915794372559,
        6.345915794372559,
        6.345915794372559,
        6.345915794372559
    ],
    "decode_latencies": [
        18.995002508163452,
        18.995002508163452,
        18.995002508163452,
        18.995002508163452,
        18.995002508163452,
        18.995002508163452,
        18.995002508163452,
        18.995002508163452,
        12.96150541305542,
        12.96150541305542,
        12.96150541305542,
        12.96150541305542,
        12.96150541305542,
        12.96150541305542,
        12.96150541305542,
        12.96150541305542,
        6.924265623092651,
        6.924265623092651,
        6.924265623092651,
        6.924265623092651,
        6.924265623092651,
        6.924265623092651,
        6.924265623092651,
        6.924265623092651,
        1.2974765300750732,
        1.2974765300750732,
        1.2974765300750732,
        1.2974765300750732,
        1.2974765300750732,
        1.2974765300750732,
        1.2974765300750732,
        1.2974765300750732
    ],
    "decode_per_iter_latencies": [
        0.6127420163923695,
        0.6127420163923695,
        0.6127420163923695,
        0.6127420163923695,
        0.6127420163923695,
        0.6127420163923695,
        0.6127420163923695,
        0.6127420163923695,
        0.4181130778404974,
        0.4181130778404974,
        0.4181130778404974,
        0.4181130778404974,
        0.4181130778404974,
        0.4181130778404974,
        0.4181130778404974,
        0.4181130778404974,
        0.22336340719653713,
        0.22336340719653713,
        0.22336340719653713,
        0.22336340719653713,
        0.22336340719653713,
        0.22336340719653713,
        0.22336340719653713,
        0.22336340719653713,
        0.041854081615324945,
        0.041854081615324945,
        0.041854081615324945,
        0.041854081615324945,
        0.041854081615324945,
        0.041854081615324945,
        0.041854081615324945,
        0.041854081615324945
    ]
}