{
    "avg_latency": 1.0734738348983228,
    "latencies": [
        1.0734738348983228
    ],
    "percentiles": {
        "10": 1.0734738348983228,
        "25": 1.0734738348983228,
        "50": 1.0734738348983228,
        "75": 1.0734738348983228,
        "90": 1.0734738348983228,
        "99": 1.0734738348983228
    },
    "avg_prefill_latency": 0.17322349548339844,
    "avg_decode_latency": 0.8709020614624023,
    "avg_decode_per_iter_latency": 0.028093614885883945,
    "prefill_latencies": [
        0.17322349548339844,
        0.17322349548339844,
        0.17322349548339844,
        0.17322349548339844,
        0.17322349548339844,
        0.17322349548339844,
        0.17322349548339844,
        0.17322349548339844,
        0.17322349548339844,
        0.17322349548339844,
        0.17322349548339844,
        0.17322349548339844,
        0.17322349548339844,
        0.17322349548339844,
        0.17322349548339844,
        0.17322349548339844,
        0.17322349548339844,
        0.17322349548339844,
        0.17322349548339844,
        0.17322349548339844,
        0.17322349548339844,
        0.17322349548339844,
        0.17322349548339844,
        0.17322349548339844,
        0.17322349548339844,
        0.17322349548339844,
        0.17322349548339844,
        0.17322349548339844,
        0.17322349548339844,
        0.17322349548339844,
        0.17322349548339844,
        0.17322349548339844
    ],
    "decode_latencies": [
        0.8709020614624023,
        0.8709020614624023,
        0.8709020614624023,
        0.8709020614624023,
        0.8709020614624023,
        0.8709020614624023,
        0.8709020614624023,
        0.8709020614624023,
        0.8709020614624023,
        0.8709020614624023,
        0.8709020614624023,
        0.8709020614624023,
        0.8709020614624023,
        0.8709020614624023,
        0.8709020614624023,
        0.8709020614624023,
        0.8709020614624023,
        0.8709020614624023,
        0.8709020614624023,
        0.8709020614624023,
        0.8709020614624023,
        0.8709020614624023,
        0.8709020614624023,
        0.8709020614624023,
        0.8709020614624023,
        0.8709020614624023,
        0.8709020614624023,
        0.8709020614624023,
        0.8709020614624023,
        0.8709020614624023,
        0.8709020614624023,
        0.8709020614624023
    ],
    "decode_per_iter_latencies": [
        0.028093614885883945,
        0.028093614885883945,
        0.028093614885883945,
        0.028093614885883945,
        0.028093614885883945,
        0.028093614885883945,
        0.028093614885883945,
        0.028093614885883945,
        0.028093614885883945,
        0.028093614885883945,
        0.028093614885883945,
        0.028093614885883945,
        0.028093614885883945,
        0.028093614885883945,
        0.028093614885883945,
        0.028093614885883945,
        0.028093614885883945,
        0.028093614885883945,
        0.028093614885883945,
        0.028093614885883945,
        0.028093614885883945,
        0.028093614885883945,
        0.028093614885883945,
        0.028093614885883945,
        0.028093614885883945,
        0.028093614885883945,
        0.028093614885883945,
        0.028093614885883945,
        0.028093614885883945,
        0.028093614885883945,
        0.028093614885883945,
        0.028093614885883945
    ]
}