{
    "avg_latency": 0.4307091669179499,
    "latencies": [
        0.4307091669179499
    ],
    "percentiles": {
        "10": 0.4307091669179499,
        "25": 0.4307091669179499,
        "50": 0.4307091669179499,
        "75": 0.4307091669179499,
        "90": 0.4307091669179499,
        "99": 0.4307091669179499
    },
    "avg_prefill_latency": 0.07265663146972656,
    "avg_decode_latency": 0.34779858589172363,
    "avg_decode_per_iter_latency": 0.011219309222313666,
    "prefill_latencies": [
        0.07265663146972656
    ],
    "decode_latencies": [
        0.34779858589172363
    ],
    "decode_per_iter_latencies": [
        0.011219309222313666
    ]
}