{
    "avg_latency": 0.8688131938688457,
    "latencies": [
        0.8688131938688457
    ],
    "percentiles": {
        "10": 0.8688131938688457,
        "25": 0.8688131938688457,
        "50": 0.8688131938688457,
        "75": 0.8688131938688457,
        "90": 0.8688131938688457,
        "99": 0.8688131938688457
    },
    "avg_prefill_latency": 0.052353620529174805,
    "avg_decode_latency": 0.7916347980499268,
    "avg_decode_per_iter_latency": 0.025536606388707316,
    "prefill_latencies": [
        0.052353620529174805
    ],
    "decode_latencies": [
        0.7916347980499268
    ],
    "decode_per_iter_latencies": [
        0.025536606388707316
    ]
}