{
    "avg_latency": 46.10720404004678,
    "latencies": [
        46.10720404004678
    ],
    "percentiles": {
        "10": 46.10720404004678,
        "25": 46.10720404004678,
        "50": 46.10720404004678,
        "75": 46.10720404004678,
        "90": 46.10720404004678,
        "99": 46.10720404004678
    },
    "avg_prefill_latency": 22.271031141281128,
    "avg_decode_latency": 12.636313080787659,
    "avg_decode_per_iter_latency": 0.4076230026060534,
    "prefill_latencies": [
        22.322282075881958,
        22.322282075881958,
        22.322282075881958,
        22.322282075881958,
        22.322282075881958,
        22.322282075881958,
        22.322282075881958,
        22.322282075881958,
        22.322282075881958,
        22.322282075881958,
        22.322282075881958,
        22.322282075881958,
        22.322282075881958,
        22.322282075881958,
        22.322282075881958,
        22.322282075881958,
        22.322282075881958,
        22.322282075881958,
        22.322282075881958,
        22.322282075881958,
        22.322282075881958,
        22.322282075881958,
        22.322282075881958,
        22.322282075881958,
        22.322282075881958,
        22.322282075881958,
        22.322282075881958,
        22.322282075881958,
        22.322282075881958,
        22.322282075881958,
        22.322282075881958,
        22.322282075881958,
        22.219780206680298,
        22.219780206680298,
        22.219780206680298,
        22.219780206680298,
        22.219780206680298,
        22.219780206680298,
        22.219780206680298,
        22.219780206680298,
        22.219780206680298,
        22.219780206680298,
        22.219780206680298,
        22.219780206680298,
        22.219780206680298,
        22.219780206680298,
        22.219780206680298,
        22.219780206680298,
        22.219780206680298,
        22.219780206680298,
        22.219780206680298,
        22.219780206680298,
        22.219780206680298,
        22.219780206680298,
        22.219780206680298,
        22.219780206680298,
        22.219780206680298,
        22.219780206680298,
        22.219780206680298,
        22.219780206680298,
        22.219780206680298,
        22.219780206680298,
        22.219780206680298,
        22.219780206680298
    ],
    "decode_latencies": [
        23.70820903778076,
        23.70820903778076,
        23.70820903778076,
        23.70820903778076,
        23.70820903778076,
        23.70820903778076,
        23.70820903778076,
        23.70820903778076,
        23.70820903778076,
        23.70820903778076,
        23.70820903778076,
        23.70820903778076,
        23.70820903778076,
        23.70820903778076,
        23.70820903778076,
        23.70820903778076,
        23.70820903778076,
        23.70820903778076,
        23.70820903778076,
        23.70820903778076,
        23.70820903778076,
        23.70820903778076,
        23.70820903778076,
        23.70820903778076,
        23.70820903778076,
        23.70820903778076,
        23.70820903778076,
        23.70820903778076,
        23.70820903778076,
        23.70820903778076,
        23.70820903778076,
        23.70820903778076,
        1.5644171237945557,
        1.5644171237945557,
        1.5644171237945557,
        1.5644171237945557,
        1.5644171237945557,
        1.5644171237945557,
        1.5644171237945557,
        1.5644171237945557,
        1.5644171237945557,
        1.5644171237945557,
        1.5644171237945557,
        1.5644171237945557,
        1.5644171237945557,
        1.5644171237945557,
        1.5644171237945557,
        1.5644171237945557,
        1.5644171237945557,
        1.5644171237945557,
        1.5644171237945557,
        1.5644171237945557,
        1.5644171237945557,
        1.5644171237945557,
        1.5644171237945557,
        1.5644171237945557,
        1.5644171237945557,
        1.5644171237945557,
        1.5644171237945557,
        1.5644171237945557,
        1.5644171237945557,
        1.5644171237945557,
        1.5644171237945557,
        1.5644171237945557
    ],
    "decode_per_iter_latencies": [
        0.7647809367026052,
        0.7647809367026052,
        0.7647809367026052,
        0.7647809367026052,
        0.7647809367026052,
        0.7647809367026052,
        0.7647809367026052,
        0.7647809367026052,
        0.7647809367026052,
        0.7647809367026052,
        0.7647809367026052,
        0.7647809367026052,
        0.7647809367026052,
        0.7647809367026052,
        0.7647809367026052,
        0.7647809367026052,
        0.7647809367026052,
        0.7647809367026052,
        0.7647809367026052,
        0.7647809367026052,
        0.7647809367026052,
        0.7647809367026052,
        0.7647809367026052,
        0.7647809367026052,
        0.7647809367026052,
        0.7647809367026052,
        0.7647809367026052,
        0.7647809367026052,
        0.7647809367026052,
        0.7647809367026052,
        0.7647809367026052,
        0.7647809367026052,
        0.0504650685095018,
        0.0504650685095018,
        0.0504650685095018,
        0.0504650685095018,
        0.0504650685095018,
        0.0504650685095018,
        0.0504650685095018,
        0.0504650685095018,
        0.0504650685095018,
        0.0504650685095018,
        0.0504650685095018,
        0.0504650685095018,
        0.0504650685095018,
        0.0504650685095018,
        0.0504650685095018,
        0.0504650685095018,
        0.0504650685095018,
        0.0504650685095018,
        0.0504650685095018,
        0.0504650685095018,
        0.0504650685095018,
        0.0504650685095018,
        0.0504650685095018,
        0.0504650685095018,
        0.0504650685095018,
        0.0504650685095018,
        0.0504650685095018,
        0.0504650685095018,
        0.0504650685095018,
        0.0504650685095018,
        0.0504650685095018,
        0.0504650685095018
    ]
}