{
    "avg_latency": 2.652031462173909,
    "latencies": [
        2.652031462173909
    ],
    "percentiles": {
        "10": 2.652031462173909,
        "25": 2.652031462173909,
        "50": 2.652031462173909,
        "75": 2.652031462173909,
        "90": 2.652031462173909,
        "99": 2.652031462173909
    },
    "avg_prefill_latency": 1.653083086013794,
    "avg_decode_latency": 0.9962453842163086,
    "avg_decode_per_iter_latency": 0.03213694787794544,
    "prefill_latencies": [
        1.653083086013794
    ],
    "decode_latencies": [
        0.9962453842163086
    ],
    "decode_per_iter_latencies": [
        0.03213694787794544
    ]
}