{
    "avg_latency": 2.725470474921167,
    "latencies": [
        2.725470474921167
    ],
    "percentiles": {
        "10": 2.725470474921167,
        "25": 2.725470474921167,
        "50": 2.725470474921167,
        "75": 2.725470474921167,
        "90": 2.725470474921167,
        "99": 2.725470474921167
    },
    "avg_prefill_latency": 1.240858554840088,
    "avg_decode_latency": 1.4320714473724365,
    "avg_decode_per_iter_latency": 0.04619585314104634,
    "prefill_latencies": [
        1.240858554840088,
        1.240858554840088,
        1.240858554840088,
        1.240858554840088,
        1.240858554840088,
        1.240858554840088,
        1.240858554840088,
        1.240858554840088,
        1.240858554840088,
        1.240858554840088,
        1.240858554840088,
        1.240858554840088,
        1.240858554840088,
        1.240858554840088,
        1.240858554840088,
        1.240858554840088,
        1.240858554840088,
        1.240858554840088,
        1.240858554840088,
        1.240858554840088,
        1.240858554840088,
        1.240858554840088,
        1.240858554840088,
        1.240858554840088,
        1.240858554840088,
        1.240858554840088,
        1.240858554840088,
        1.240858554840088,
        1.240858554840088,
        1.240858554840088,
        1.240858554840088,
        1.240858554840088,
        1.240858554840088,
        1.240858554840088,
        1.240858554840088,
        1.240858554840088,
        1.240858554840088,
        1.240858554840088,
        1.240858554840088,
        1.240858554840088,
        1.240858554840088,
        1.240858554840088,
        1.240858554840088,
        1.240858554840088,
        1.240858554840088,
        1.240858554840088,
        1.240858554840088,
        1.240858554840088,
        1.240858554840088,
        1.240858554840088,
        1.240858554840088,
        1.240858554840088,
        1.240858554840088,
        1.240858554840088,
        1.240858554840088,
        1.240858554840088,
        1.240858554840088,
        1.240858554840088,
        1.240858554840088,
        1.240858554840088,
        1.240858554840088,
        1.240858554840088,
        1.240858554840088,
        1.240858554840088,
        1.240858554840088,
        1.240858554840088,
        1.240858554840088,
        1.240858554840088,
        1.240858554840088,
        1.240858554840088,
        1.240858554840088,
        1.240858554840088,
        1.240858554840088,
        1.240858554840088,
        1.240858554840088,
        1.240858554840088,
        1.240858554840088,
        1.240858554840088,
        1.240858554840088,
        1.240858554840088,
        1.240858554840088,
        1.240858554840088,
        1.240858554840088,
        1.240858554840088,
        1.240858554840088,
        1.240858554840088,
        1.240858554840088,
        1.240858554840088,
        1.240858554840088,
        1.240858554840088,
        1.240858554840088,
        1.240858554840088,
        1.240858554840088,
        1.240858554840088,
        1.240858554840088,
        1.240858554840088,
        1.240858554840088,
        1.240858554840088,
        1.240858554840088,
        1.240858554840088,
        1.240858554840088,
        1.240858554840088,
        1.240858554840088,
        1.240858554840088,
        1.240858554840088,
        1.240858554840088,
        1.240858554840088,
        1.240858554840088,
        1.240858554840088,
        1.240858554840088,
        1.240858554840088,
        1.240858554840088,
        1.240858554840088,
        1.240858554840088,
        1.240858554840088,
        1.240858554840088,
        1.240858554840088,
        1.240858554840088,
        1.240858554840088,
        1.240858554840088,
        1.240858554840088,
        1.240858554840088,
        1.240858554840088,
        1.240858554840088,
        1.240858554840088,
        1.240858554840088,
        1.240858554840088,
        1.240858554840088
    ],
    "decode_latencies": [
        1.4320714473724365,
        1.4320714473724365,
        1.4320714473724365,
        1.4320714473724365,
        1.4320714473724365,
        1.4320714473724365,
        1.4320714473724365,
        1.4320714473724365,
        1.4320714473724365,
        1.4320714473724365,
        1.4320714473724365,
        1.4320714473724365,
        1.4320714473724365,
        1.4320714473724365,
        1.4320714473724365,
        1.4320714473724365,
        1.4320714473724365,
        1.4320714473724365,
        1.4320714473724365,
        1.4320714473724365,
        1.4320714473724365,
        1.4320714473724365,
        1.4320714473724365,
        1.4320714473724365,
        1.4320714473724365,
        1.4320714473724365,
        1.4320714473724365,
        1.4320714473724365,
        1.4320714473724365,
        1.4320714473724365,
        1.4320714473724365,
        1.4320714473724365,
        1.4320714473724365,
        1.4320714473724365,
        1.4320714473724365,
        1.4320714473724365,
        1.4320714473724365,
        1.4320714473724365,
        1.4320714473724365,
        1.4320714473724365,
        1.4320714473724365,
        1.4320714473724365,
        1.4320714473724365,
        1.4320714473724365,
        1.4320714473724365,
        1.4320714473724365,
        1.4320714473724365,
        1.4320714473724365,
        1.4320714473724365,
        1.4320714473724365,
        1.4320714473724365,
        1.4320714473724365,
        1.4320714473724365,
        1.4320714473724365,
        1.4320714473724365,
        1.4320714473724365,
        1.4320714473724365,
        1.4320714473724365,
        1.4320714473724365,
        1.4320714473724365,
        1.4320714473724365,
        1.4320714473724365,
        1.4320714473724365,
        1.4320714473724365,
        1.4320714473724365,
        1.4320714473724365,
        1.4320714473724365,
        1.4320714473724365,
        1.4320714473724365,
        1.4320714473724365,
        1.4320714473724365,
        1.4320714473724365,
        1.4320714473724365,
        1.4320714473724365,
        1.4320714473724365,
        1.4320714473724365,
        1.4320714473724365,
        1.4320714473724365,
        1.4320714473724365,
        1.4320714473724365,
        1.4320714473724365,
        1.4320714473724365,
        1.4320714473724365,
        1.4320714473724365,
        1.4320714473724365,
        1.4320714473724365,
        1.4320714473724365,
        1.4320714473724365,
        1.4320714473724365,
        1.4320714473724365,
        1.4320714473724365,
        1.4320714473724365,
        1.4320714473724365,
        1.4320714473724365,
        1.4320714473724365,
        1.4320714473724365,
        1.4320714473724365,
        1.4320714473724365,
        1.4320714473724365,
        1.4320714473724365,
        1.4320714473724365,
        1.4320714473724365,
        1.4320714473724365,
        1.4320714473724365,
        1.4320714473724365,
        1.4320714473724365,
        1.4320714473724365,
        1.4320714473724365,
        1.4320714473724365,
        1.4320714473724365,
        1.4320714473724365,
        1.4320714473724365,
        1.4320714473724365,
        1.4320714473724365,
        1.4320714473724365,
        1.4320714473724365,
        1.4320714473724365,
        1.4320714473724365,
        1.4320714473724365,
        1.4320714473724365,
        1.4320714473724365,
        1.4320714473724365,
        1.4320714473724365,
        1.4320714473724365,
        1.4320714473724365,
        1.4320714473724365,
        1.4320714473724365,
        1.4320714473724365
    ],