{
    "avg_latency": 13.130275694653392,
    "latencies": [
        13.130275694653392
    ],
    "percentiles": {
        "10": 13.130275694653392,
        "25": 13.130275694653392,
        "50": 13.130275694653392,
        "75": 13.130275694653392,
        "90": 13.130275694653392,
        "99": 13.130275694653392
    },
    "avg_prefill_latency": 6.054930686950684,
    "avg_decode_latency": 4.082518458366394,
    "avg_decode_per_iter_latency": 0.13169414381827077,
    "prefill_latencies": [
        6.1786582469940186,
        6.1786582469940186,
        6.1786582469940186,
        6.1786582469940186,
        6.1786582469940186,
        6.1786582469940186,
        6.1786582469940186,
        6.1786582469940186,
        6.1786582469940186,
        6.1786582469940186,
        6.1786582469940186,
        6.1786582469940186,
        6.1786582469940186,
        6.1786582469940186,
        6.1786582469940186,
        6.1786582469940186,
        5.931203126907349,
        5.931203126907349,
        5.931203126907349,
        5.931203126907349,
        5.931203126907349,
        5.931203126907349,
        5.931203126907349,
        5.931203126907349,
        5.931203126907349,
        5.931203126907349,
        5.931203126907349,
        5.931203126907349,
        5.931203126907349,
        5.931203126907349,
        5.931203126907349,
        5.931203126907349
    ],
    "decode_latencies": [
        6.906165361404419,
        6.906165361404419,
        6.906165361404419,
        6.906165361404419,
        6.906165361404419,
        6.906165361404419,
        6.906165361404419,
        6.906165361404419,
        6.906165361404419,
        6.906165361404419,
        6.906165361404419,
        6.906165361404419,
        6.906165361404419,
        6.906165361404419,
        6.906165361404419,
        6.906165361404419,
        1.2588715553283691,
        1.2588715553283691,
        1.2588715553283691,
        1.2588715553283691,
        1.2588715553283691,
        1.2588715553283691,
        1.2588715553283691,
        1.2588715553283691,
        1.2588715553283691,
        1.2588715553283691,
        1.2588715553283691,
        1.2588715553283691,
        1.2588715553283691,
        1.2588715553283691,
        1.2588715553283691,
        1.2588715553283691
    ],
    "decode_per_iter_latencies": [
        0.22277952778723933,
        0.22277952778723933,
        0.22277952778723933,
        0.22277952778723933,
        0.22277952778723933,
        0.22277952778723933,
        0.22277952778723933,
        0.22277952778723933,
        0.22277952778723933,
        0.22277952778723933,
        0.22277952778723933,
        0.22277952778723933,
        0.22277952778723933,
        0.22277952778723933,
        0.22277952778723933,
        0.22277952778723933,
        0.04060875984930223,
        0.04060875984930223,
        0.04060875984930223,
        0.04060875984930223,
        0.04060875984930223,
        0.04060875984930223,
        0.04060875984930223,
        0.04060875984930223,
        0.04060875984930223,
        0.04060875984930223,
        0.04060875984930223,
        0.04060875984930223,
        0.04060875984930223,
        0.04060875984930223,
        0.04060875984930223,
        0.04060875984930223
    ]
}