{
    "avg_latency": 0.9962671748362482,
    "latencies": [
        0.9962671748362482
    ],
    "percentiles": {
        "10": 0.9962671748362482,
        "25": 0.9962671748362482,
        "50": 0.9962671748362482,
        "75": 0.9962671748362482,
        "90": 0.9962671748362482,
        "99": 0.9962671748362482
    },
    "avg_prefill_latency": 0.17133808135986328,
    "avg_decode_latency": 0.7998378276824951,
    "avg_decode_per_iter_latency": 0.025801220247822422,
    "prefill_latencies": [
        0.17133808135986328
    ],
    "decode_latencies": [
        0.7998378276824951
    ],
    "decode_per_iter_latencies": [
        0.025801220247822422
    ]
}