{
    "avg_latency": 0.4427801198326051,
    "latencies": [
        0.4427801198326051
    ],
    "percentiles": {
        "10": 0.4427801198326051,
        "25": 0.4427801198326051,
        "50": 0.4427801198326051,
        "75": 0.4427801198326051,
        "90": 0.4427801198326051,
        "99": 0.4427801198326051
    },
    "avg_prefill_latency": 0.06797099113464355,
    "avg_decode_latency": 0.3636348247528076,
    "avg_decode_per_iter_latency": 0.011730155637187342,
    "prefill_latencies": [
        0.06797099113464355,
        0.06797099113464355,
        0.06797099113464355,
        0.06797099113464355,
        0.06797099113464355,
        0.06797099113464355,
        0.06797099113464355,
        0.06797099113464355
    ],
    "decode_latencies": [
        0.3636348247528076,
        0.3636348247528076,
        0.3636348247528076,
        0.3636348247528076,
        0.3636348247528076,
        0.3636348247528076,
        0.3636348247528076,
        0.3636348247528076
    ],
    "decode_per_iter_latencies": [
        0.011730155637187342,
        0.011730155637187342,
        0.011730155637187342,
        0.011730155637187342,
        0.011730155637187342,
        0.011730155637187342,
        0.011730155637187342,
        0.011730155637187342
    ]
}