{
    "avg_latency": 6.0785423829220235,
    "latencies": [
        6.0785423829220235
    ],
    "percentiles": {
        "10": 6.0785423829220235,
        "25": 6.0785423829220235,
        "50": 6.0785423829220235,
        "75": 6.0785423829220235,
        "90": 6.0785423829220235,
        "99": 6.0785423829220235
    },
    "avg_prefill_latency": 5.2704997062683105,
    "avg_decode_latency": 0.7615861892700195,
    "avg_decode_per_iter_latency": 0.02456729642806515,
    "prefill_latencies": [
        5.2704997062683105,
        5.2704997062683105,
        5.2704997062683105,
        5.2704997062683105,
        5.2704997062683105,
        5.2704997062683105,
        5.2704997062683105,
        5.2704997062683105,
        5.2704997062683105,
        5.2704997062683105,
        5.2704997062683105,
        5.2704997062683105,
        5.2704997062683105,
        5.2704997062683105,
        5.2704997062683105,
        5.2704997062683105,
        5.2704997062683105,
        5.2704997062683105,
        5.2704997062683105,
        5.2704997062683105,
        5.2704997062683105,
        5.2704997062683105,
        5.2704997062683105,
        5.2704997062683105,
        5.2704997062683105,
        5.2704997062683105,
        5.2704997062683105,
        5.2704997062683105,
        5.2704997062683105,
        5.2704997062683105,
        5.2704997062683105,
        5.2704997062683105,
        5.2704997062683105,
        5.2704997062683105,
        5.2704997062683105,
        5.2704997062683105,
        5.2704997062683105,
        5.2704997062683105,
        5.2704997062683105,
        5.2704997062683105,
        5.2704997062683105,
        5.2704997062683105,
        5.2704997062683105,
        5.2704997062683105,
        5.2704997062683105,
        5.2704997062683105,
        5.2704997062683105,
        5.2704997062683105,
        5.2704997062683105,
        5.2704997062683105,
        5.2704997062683105,
        5.2704997062683105,
        5.2704997062683105,
        5.2704997062683105,
        5.2704997062683105,
        5.2704997062683105,
        5.2704997062683105,
        5.2704997062683105,
        5.2704997062683105,
        5.2704997062683105,
        5.2704997062683105,
        5.2704997062683105,
        5.2704997062683105,
        5.2704997062683105,
        5.2704997062683105,
        5.2704997062683105,
        5.2704997062683105,
        5.2704997062683105,
        5.2704997062683105,
        5.2704997062683105,
        5.2704997062683105,
        5.2704997062683105,
        5.2704997062683105,
        5.2704997062683105,
        5.2704997062683105,
        5.2704997062683105,
        5.2704997062683105,
        5.2704997062683105,
        5.2704997062683105,
        5.2704997062683105,
        5.2704997062683105,
        5.2704997062683105,
        5.2704997062683105,
        5.2704997062683105,
        5.2704997062683105,
        5.2704997062683105,
        5.2704997062683105,
        5.2704997062683105,
        5.2704997062683105,
        5.2704997062683105,
        5.2704997062683105,
        5.2704997062683105,
        5.2704997062683105,
        5.2704997062683105,
        5.2704997062683105,
        5.2704997062683105,
        5.2704997062683105,
        5.2704997062683105,
        5.2704997062683105,
        5.2704997062683105,
        5.2704997062683105,
        5.2704997062683105,
        5.2704997062683105,
        5.2704997062683105,
        5.2704997062683105,
        5.2704997062683105,
        5.2704997062683105,
        5.2704997062683105,
        5.2704997062683105,
        5.2704997062683105,
        5.2704997062683105,
        5.2704997062683105,
        5.2704997062683105,
        5.2704997062683105,
        5.2704997062683105,
        5.2704997062683105,
        5.2704997062683105,
        5.2704997062683105,
        5.2704997062683105,
        5.2704997062683105,
        5.2704997062683105,
        5.2704997062683105,
        5.2704997062683105,
        5.2704997062683105,
        5.2704997062683105,
        5.2704997062683105,
        5.2704997062683105,
        5.2704997062683105
    ],
    "decode_latencies": [
        0.7615861892700195,
        0.7615861892700195,
        0.7615861892700195,
        0.7615861892700195,
        0.7615861892700195,
        0.7615861892700195,
        0.7615861892700195,
        0.7615861892700195,
        0.7615861892700195,
        0.7615861892700195,
        0.7615861892700195,
        0.7615861892700195,
        0.7615861892700195,
        0.7615861892700195,
        0.7615861892700195,
        0.7615861892700195,
        0.7615861892700195,
        0.7615861892700195,
        0.7615861892700195,
        0.7615861892700195,
        0.7615861892700195,
        0.7615861892700195,
        0.7615861892700195,
        0.7615861892700195,
        0.7615861892700195,
        0.7615861892700195,
        0.7615861892700195,
        0.7615861892700195,
        0.7615861892700195,
        0.7615861892700195,
        0.7615861892700195,
        0.7615861892700195,
        0.7615861892700195,
        0.7615861892700195,
        0.7615861892700195,
        0.7615861892700195,
        0.7615861892700195,
        0.7615861892700195,
        0.7615861892700195,
        0.7615861892700195,
        0.7615861892700195,
        0.7615861892700195,
        0.7615861892700195,
        0.7615861892700195,
        0.7615861892700195,
        0.7615861892700195,
        0.7615861892700195,
        0.7615861892700195,
        0.7615861892700195,
        0.7615861892700195,
        0.7615861892700195,
        0.7615861892700195,
        0.7615861892700195,
        0.7615861892700195,
        0.7615861892700195,
        0.7615861892700195,
        0.7615861892700195,
        0.7615861892700195,
        0.7615861892700195,
        0.7615861892700195,
        0.7615861892700195,
        0.7615861892700195,
        0.7615861892700195,
        0.7615861892700195,
        0.7615861892700195,
        0.7615861892700195,
        0.7615861892700195,
        0.7615861892700195,
        0.7615861892700195,
        0.7615861892700195,
        0.7615861892700195,
        0.7615861892700195,
        0.7615861892700195,
        0.7615861892700195,
        0.7615861892700195,
        0.7615861892700195,
        0.7615861892700195,
        0.7615861892700195,
        0.7615861892700195,
        0.7615861892700195,
        0.7615861892700195,
        0.7615861892700195,
        0.7615861892700195,
        0.7615861892700195,
        0.7615861892700195,
        0.7615861892700195,
        0.7615861892700195,
        0.7615861892700195,
        0.7615861892700195,
        0.7615861892700195,
        0.7615861892700195,
        0.7615861892700195,
        0.7615861892700195,
        0.7615861892700195,
        0.7615861892700195,
        0.7615861892700195,
        0.7615861892700195,
        0.7615861892700195,
        0.7615861892700195,
        0.7615861892700195,
        0.7615861892700195,
        0.7615861892700195,
        0.7615861892700195,
        0.7615861892700195,
        0.7615861892700195,
        0.7615861892700195,
        0.7615861892700195,
        0.7615861892700195,
        0.7615861892700195,
        0.7615861892700195,
        0.7615861892700195,
        0.7615861892700195,
        0.7615861892700195,
        0.7615861892700195,
        0.7615861892700195,
        0.7615861892700195,
        0.7615861892700195,
        0.7615861892700195,
        0.7615861892700195,
        0.7615861892700195,
        0.7615861892700195,
        0.7615861892700195,
        0.7615861892700195,
        0.7615861892700195,
        0.7615861892700195,
        0.7615861892700195,
        0.7615861892700195,
        0.7615861892700195
    ],