{
    "avg_latency": 3.57114766119048,
    "latencies": [
        3.57114766119048
    ],
    "percentiles": {
        "10": 3.57114766119048,
        "25": 3.57114766119048,
        "50": 3.57114766119048,
        "75": 3.57114766119048,
        "90": 3.57114766119048,
        "99": 3.57114766119048
    },
    "avg_prefill_latency": 2.459707498550415,
    "avg_decode_latency": 1.072657823562622,
    "avg_decode_per_iter_latency": 0.03460186527621362,
    "prefill_latencies": [
        2.459707498550415,
        2.459707498550415,
        2.459707498550415,
        2.459707498550415,
        2.459707498550415,
        2.459707498550415,
        2.459707498550415,
        2.459707498550415,
        2.459707498550415,
        2.459707498550415,
        2.459707498550415,
        2.459707498550415,
        2.459707498550415,
        2.459707498550415,
        2.459707498550415,
        2.459707498550415,
        2.459707498550415,
        2.459707498550415,
        2.459707498550415,
        2.459707498550415,
        2.459707498550415,
        2.459707498550415,
        2.459707498550415,
        2.459707498550415,
        2.459707498550415,
        2.459707498550415,
        2.459707498550415,
        2.459707498550415,
        2.459707498550415,
        2.459707498550415,
        2.459707498550415,
        2.459707498550415,
        2.459707498550415,
        2.459707498550415,
        2.459707498550415,
        2.459707498550415,
        2.459707498550415,
        2.459707498550415,
        2.459707498550415,
        2.459707498550415,
        2.459707498550415,
        2.459707498550415,
        2.459707498550415,
        2.459707498550415,
        2.459707498550415,
        2.459707498550415,
        2.459707498550415,
        2.459707498550415,
        2.459707498550415,
        2.459707498550415,
        2.459707498550415,
        2.459707498550415,
        2.459707498550415,
        2.459707498550415,
        2.459707498550415,
        2.459707498550415,
        2.459707498550415,
        2.459707498550415,
        2.459707498550415,
        2.459707498550415,
        2.459707498550415,
        2.459707498550415,
        2.459707498550415,
        2.459707498550415
    ],
    "decode_latencies": [
        1.072657823562622,
        1.072657823562622,
        1.072657823562622,
        1.072657823562622,
        1.072657823562622,
        1.072657823562622,
        1.072657823562622,
        1.072657823562622,
        1.072657823562622,
        1.072657823562622,
        1.072657823562622,
        1.072657823562622,
        1.072657823562622,
        1.072657823562622,
        1.072657823562622,
        1.072657823562622,
        1.072657823562622,
        1.072657823562622,
        1.072657823562622,
        1.072657823562622,
        1.072657823562622,
        1.072657823562622,
        1.072657823562622,
        1.072657823562622,
        1.072657823562622,
        1.072657823562622,
        1.072657823562622,
        1.072657823562622,
        1.072657823562622,
        1.072657823562622,
        1.072657823562622,
        1.072657823562622,
        1.072657823562622,
        1.072657823562622,
        1.072657823562622,
        1.072657823562622,
        1.072657823562622,
        1.072657823562622,
        1.072657823562622,
        1.072657823562622,
        1.072657823562622,
        1.072657823562622,
        1.072657823562622,
        1.072657823562622,
        1.072657823562622,
        1.072657823562622,
        1.072657823562622,
        1.072657823562622,
        1.072657823562622,
        1.072657823562622,
        1.072657823562622,
        1.072657823562622,
        1.072657823562622,
        1.072657823562622,
        1.072657823562622,
        1.072657823562622,
        1.072657823562622,
        1.072657823562622,
        1.072657823562622,
        1.072657823562622,
        1.072657823562622,
        1.072657823562622,
        1.072657823562622,
        1.072657823562622
    ],
    "decode_per_iter_latencies": [
        0.03460186527621362,
        0.03460186527621362,
        0.03460186527621362,
        0.03460186527621362,
        0.03460186527621362,
        0.03460186527621362,
        0.03460186527621362,
        0.03460186527621362,
        0.03460186527621362,
        0.03460186527621362,
        0.03460186527621362,
        0.03460186527621362,
        0.03460186527621362,
        0.03460186527621362,
        0.03460186527621362,
        0.03460186527621362,
        0.03460186527621362,
        0.03460186527621362,
        0.03460186527621362,
        0.03460186527621362,
        0.03460186527621362,
        0.03460186527621362,
        0.03460186527621362,
        0.03460186527621362,
        0.03460186527621362,
        0.03460186527621362,
        0.03460186527621362,
        0.03460186527621362,
        0.03460186527621362,
        0.03460186527621362,
        0.03460186527621362,
        0.03460186527621362,
        0.03460186527621362,
        0.03460186527621362,
        0.03460186527621362,
        0.03460186527621362,
        0.03460186527621362,
        0.03460186527621362,
        0.03460186527621362,
        0.03460186527621362,
        0.03460186527621362,
        0.03460186527621362,
        0.03460186527621362,
        0.03460186527621362,
        0.03460186527621362,
        0.03460186527621362,
        0.03460186527621362,
        0.03460186527621362,
        0.03460186527621362,
        0.03460186527621362,
        0.03460186527621362,
        0.03460186527621362,
        0.03460186527621362,
        0.03460186527621362,
        0.03460186527621362,
        0.03460186527621362,
        0.03460186527621362,
        0.03460186527621362,
        0.03460186527621362,
        0.03460186527621362,
        0.03460186527621362,
        0.03460186527621362,
        0.03460186527621362,
        0.03460186527621362
    ]
}