{
    "avg_latency": 2.106018058024347,
    "latencies": [
        2.106018058024347
    ],
    "percentiles": {
        "10": 2.106018058024347,
        "25": 2.106018058024347,
        "50": 2.106018058024347,
        "75": 2.106018058024347,
        "90": 2.106018058024347,
        "99": 2.106018058024347
    },
    "avg_prefill_latency": 0.6332681179046631,
    "avg_decode_latency": 1.4211206436157227,
    "avg_decode_per_iter_latency": 0.045842601406958804,
    "prefill_latencies": [
        0.6332681179046631,
        0.6332681179046631,
        0.6332681179046631,
        0.6332681179046631,
        0.6332681179046631,
        0.6332681179046631,
        0.6332681179046631,
        0.6332681179046631,
        0.6332681179046631,
        0.6332681179046631,
        0.6332681179046631,
        0.6332681179046631,
        0.6332681179046631,
        0.6332681179046631,
        0.6332681179046631,
        0.6332681179046631,
        0.6332681179046631,
        0.6332681179046631,
        0.6332681179046631,
        0.6332681179046631,
        0.6332681179046631,
        0.6332681179046631,
        0.6332681179046631,
        0.6332681179046631,
        0.6332681179046631,
        0.6332681179046631,
        0.6332681179046631,
        0.6332681179046631,
        0.6332681179046631,
        0.6332681179046631,
        0.6332681179046631,
        0.6332681179046631,
        0.6332681179046631,
        0.6332681179046631,
        0.6332681179046631,
        0.6332681179046631,
        0.6332681179046631,
        0.6332681179046631,
        0.6332681179046631,
        0.6332681179046631,
        0.6332681179046631,
        0.6332681179046631,
        0.6332681179046631,
        0.6332681179046631,
        0.6332681179046631,
        0.6332681179046631,
        0.6332681179046631,
        0.6332681179046631,
        0.6332681179046631,
        0.6332681179046631,
        0.6332681179046631,
        0.6332681179046631,
        0.6332681179046631,
        0.6332681179046631,
        0.6332681179046631,
        0.6332681179046631,
        0.6332681179046631,
        0.6332681179046631,
        0.6332681179046631,
        0.6332681179046631,
        0.6332681179046631,
        0.6332681179046631,
        0.6332681179046631,
        0.6332681179046631,
        0.6332681179046631,
        0.6332681179046631,
        0.6332681179046631,
        0.6332681179046631,
        0.6332681179046631,
        0.6332681179046631,
        0.6332681179046631,
        0.6332681179046631,
        0.6332681179046631,
        0.6332681179046631,
        0.6332681179046631,
        0.6332681179046631,
        0.6332681179046631,
        0.6332681179046631,
        0.6332681179046631,
        0.6332681179046631,
        0.6332681179046631,
        0.6332681179046631,
        0.6332681179046631,
        0.6332681179046631,
        0.6332681179046631,
        0.6332681179046631,
        0.6332681179046631,
        0.6332681179046631,
        0.6332681179046631,
        0.6332681179046631,
        0.6332681179046631,
        0.6332681179046631,
        0.6332681179046631,
        0.6332681179046631,
        0.6332681179046631,
        0.6332681179046631,
        0.6332681179046631,
        0.6332681179046631,
        0.6332681179046631,
        0.6332681179046631,
        0.6332681179046631,
        0.6332681179046631,
        0.6332681179046631,
        0.6332681179046631,
        0.6332681179046631,
        0.6332681179046631,
        0.6332681179046631,
        0.6332681179046631,
        0.6332681179046631,
        0.6332681179046631,
        0.6332681179046631,
        0.6332681179046631,
        0.6332681179046631,
        0.6332681179046631,
        0.6332681179046631,
        0.6332681179046631,
        0.6332681179046631,
        0.6332681179046631,
        0.6332681179046631,
        0.6332681179046631,
        0.6332681179046631,
        0.6332681179046631,
        0.6332681179046631,
        0.6332681179046631,
        0.6332681179046631,
        0.6332681179046631,
        0.6332681179046631,
        0.6332681179046631
    ],
    "decode_latencies": [
        1.4211206436157227,
        1.4211206436157227,
        1.4211206436157227,
        1.4211206436157227,
        1.4211206436157227,
        1.4211206436157227,
        1.4211206436157227,
        1.4211206436157227,
        1.4211206436157227,
        1.4211206436157227,
        1.4211206436157227,
        1.4211206436157227,
        1.4211206436157227,
        1.4211206436157227,
        1.4211206436157227,
        1.4211206436157227,
        1.4211206436157227,
        1.4211206436157227,
        1.4211206436157227,
        1.4211206436157227,
        1.4211206436157227,
        1.4211206436157227,
        1.4211206436157227,
        1.4211206436157227,
        1.4211206436157227,
        1.4211206436157227,
        1.4211206436157227,
        1.4211206436157227,
        1.4211206436157227,
        1.4211206436157227,
        1.4211206436157227,
        1.4211206436157227,
        1.4211206436157227,
        1.4211206436157227,
        1.4211206436157227,
        1.4211206436157227,
        1.4211206436157227,
        1.4211206436157227,
        1.4211206436157227,
        1.4211206436157227,
        1.4211206436157227,
        1.4211206436157227,
        1.4211206436157227,
        1.4211206436157227,
        1.4211206436157227,
        1.4211206436157227,
        1.4211206436157227,
        1.4211206436157227,
        1.4211206436157227,
        1.4211206436157227,
        1.4211206436157227,
        1.4211206436157227,
        1.4211206436157227,
        1.4211206436157227,
        1.4211206436157227,
        1.4211206436157227,
        1.4211206436157227,
        1.4211206436157227,
        1.4211206436157227,
        1.4211206436157227,
        1.4211206436157227,
        1.4211206436157227,
        1.4211206436157227,
        1.4211206436157227,
        1.4211206436157227,
        1.4211206436157227,
        1.4211206436157227,
        1.4211206436157227,
        1.4211206436157227,
        1.4211206436157227,
        1.4211206436157227,
        1.4211206436157227,
        1.4211206436157227,
        1.4211206436157227,
        1.4211206436157227,
        1.4211206436157227,
        1.4211206436157227,
        1.4211206436157227,
        1.4211206436157227,
        1.4211206436157227,
        1.4211206436157227,
        1.4211206436157227,
        1.4211206436157227,
        1.4211206436157227,
        1.4211206436157227,
        1.4211206436157227,
        1.4211206436157227,
        1.4211206436157227,
        1.4211206436157227,
        1.4211206436157227,
        1.4211206436157227,
        1.4211206436157227,
        1.4211206436157227,
        1.4211206436157227,
        1.4211206436157227,
        1.4211206436157227,
        1.4211206436157227,
        1.4211206436157227,
        1.4211206436157227,
        1.4211206436157227,
        1.4211206436157227,
        1.4211206436157227,
        1.4211206436157227,
        1.4211206436157227,
        1.4211206436157227,
        1.4211206436157227,
        1.4211206436157227,
        1.4211206436157227,
        1.4211206436157227,
        1.4211206436157227,
        1.4211206436157227,
        1.4211206436157227,
        1.4211206436157227,
        1.4211206436157227,
        1.4211206436157227,
        1.4211206436157227,
        1.4211206436157227,
        1.4211206436157227,
        1.4211206436157227,
        1.4211206436157227,
        1.4211206436157227,
        1.4211206436157227,
        1.4211206436157227,
        1.4211206436157227,
        1.4211206436157227,
        1.4211206436157227,
        1.4211206436157227,
        1.4211206436157227
    ],