{
    "avg_latency": 201.65689087705687,
    "latencies": [
        201.65689087705687
    ],
    "percentiles": {
        "10": 201.65689087705687,
        "25": 201.65689087705687,
        "50": 201.65689087705687,
        "75": 201.65689087705687,
        "90": 201.65689087705687,
        "99": 201.65689087705687
    },
    "avg_prefill_latency": 23.353804983198643,
    "avg_decode_latency": 24.73180938512087,
    "avg_decode_per_iter_latency": 0.7978003027458344,
    "prefill_latencies": [
        24.625447273254395,
        24.625447273254395,
        24.625447273254395,
        24.625447273254395,
        24.625447273254395,
        24.625447273254395,
        24.625447273254395,
        24.625447273254395,
        24.625447273254395,
        24.625447273254395,
        24.625447273254395,
        24.625447273254395,
        24.625447273254395,
        24.625447273254395,
        24.625447273254395,
        24.625447273254395,
        24.591904878616333,
        24.591904878616333,
        24.591904878616333,
        24.591904878616333,
        24.591904878616333,
        24.591904878616333,
        24.591904878616333,
        24.591904878616333,
        24.591904878616333,
        24.591904878616333,
        24.591904878616333,
        24.591904878616333,
        24.591904878616333,
        24.591904878616333,
        24.591904878616333,
        24.591904878616333,
        24.561737298965454,
        24.561737298965454,
        24.561737298965454,
        24.561737298965454,
        24.561737298965454,
        24.561737298965454,
        24.561737298965454,
        24.561737298965454,
        24.561737298965454,
        24.561737298965454,
        24.561737298965454,
        24.561737298965454,
        24.561737298965454,
        24.561737298965454,
        24.561737298965454,
        24.561737298965454,
        3.2227611541748047,
        3.2227611541748047,
        24.614250659942627,
        24.614250659942627,
        24.614250659942627,
        24.614250659942627,
        24.614250659942627,
        24.614250659942627,
        24.614250659942627,
        24.614250659942627,
        24.614250659942627,
        24.614250659942627,
        24.614250659942627,
        24.614250659942627,
        24.614250659942627,
        24.614250659942627,
        24.614250659942627,
        24.614250659942627,
        24.606461763381958,
        24.606461763381958,
        24.606461763381958,
        24.606461763381958,
        24.606461763381958,
        24.606461763381958,
        24.606461763381958,
        24.606461763381958,
        24.606461763381958,
        24.606461763381958,
        24.606461763381958,
        24.606461763381958,
        24.606461763381958,
        24.606461763381958,
        24.606461763381958,
        24.606461763381958,
        24.568602800369263,
        24.568602800369263,
        24.568602800369263,
        24.568602800369263,
        24.568602800369263,
        24.568602800369263,
        24.568602800369263,
        24.568602800369263,
        24.568602800369263,
        24.568602800369263,
        24.568602800369263,
        24.568602800369263,
        24.568602800369263,
        24.568602800369263,
        24.568602800369263,
        24.568602800369263,
        3.227581024169922,
        3.227581024169922,
        24.61217164993286,
        24.61217164993286,
        24.61217164993286,
        24.61217164993286,
        24.61217164993286,
        24.61217164993286,
        24.61217164993286,
        24.61217164993286,
        24.61217164993286,
        24.61217164993286,
        24.61217164993286,
        24.61217164993286,
        24.61217164993286,
        24.61217164993286,
        24.61217164993286,
        24.61217164993286,
        18.458094358444214,
        18.458094358444214,
        18.458094358444214,
        18.458094358444214,
        18.458094358444214,
        18.458094358444214,
        18.458094358444214,
        18.458094358444214,
        18.458094358444214,
        18.458094358444214,
        18.458094358444214,
        18.458094358444214
    ],
    "decode_latencies": [
        53.95708870887756,
        53.95708870887756,
        53.95708870887756,
        53.95708870887756,
        53.95708870887756,
        53.95708870887756,
        53.95708870887756,
        53.95708870887756,
        53.95708870887756,
        53.95708870887756,
        53.95708870887756,
        53.95708870887756,
        53.95708870887756,
        53.95708870887756,
        53.95708870887756,
        53.95708870887756,
        29.440568208694458,
        29.440568208694458,
        29.440568208694458,
        29.440568208694458,
        29.440568208694458,
        29.440568208694458,
        29.440568208694458,
        29.440568208694458,
        29.440568208694458,
        29.440568208694458,
        29.440568208694458,
        29.440568208694458,
        29.440568208694458,
        29.440568208694458,
        29.440568208694458,
        29.440568208694458,
        4.953951358795166,
        4.953951358795166,
        4.953951358795166,
        4.953951358795166,
        4.953951358795166,
        4.953951358795166,
        4.953951358795166,
        4.953951358795166,
        4.953951358795166,
        4.953951358795166,
        4.953951358795166,
        4.953951358795166,
        4.953951358795166,
        4.953951358795166,
        4.953951358795166,
        4.953951358795166,
        1.7832567691802979,
        1.7832567691802979,
        53.97033476829529,
        53.97033476829529,
        53.97033476829529,
        53.97033476829529,
        53.97033476829529,
        53.97033476829529,
        53.97033476829529,
        53.97033476829529,
        53.97033476829529,
        53.97033476829529,
        53.97033476829529,
        53.97033476829529,
        53.97033476829529,
        53.97033476829529,
        53.97033476829529,
        53.97033476829529,
        29.44410514831543,
        29.44410514831543,
        29.44410514831543,
        29.44410514831543,
        29.44410514831543,
        29.44410514831543,
        29.44410514831543,
        29.44410514831543,
        29.44410514831543,
        29.44410514831543,
        29.44410514831543,
        29.44410514831543,
        29.44410514831543,
        29.44410514831543,
        29.44410514831543,
        29.44410514831543,
        4.952305793762207,
        4.952305793762207,
        4.952305793762207,
        4.952305793762207,
        4.952305793762207,
        4.952305793762207,
        4.952305793762207,
        4.952305793762207,
        4.952305793762207,
        4.952305793762207,
        4.952305793762207,
        4.952305793762207,
        4.952305793762207,
        4.952305793762207,
        4.952305793762207,
        4.952305793762207,
        1.779297113418579,
        1.779297113418579,
        19.704313278198242,
        19.704313278198242,
        19.704313278198242,
        19.704313278198242,
        19.704313278198242,
        19.704313278198242,
        19.704313278198242,
        19.704313278198242,
        19.704313278198242,
        19.704313278198242,
        19.704313278198242,
        19.704313278198242,
        19.704313278198242,
        19.704313278198242,
        19.704313278198242,
        19.704313278198242,
        1.3153181076049805,
        1.3153181076049805,
        1.3153181076049805,
        1.3153181076049805,
        1.3153181076049805,
        1.3153181076049805,
        1.3153181076049805,
        1.3153181076049805,
        1.3153181076049805,
        1.3153181076049805,
        1.3153181076049805,
        1.3153181076049805
    ],