{
    "avg_latency": 253.68865667283535,
    "latencies": [
        253.68865667283535
    ],
    "percentiles": {
        "10": 253.68865667283535,
        "25": 253.68865667283535,
        "50": 253.68865667283535,
        "75": 253.68865667283535,
        "90": 253.68865667283535,
        "99": 253.68865667283535
    },
    "avg_prefill_latency": 8.344391785562038,
    "avg_decode_latency": 131.86630500853062,
    "avg_decode_per_iter_latency": 4.25375177446873,
    "prefill_latencies": [
        8.819638729095459,
        8.819638729095459,
        8.819638729095459,
        8.819638729095459,
        8.512824058532715,
        8.512824058532715,
        8.512824058532715,
        8.512824058532715,
        8.206526041030884,
        8.206526041030884,
        8.206526041030884,
        8.206526041030884,
        7.8932201862335205,
        7.8932201862335205,
        7.8932201862335205,
        7.8932201862335205,
        7.570972442626953,
        7.570972442626953,
        7.570972442626953,
        7.570972442626953,
        8.982245683670044,
        8.982245683670044,
        8.982245683670044,
        8.982245683670044,
        8.660824298858643,
        8.660824298858643,
        8.660824298858643,
        8.660824298858643,
        8.308246374130249,
        8.308246374130249,
        8.308246374130249,
        8.308246374130249,
        7.9997875690460205,
        7.9997875690460205,
        7.9997875690460205,
        7.9997875690460205,
        7.681253671646118,
        7.681253671646118,
        7.681253671646118,
        7.681253671646118,
        9.088416814804077,
        9.088416814804077,
        9.088416814804077,
        9.088416814804077,
        8.758223295211792,
        8.758223295211792,
        8.758223295211792,
        8.758223295211792,
        8.44836139678955,
        8.44836139678955,
        8.44836139678955,
        8.44836139678955,
        8.129580736160278,
        8.129580736160278,
        8.129580736160278,
        8.129580736160278,
        7.80308198928833,
        7.80308198928833,
        7.80308198928833,
        7.80308198928833,
        9.209065914154053,
        9.209065914154053,
        9.209065914154053,
        9.209065914154053,
        8.893595457077026,
        8.893595457077026,
        8.893595457077026,
        8.893595457077026,
        8.571645498275757,
        8.571645498275757,
        8.571645498275757,
        8.571645498275757,
        8.252100229263306,
        8.252100229263306,
        8.252100229263306,
        8.252100229263306,
        7.926344633102417,
        7.926344633102417,
        7.926344633102417,
        7.926344633102417,
        7.596858263015747,
        7.596858263015747,
        7.596858263015747,
        7.596858263015747,
        9.024887561798096,
        9.024887561798096,
        9.024887561798096,
        9.024887561798096,
        8.705540180206299,
        8.705540180206299,
        8.705540180206299,
        8.705540180206299,
        8.378816604614258,
        8.378816604614258,
        8.378816604614258,
        8.378816604614258,
        8.046559810638428,
        8.046559810638428,
        8.046559810638428,
        8.046559810638428,
        7.737491130828857,
        7.737491130828857,
        7.737491130828857,
        7.737491130828857,
        9.15411639213562,
        9.15411639213562,
        9.15411639213562,
        9.15411639213562,
        8.827532291412354,
        8.827532291412354,
        8.827532291412354,
        8.827532291412354,
        8.496817111968994,
        8.496817111968994,
        8.496817111968994,
        8.496817111968994,
        8.17687439918518,
        8.17687439918518,
        8.17687439918518,
        8.17687439918518,
        7.8478004932403564,
        7.8478004932403564,
        7.8478004932403564,
        7.8478004932403564,
        7.311287879943848,
        7.311287879943848,
        7.311287879943848,
        7.311287879943848
    ],
    "decode_latencies": [
        243.88194632530212,
        243.88194632530212,
        243.88194632530212,
        243.88194632530212,
        236.9502034187317,
        236.9502034187317,
        236.9502034187317,
        236.9502034187317,
        230.01709604263306,
        230.01709604263306,
        230.01709604263306,
        230.01709604263306,
        223.08015847206116,
        223.08015847206116,
        223.08015847206116,
        223.08015847206116,
        216.14195370674133,
        216.14195370674133,
        216.14195370674133,
        216.14195370674133,
        207.46743512153625,
        207.46743512153625,
        207.46743512153625,
        207.46743512153625,
        200.5298364162445,
        200.5298364162445,
        200.5298364162445,
        200.5298364162445,
        193.62464666366577,
        193.62464666366577,
        193.62464666366577,
        193.62464666366577,
        186.67534971237183,
        186.67534971237183,
        186.67534971237183,
        186.67534971237183,
        179.73319959640503,
        179.73319959640503,
        179.73319959640503,
        179.73319959640503,
        171.06394338607788,
        171.06394338607788,
        171.06394338607788,
        171.06394338607788,
        164.14149641990662,
        164.14149641990662,
        164.14149641990662,
        164.14149641990662,
        157.18998456001282,
        157.18998456001282,
        157.18998456001282,
        157.18998456001282,
        150.24718976020813,
        150.24718976020813,
        150.24718976020813,
        150.24718976020813,
        143.3115439414978,
        143.3115439414978,
        143.3115439414978,
        143.3115439414978,
        134.6474118232727,
        134.6474118232727,
        134.6474118232727,
        134.6474118232727,
        127.69955229759216,
        127.69955229759216,
        127.69955229759216,
        127.69955229759216,
        120.76088905334473,
        120.76088905334473,
        120.76088905334473,
        120.76088905334473,
        113.82375192642212,
        113.82375192642212,
        113.82375192642212,
        113.82375192642212,
        106.88725161552429,
        106.88725161552429,
        106.88725161552429,
        106.88725161552429,
        99.95490789413452,
        99.95490789413452,
        99.95490789413452,
        99.95490789413452,
        91.26509976387024,
        91.26509976387024,
        91.26509976387024,
        91.26509976387024,
        84.32279133796692,
        84.32279133796692,
        84.32279133796692,
        84.32279133796692,
        77.38456702232361,
        77.38456702232361,
        77.38456702232361,
        77.38456702232361,
        70.45166158676147,
        70.45166158676147,
        70.45166158676147,
        70.45166158676147,
        63.496737480163574,
        63.496737480163574,
        63.496737480163574,
        63.496737480163574,
        54.81124711036682,
        54.81124711036682,
        54.81124711036682,
        54.81124711036682,
        47.86797022819519,
        47.86797022819519,
        47.86797022819519,
        47.86797022819519,
        40.932167291641235,
        40.932167291641235,
        40.932167291641235,
        40.932167291641235,
        33.98532509803772,
        33.98532509803772,
        33.98532509803772,
        33.98532509803772,
        27.051482915878296,
        27.051482915878296,
        27.051482915878296,
        27.051482915878296,
        20.322962284088135,
        20.322962284088135,
        20.322962284088135,
        20.322962284088135
    ],