{
    "avg_latency": 2.104956439230591,
    "latencies": [
        2.104956439230591
    ],
    "percentiles": {
        "10": 2.104956439230591,
        "25": 2.104956439230591,
        "50": 2.104956439230591,
        "75": 2.104956439230591,
        "90": 2.104956439230591,
        "99": 2.104956439230591
    },
    "avg_prefill_latency": 0.9088962078094482,
    "avg_decode_latency": 1.1897432804107666,
    "avg_decode_per_iter_latency": 0.0383788154971215,
    "prefill_latencies": [
        0.9088962078094482
    ],
    "decode_latencies": [
        1.1897432804107666
    ],
    "decode_per_iter_latencies": [
        0.0383788154971215
    ]
}