{
    "avg_latency": 0.4139077328145504,
    "latencies": [
        0.4139077328145504
    ],
    "percentiles": {
        "10": 0.4139077328145504,
        "25": 0.4139077328145504,
        "50": 0.4139077328145504,
        "75": 0.4139077328145504,
        "90": 0.4139077328145504,
        "99": 0.4139077328145504
    },
    "avg_prefill_latency": 0.06333279609680176,
    "avg_decode_latency": 0.34043431282043457,
    "avg_decode_per_iter_latency": 0.010981752026465631,
    "prefill_latencies": [
        0.06333279609680176
    ],
    "decode_latencies": [
        0.34043431282043457
    ],
    "decode_per_iter_latencies": [
        0.010981752026465631
    ]
}