{
    "avg_latency": 0.4044802710413933,
    "latencies": [
        0.4044802710413933
    ],
    "percentiles": {
        "10": 0.4044802710413933,
        "25": 0.4044802710413933,
        "50": 0.4044802710413933,
        "75": 0.4044802710413933,
        "90": 0.4044802710413933,
        "99": 0.4044802710413933
    },
    "avg_prefill_latency": 0.06355810165405273,
    "avg_decode_latency": 0.33122944831848145,
    "avg_decode_per_iter_latency": 0.010684820913499402,
    "prefill_latencies": [
        0.06355810165405273
    ],
    "decode_latencies": [
        0.33122944831848145
    ],
    "decode_per_iter_latencies": [
        0.010684820913499402
    ]
}