{
    "avg_latency": 2.108135704882443,
    "latencies": [
        2.108135704882443
    ],
    "percentiles": {
        "10": 2.108135704882443,
        "25": 2.108135704882443,
        "50": 2.108135704882443,
        "75": 2.108135704882443,
        "90": 2.108135704882443,
        "99": 2.108135704882443
    },
    "avg_prefill_latency": 1.2562909126281738,
    "avg_decode_latency": 0.8249983787536621,
    "avg_decode_per_iter_latency": 0.026612850927537488,
    "prefill_latencies": [
        1.2562909126281738,
        1.2562909126281738,
        1.2562909126281738,
        1.2562909126281738,
        1.2562909126281738,
        1.2562909126281738,
        1.2562909126281738,
        1.2562909126281738
    ],
    "decode_latencies": [
        0.8249983787536621,
        0.8249983787536621,
        0.8249983787536621,
        0.8249983787536621,
        0.8249983787536621,
        0.8249983787536621,
        0.8249983787536621,
        0.8249983787536621
    ],
    "decode_per_iter_latencies": [
        0.026612850927537488,
        0.026612850927537488,
        0.026612850927537488,
        0.026612850927537488,
        0.026612850927537488,
        0.026612850927537488,
        0.026612850927537488,
        0.026612850927537488
    ]
}