{
    "avg_latency": 32.45979159325361,
    "latencies": [
        32.45979159325361
    ],
    "percentiles": {
        "10": 32.45979159325361,
        "25": 32.45979159325361,
        "50": 32.45979159325361,
        "75": 32.45979159325361,
        "90": 32.45979159325361,
        "99": 32.45979159325361
    },
    "avg_prefill_latency": 8.368603587150574,
    "avg_decode_latency": 13.059884369373322,
    "avg_decode_per_iter_latency": 0.4212865925604297,
    "prefill_latencies": [
        9.050004243850708,
        9.050004243850708,
        9.050004243850708,
        9.050004243850708,
        8.71535038948059,
        8.71535038948059,
        8.71535038948059,
        8.71535038948059,
        8.394389867782593,
        8.394389867782593,
        8.394389867782593,
        8.394389867782593,
        7.314669847488403,
        7.314669847488403,
        7.314669847488403,
        7.314669847488403
    ],
    "decode_latencies": [
        23.29613184928894,
        23.29613184928894,
        23.29613184928894,
        23.29613184928894,
        16.348981142044067,
        16.348981142044067,
        16.348981142044067,
        16.348981142044067,
        9.397061824798584,
        9.397061824798584,
        9.397061824798584,
        9.397061824798584,
        3.1973626613616943,
        3.1973626613616943,
        3.1973626613616943,
        3.1973626613616943
    ],
    "decode_per_iter_latencies": [
        0.751488124170611,
        0.751488124170611,
        0.751488124170611,
        0.751488124170611,
        0.5273864884530345,
        0.5273864884530345,
        0.5273864884530345,
        0.5273864884530345,
        0.30313102660640595,
        0.30313102660640595,
        0.30313102660640595,
        0.30313102660640595,
        0.10314073101166756,
        0.10314073101166756,
        0.10314073101166756,
        0.10314073101166756
    ]
}