{
    "avg_latency": 0.9248238210566342,
    "latencies": [
        0.9248238210566342
    ],
    "percentiles": {
        "10": 0.9248238210566342,
        "25": 0.9248238210566342,
        "50": 0.9248238210566342,
        "75": 0.9248238210566342,
        "90": 0.9248238210566342,
        "99": 0.9248238210566342
    },
    "avg_prefill_latency": 0.09610247611999512,
    "avg_decode_latency": 0.8031067848205566,
    "avg_decode_per_iter_latency": 0.025906670478082473,
    "prefill_latencies": [
        0.09610247611999512,
        0.09610247611999512,
        0.09610247611999512,
        0.09610247611999512,
        0.09610247611999512,
        0.09610247611999512,
        0.09610247611999512,
        0.09610247611999512
    ],
    "decode_latencies": [
        0.8031067848205566,
        0.8031067848205566,
        0.8031067848205566,
        0.8031067848205566,
        0.8031067848205566,
        0.8031067848205566,
        0.8031067848205566,
        0.8031067848205566
    ],
    "decode_per_iter_latencies": [
        0.025906670478082473,
        0.025906670478082473,
        0.025906670478082473,
        0.025906670478082473,
        0.025906670478082473,
        0.025906670478082473,
        0.025906670478082473,
        0.025906670478082473
    ]
}