{
    "avg_latency": 0.9357154620811343,
    "latencies": [
        0.9357154620811343
    ],
    "percentiles": {
        "10": 0.9357154620811343,
        "25": 0.9357154620811343,
        "50": 0.9357154620811343,
        "75": 0.9357154620811343,
        "90": 0.9357154620811343,
        "99": 0.9357154620811343
    },
    "avg_prefill_latency": 0.09757041931152344,
    "avg_decode_latency": 0.8119187355041504,
    "avg_decode_per_iter_latency": 0.026190926951746785,
    "prefill_latencies": [
        0.09757041931152344,
        0.09757041931152344,
        0.09757041931152344,
        0.09757041931152344,
        0.09757041931152344,
        0.09757041931152344,
        0.09757041931152344,
        0.09757041931152344,
        0.09757041931152344,
        0.09757041931152344,
        0.09757041931152344,
        0.09757041931152344,
        0.09757041931152344,
        0.09757041931152344,
        0.09757041931152344,
        0.09757041931152344
    ],
    "decode_latencies": [
        0.8119187355041504,
        0.8119187355041504,
        0.8119187355041504,
        0.8119187355041504,
        0.8119187355041504,
        0.8119187355041504,
        0.8119187355041504,
        0.8119187355041504,
        0.8119187355041504,
        0.8119187355041504,
        0.8119187355041504,
        0.8119187355041504,
        0.8119187355041504,
        0.8119187355041504,
        0.8119187355041504,
        0.8119187355041504
    ],
    "decode_per_iter_latencies": [
        0.026190926951746785,
        0.026190926951746785,
        0.026190926951746785,
        0.026190926951746785,
        0.026190926951746785,
        0.026190926951746785,
        0.026190926951746785,
        0.026190926951746785,
        0.026190926951746785,
        0.026190926951746785,
        0.026190926951746785,
        0.026190926951746785,
        0.026190926951746785,
        0.026190926951746785,
        0.026190926951746785,
        0.026190926951746785
    ]
}