{
    "avg_latency": 1.4520645271986723,
    "latencies": [
        1.4520645271986723
    ],
    "percentiles": {
        "10": 1.4520645271986723,
        "25": 1.4520645271986723,
        "50": 1.4520645271986723,
        "75": 1.4520645271986723,
        "90": 1.4520645271986723,
        "99": 1.4520645271986723
    },
    "avg_prefill_latency": 0.6165499687194824,
    "avg_decode_latency": 0.809070348739624,
    "avg_decode_per_iter_latency": 0.02609904350772981,
    "prefill_latencies": [
        0.6165499687194824,
        0.6165499687194824,
        0.6165499687194824,
        0.6165499687194824,
        0.6165499687194824,
        0.6165499687194824,
        0.6165499687194824,
        0.6165499687194824
    ],
    "decode_latencies": [
        0.809070348739624,
        0.809070348739624,
        0.809070348739624,
        0.809070348739624,
        0.809070348739624,
        0.809070348739624,
        0.809070348739624,
        0.809070348739624
    ],
    "decode_per_iter_latencies": [
        0.02609904350772981,
        0.02609904350772981,
        0.02609904350772981,
        0.02609904350772981,
        0.02609904350772981,
        0.02609904350772981,
        0.02609904350772981,
        0.02609904350772981
    ]
}