{
    "avg_latency": 3.5474686939269304,
    "latencies": [
        3.5474686939269304
    ],
    "percentiles": {
        "10": 3.5474686939269304,
        "25": 3.5474686939269304,
        "50": 3.5474686939269304,
        "75": 3.5474686939269304,
        "90": 3.5474686939269304,
        "99": 3.5474686939269304
    },
    "avg_prefill_latency": 2.6842572689056396,
    "avg_decode_latency": 0.8352994918823242,
    "avg_decode_per_iter_latency": 0.026945144899429813,
    "prefill_latencies": [
        2.6842572689056396,
        2.6842572689056396,
        2.6842572689056396,
        2.6842572689056396,
        2.6842572689056396,
        2.6842572689056396,
        2.6842572689056396,
        2.6842572689056396
    ],
    "decode_latencies": [
        0.8352994918823242,
        0.8352994918823242,
        0.8352994918823242,
        0.8352994918823242,
        0.8352994918823242,
        0.8352994918823242,
        0.8352994918823242,
        0.8352994918823242
    ],
    "decode_per_iter_latencies": [
        0.026945144899429813,
        0.026945144899429813,
        0.026945144899429813,
        0.026945144899429813,
        0.026945144899429813,
        0.026945144899429813,
        0.026945144899429813,
        0.026945144899429813
    ]
}