{
    "avg_latency": 0.5625293869525194,
    "latencies": [
        0.5625293869525194
    ],
    "percentiles": {
        "10": 0.5625293869525194,
        "25": 0.5625293869525194,
        "50": 0.5625293869525194,
        "75": 0.5625293869525194,
        "90": 0.5625293869525194,
        "99": 0.5625293869525194
    },
    "avg_prefill_latency": 0.20784831047058105,
    "avg_decode_latency": 0.34418725967407227,
    "avg_decode_per_iter_latency": 0.011102814828195879,
    "prefill_latencies": [
        0.20784831047058105
    ],
    "decode_latencies": [
        0.34418725967407227
    ],
    "decode_per_iter_latencies": [
        0.011102814828195879
    ]
}