{
    "avg_latency": 12.073801170103252,
    "latencies": [
        12.073801170103252
    ],
    "percentiles": {
        "10": 12.073801170103252,
        "25": 12.073801170103252,
        "50": 12.073801170103252,
        "75": 12.073801170103252,
        "90": 12.073801170103252,
        "99": 12.073801170103252
    },
    "avg_prefill_latency": 11.100661516189575,
    "avg_decode_latency": 0.9366981983184814,
    "avg_decode_per_iter_latency": 0.030216070913499402,
    "prefill_latencies": [
        11.100661516189575,
        11.100661516189575,
        11.100661516189575,
        11.100661516189575,
        11.100661516189575,
        11.100661516189575,
        11.100661516189575,
        11.100661516189575,
        11.100661516189575,
        11.100661516189575,
        11.100661516189575,
        11.100661516189575,
        11.100661516189575,
        11.100661516189575,
        11.100661516189575,
        11.100661516189575
    ],
    "decode_latencies": [
        0.9366981983184814,
        0.9366981983184814,
        0.9366981983184814,
        0.9366981983184814,
        0.9366981983184814,
        0.9366981983184814,
        0.9366981983184814,
        0.9366981983184814,
        0.9366981983184814,
        0.9366981983184814,
        0.9366981983184814,
        0.9366981983184814,
        0.9366981983184814,
        0.9366981983184814,
        0.9366981983184814,
        0.9366981983184814
    ],
    "decode_per_iter_latencies": [
        0.030216070913499402,
        0.030216070913499402,
        0.030216070913499402,
        0.030216070913499402,
        0.030216070913499402,
        0.030216070913499402,
        0.030216070913499402,
        0.030216070913499402,
        0.030216070913499402,
        0.030216070913499402,
        0.030216070913499402,
        0.030216070913499402,
        0.030216070913499402,
        0.030216070913499402,
        0.030216070913499402,
        0.030216070913499402
    ]
}