{
    "avg_latency": 3.2414083052426577,
    "latencies": [
        3.2414083052426577
    ],
    "percentiles": {
        "10": 3.2414083052426577,
        "25": 3.2414083052426577,
        "50": 3.2414083052426577,
        "75": 3.2414083052426577,
        "90": 3.2414083052426577,
        "99": 3.2414083052426577
    },
    "avg_prefill_latency": 2.667574167251587,
    "avg_decode_latency": 0.5468368530273438,
    "avg_decode_per_iter_latency": 0.017639898484753027,
    "prefill_latencies": [
        2.667574167251587,
        2.667574167251587,
        2.667574167251587,
        2.667574167251587,
        2.667574167251587,
        2.667574167251587,
        2.667574167251587,
        2.667574167251587,
        2.667574167251587,
        2.667574167251587,
        2.667574167251587,
        2.667574167251587,
        2.667574167251587,
        2.667574167251587,
        2.667574167251587,
        2.667574167251587,
        2.667574167251587,
        2.667574167251587,
        2.667574167251587,
        2.667574167251587,
        2.667574167251587,
        2.667574167251587,
        2.667574167251587,
        2.667574167251587,
        2.667574167251587,
        2.667574167251587,
        2.667574167251587,
        2.667574167251587,
        2.667574167251587,
        2.667574167251587,
        2.667574167251587,
        2.667574167251587,
        2.667574167251587,
        2.667574167251587,
        2.667574167251587,
        2.667574167251587,
        2.667574167251587,
        2.667574167251587,
        2.667574167251587,
        2.667574167251587,
        2.667574167251587,
        2.667574167251587,
        2.667574167251587,
        2.667574167251587,
        2.667574167251587,
        2.667574167251587,
        2.667574167251587,
        2.667574167251587,
        2.667574167251587,
        2.667574167251587,
        2.667574167251587,
        2.667574167251587,
        2.667574167251587,
        2.667574167251587,
        2.667574167251587,
        2.667574167251587,
        2.667574167251587,
        2.667574167251587,
        2.667574167251587,
        2.667574167251587,
        2.667574167251587,
        2.667574167251587,
        2.667574167251587,
        2.667574167251587
    ],
    "decode_latencies": [
        0.5468368530273438,
        0.5468368530273438,
        0.5468368530273438,
        0.5468368530273438,
        0.5468368530273438,
        0.5468368530273438,
        0.5468368530273438,
        0.5468368530273438,
        0.5468368530273438,
        0.5468368530273438,
        0.5468368530273438,
        0.5468368530273438,
        0.5468368530273438,
        0.5468368530273438,
        0.5468368530273438,
        0.5468368530273438,
        0.5468368530273438,
        0.5468368530273438,
        0.5468368530273438,
        0.5468368530273438,
        0.5468368530273438,
        0.5468368530273438,
        0.5468368530273438,
        0.5468368530273438,
        0.5468368530273438,
        0.5468368530273438,
        0.5468368530273438,
        0.5468368530273438,
        0.5468368530273438,
        0.5468368530273438,
        0.5468368530273438,
        0.5468368530273438,
        0.5468368530273438,
        0.5468368530273438,
        0.5468368530273438,
        0.5468368530273438,
        0.5468368530273438,
        0.5468368530273438,
        0.5468368530273438,
        0.5468368530273438,
        0.5468368530273438,
        0.5468368530273438,
        0.5468368530273438,
        0.5468368530273438,
        0.5468368530273438,
        0.5468368530273438,
        0.5468368530273438,
        0.5468368530273438,
        0.5468368530273438,
        0.5468368530273438,
        0.5468368530273438,
        0.5468368530273438,
        0.5468368530273438,
        0.5468368530273438,
        0.5468368530273438,
        0.5468368530273438,
        0.5468368530273438,
        0.5468368530273438,
        0.5468368530273438,
        0.5468368530273438,
        0.5468368530273438,
        0.5468368530273438,
        0.5468368530273438,
        0.5468368530273438
    ],
    "decode_per_iter_latencies": [
        0.017639898484753024,
        0.017639898484753024,
        0.017639898484753024,
        0.017639898484753024,
        0.017639898484753024,
        0.017639898484753024,
        0.017639898484753024,
        0.017639898484753024,
        0.017639898484753024,
        0.017639898484753024,
        0.017639898484753024,
        0.017639898484753024,
        0.017639898484753024,
        0.017639898484753024,
        0.017639898484753024,
        0.017639898484753024,
        0.017639898484753024,
        0.017639898484753024,
        0.017639898484753024,
        0.017639898484753024,
        0.017639898484753024,
        0.017639898484753024,
        0.017639898484753024,
        0.017639898484753024,
        0.017639898484753024,
        0.017639898484753024,
        0.017639898484753024,
        0.017639898484753024,
        0.017639898484753024,
        0.017639898484753024,
        0.017639898484753024,
        0.017639898484753024,
        0.017639898484753024,
        0.017639898484753024,
        0.017639898484753024,
        0.017639898484753024,
        0.017639898484753024,
        0.017639898484753024,
        0.017639898484753024,
        0.017639898484753024,
        0.017639898484753024,
        0.017639898484753024,
        0.017639898484753024,
        0.017639898484753024,
        0.017639898484753024,
        0.017639898484753024,
        0.017639898484753024,
        0.017639898484753024,
        0.017639898484753024,
        0.017639898484753024,
        0.017639898484753024,
        0.017639898484753024,
        0.017639898484753024,
        0.017639898484753024,
        0.017639898484753024,
        0.017639898484753024,
        0.017639898484753024,
        0.017639898484753024,
        0.017639898484753024,
        0.017639898484753024,
        0.017639898484753024,
        0.017639898484753024,
        0.017639898484753024,
        0.017639898484753024
    ]
}