{
    "avg_latency": 13.951281542889774,
    "latencies": [
        13.951281542889774
    ],
    "percentiles": {
        "10": 13.951281542889774,
        "25": 13.951281542889774,
        "50": 13.951281542889774,
        "75": 13.951281542889774,
        "90": 13.951281542889774,
        "99": 13.951281542889774
    },
    "avg_prefill_latency": 7.202865123748779,
    "avg_decode_latency": 3.547139048576355,
    "avg_decode_per_iter_latency": 0.11442384027665661,
    "prefill_latencies": [
        8.058926105499268,
        8.058926105499268,
        8.058926105499268,
        8.058926105499268,
        8.058926105499268,
        8.058926105499268,
        8.058926105499268,
        8.058926105499268,
        6.346804141998291,
        6.346804141998291,
        6.346804141998291,
        6.346804141998291,
        6.346804141998291,
        6.346804141998291,
        6.346804141998291,
        6.346804141998291
    ],
    "decode_latencies": [
        5.847663164138794,
        5.847663164138794,
        5.847663164138794,
        5.847663164138794,
        5.847663164138794,
        5.847663164138794,
        5.847663164138794,
        5.847663164138794,
        1.246614933013916,
        1.246614933013916,
        1.246614933013916,
        1.246614933013916,
        1.246614933013916,
        1.246614933013916,
        1.246614933013916,
        1.246614933013916
    ],
    "decode_per_iter_latencies": [
        0.18863429561738046,
        0.18863429561738046,
        0.18863429561738046,
        0.18863429561738046,
        0.18863429561738046,
        0.18863429561738046,
        0.18863429561738046,
        0.18863429561738046,
        0.040213384935932774,
        0.040213384935932774,
        0.040213384935932774,
        0.040213384935932774,
        0.040213384935932774,
        0.040213384935932774,
        0.040213384935932774,
        0.040213384935932774
    ]
}