{
    "avg_latency": 21.988393461331725,
    "latencies": [
        21.988393461331725
    ],
    "percentiles": {
        "10": 21.988393461331725,
        "25": 21.988393461331725,
        "50": 21.988393461331725,
        "75": 21.988393461331725,
        "90": 21.988393461331725,
        "99": 21.988393461331725
    },
    "avg_prefill_latency": 20.251584768295288,
    "avg_decode_latency": 1.6605503559112549,
    "avg_decode_per_iter_latency": 0.053566140513266275,
    "prefill_latencies": [
        20.251584768295288,
        20.251584768295288,
        20.251584768295288,
        20.251584768295288,
        20.251584768295288,
        20.251584768295288,
        20.251584768295288,
        20.251584768295288,
        20.251584768295288,
        20.251584768295288,
        20.251584768295288,
        20.251584768295288,
        20.251584768295288,
        20.251584768295288,
        20.251584768295288,
        20.251584768295288,
        20.251584768295288,
        20.251584768295288,
        20.251584768295288,
        20.251584768295288,
        20.251584768295288,
        20.251584768295288,
        20.251584768295288,
        20.251584768295288,
        20.251584768295288,
        20.251584768295288,
        20.251584768295288,
        20.251584768295288,
        20.251584768295288,
        20.251584768295288,
        20.251584768295288,
        20.251584768295288,
        20.251584768295288,
        20.251584768295288,
        20.251584768295288,
        20.251584768295288,
        20.251584768295288,
        20.251584768295288,
        20.251584768295288,
        20.251584768295288,
        20.251584768295288,
        20.251584768295288,
        20.251584768295288,
        20.251584768295288,
        20.251584768295288,
        20.251584768295288,
        20.251584768295288,
        20.251584768295288,
        20.251584768295288,
        20.251584768295288,
        20.251584768295288,
        20.251584768295288,
        20.251584768295288,
        20.251584768295288,
        20.251584768295288,
        20.251584768295288,
        20.251584768295288,
        20.251584768295288,
        20.251584768295288,
        20.251584768295288,
        20.251584768295288,
        20.251584768295288,
        20.251584768295288,
        20.251584768295288,
        20.251584768295288,
        20.251584768295288,
        20.251584768295288,
        20.251584768295288,
        20.251584768295288,
        20.251584768295288,
        20.251584768295288,
        20.251584768295288,
        20.251584768295288,
        20.251584768295288,
        20.251584768295288,
        20.251584768295288,
        20.251584768295288,
        20.251584768295288,
        20.251584768295288,
        20.251584768295288,
        20.251584768295288,
        20.251584768295288,
        20.251584768295288,
        20.251584768295288,
        20.251584768295288,
        20.251584768295288,
        20.251584768295288,
        20.251584768295288,
        20.251584768295288,
        20.251584768295288,
        20.251584768295288,
        20.251584768295288,
        20.251584768295288,
        20.251584768295288,
        20.251584768295288,
        20.251584768295288,
        20.251584768295288,
        20.251584768295288,
        20.251584768295288,
        20.251584768295288,
        20.251584768295288,
        20.251584768295288,
        20.251584768295288,
        20.251584768295288,
        20.251584768295288,
        20.251584768295288,
        20.251584768295288,
        20.251584768295288,
        20.251584768295288,
        20.251584768295288,
        20.251584768295288,
        20.251584768295288,
        20.251584768295288,
        20.251584768295288,
        20.251584768295288,
        20.251584768295288,
        20.251584768295288,
        20.251584768295288,
        20.251584768295288,
        20.251584768295288,
        20.251584768295288,
        20.251584768295288,
        20.251584768295288,
        20.251584768295288,
        20.251584768295288,
        20.251584768295288,
        20.251584768295288,
        20.251584768295288
    ],
    "decode_latencies": [
        1.6605503559112549,
        1.6605503559112549,
        1.6605503559112549,
        1.6605503559112549,
        1.6605503559112549,
        1.6605503559112549,
        1.6605503559112549,
        1.6605503559112549,
        1.6605503559112549,
        1.6605503559112549,
        1.6605503559112549,
        1.6605503559112549,
        1.6605503559112549,
        1.6605503559112549,
        1.6605503559112549,
        1.6605503559112549,
        1.6605503559112549,
        1.6605503559112549,
        1.6605503559112549,
        1.6605503559112549,
        1.6605503559112549,
        1.6605503559112549,
        1.6605503559112549,
        1.6605503559112549,
        1.6605503559112549,
        1.6605503559112549,
        1.6605503559112549,
        1.6605503559112549,
        1.6605503559112549,
        1.6605503559112549,
        1.6605503559112549,
        1.6605503559112549,
        1.6605503559112549,
        1.6605503559112549,
        1.6605503559112549,
        1.6605503559112549,
        1.6605503559112549,
        1.6605503559112549,
        1.6605503559112549,
        1.6605503559112549,
        1.6605503559112549,
        1.6605503559112549,
        1.6605503559112549,
        1.6605503559112549,
        1.6605503559112549,
        1.6605503559112549,
        1.6605503559112549,
        1.6605503559112549,
        1.6605503559112549,
        1.6605503559112549,
        1.6605503559112549,
        1.6605503559112549,
        1.6605503559112549,
        1.6605503559112549,
        1.6605503559112549,
        1.6605503559112549,
        1.6605503559112549,
        1.6605503559112549,
        1.6605503559112549,
        1.6605503559112549,
        1.6605503559112549,
        1.6605503559112549,
        1.6605503559112549,
        1.6605503559112549,
        1.6605503559112549,
        1.6605503559112549,
        1.6605503559112549,
        1.6605503559112549,
        1.6605503559112549,
        1.6605503559112549,
        1.6605503559112549,
        1.6605503559112549,
        1.6605503559112549,
        1.6605503559112549,
        1.6605503559112549,
        1.6605503559112549,
        1.6605503559112549,
        1.6605503559112549,
        1.6605503559112549,
        1.6605503559112549,
        1.6605503559112549,
        1.6605503559112549,
        1.6605503559112549,
        1.6605503559112549,
        1.6605503559112549,
        1.6605503559112549,
        1.6605503559112549,
        1.6605503559112549,
        1.6605503559112549,
        1.6605503559112549,
        1.6605503559112549,
        1.6605503559112549,
        1.6605503559112549,
        1.6605503559112549,
        1.6605503559112549,
        1.6605503559112549,
        1.6605503559112549,
        1.6605503559112549,
        1.6605503559112549,
        1.6605503559112549,
        1.6605503559112549,
        1.6605503559112549,
        1.6605503559112549,
        1.6605503559112549,
        1.6605503559112549,
        1.6605503559112549,
        1.6605503559112549,
        1.6605503559112549,
        1.6605503559112549,
        1.6605503559112549,
        1.6605503559112549,
        1.6605503559112549,
        1.6605503559112549,
        1.6605503559112549,
        1.6605503559112549,
        1.6605503559112549,
        1.6605503559112549,
        1.6605503559112549,
        1.6605503559112549,
        1.6605503559112549,
        1.6605503559112549,
        1.6605503559112549,
        1.6605503559112549,
        1.6605503559112549,
        1.6605503559112549,
        1.6605503559112549,
        1.6605503559112549,
        1.6605503559112549
    ],