{
    "avg_latency": 1.236831234768033,
    "latencies": [
        1.236831234768033
    ],
    "percentiles": {
        "10": 1.236831234768033,
        "25": 1.236831234768033,
        "50": 1.236831234768033,
        "75": 1.236831234768033,
        "90": 1.236831234768033,
        "99": 1.236831234768033
    },
    "avg_prefill_latency": 0.6853470802307129,
    "avg_decode_latency": 0.5300662517547607,
    "avg_decode_per_iter_latency": 0.017098911346927762,
    "prefill_latencies": [
        0.6853470802307129,
        0.6853470802307129,
        0.6853470802307129,
        0.6853470802307129,
        0.6853470802307129,
        0.6853470802307129,
        0.6853470802307129,
        0.6853470802307129,
        0.6853470802307129,
        0.6853470802307129,
        0.6853470802307129,
        0.6853470802307129,
        0.6853470802307129,
        0.6853470802307129,
        0.6853470802307129,
        0.6853470802307129,
        0.6853470802307129,
        0.6853470802307129,
        0.6853470802307129,
        0.6853470802307129,
        0.6853470802307129,
        0.6853470802307129,
        0.6853470802307129,
        0.6853470802307129,
        0.6853470802307129,
        0.6853470802307129,
        0.6853470802307129,
        0.6853470802307129,
        0.6853470802307129,
        0.6853470802307129,
        0.6853470802307129,
        0.6853470802307129,
        0.6853470802307129,
        0.6853470802307129,
        0.6853470802307129,
        0.6853470802307129,
        0.6853470802307129,
        0.6853470802307129,
        0.6853470802307129,
        0.6853470802307129,
        0.6853470802307129,
        0.6853470802307129,
        0.6853470802307129,
        0.6853470802307129,
        0.6853470802307129,
        0.6853470802307129,
        0.6853470802307129,
        0.6853470802307129,
        0.6853470802307129,
        0.6853470802307129,
        0.6853470802307129,
        0.6853470802307129,
        0.6853470802307129,
        0.6853470802307129,
        0.6853470802307129,
        0.6853470802307129,
        0.6853470802307129,
        0.6853470802307129,
        0.6853470802307129,
        0.6853470802307129,
        0.6853470802307129,
        0.6853470802307129,
        0.6853470802307129,
        0.6853470802307129
    ],
    "decode_latencies": [
        0.5300662517547607,
        0.5300662517547607,
        0.5300662517547607,
        0.5300662517547607,
        0.5300662517547607,
        0.5300662517547607,
        0.5300662517547607,
        0.5300662517547607,
        0.5300662517547607,
        0.5300662517547607,
        0.5300662517547607,
        0.5300662517547607,
        0.5300662517547607,
        0.5300662517547607,
        0.5300662517547607,
        0.5300662517547607,
        0.5300662517547607,
        0.5300662517547607,
        0.5300662517547607,
        0.5300662517547607,
        0.5300662517547607,
        0.5300662517547607,
        0.5300662517547607,
        0.5300662517547607,
        0.5300662517547607,
        0.5300662517547607,
        0.5300662517547607,
        0.5300662517547607,
        0.5300662517547607,
        0.5300662517547607,
        0.5300662517547607,
        0.5300662517547607,
        0.5300662517547607,
        0.5300662517547607,
        0.5300662517547607,
        0.5300662517547607,
        0.5300662517547607,
        0.5300662517547607,
        0.5300662517547607,
        0.5300662517547607,
        0.5300662517547607,
        0.5300662517547607,
        0.5300662517547607,
        0.5300662517547607,
        0.5300662517547607,
        0.5300662517547607,
        0.5300662517547607,
        0.5300662517547607,
        0.5300662517547607,
        0.5300662517547607,
        0.5300662517547607,
        0.5300662517547607,
        0.5300662517547607,
        0.5300662517547607,
        0.5300662517547607,
        0.5300662517547607,
        0.5300662517547607,
        0.5300662517547607,
        0.5300662517547607,
        0.5300662517547607,
        0.5300662517547607,
        0.5300662517547607,
        0.5300662517547607,
        0.5300662517547607
    ],
    "decode_per_iter_latencies": [
        0.017098911346927766,
        0.017098911346927766,
        0.017098911346927766,
        0.017098911346927766,
        0.017098911346927766,
        0.017098911346927766,
        0.017098911346927766,
        0.017098911346927766,
        0.017098911346927766,
        0.017098911346927766,
        0.017098911346927766,
        0.017098911346927766,
        0.017098911346927766,
        0.017098911346927766,
        0.017098911346927766,
        0.017098911346927766,
        0.017098911346927766,
        0.017098911346927766,
        0.017098911346927766,
        0.017098911346927766,
        0.017098911346927766,
        0.017098911346927766,
        0.017098911346927766,
        0.017098911346927766,
        0.017098911346927766,
        0.017098911346927766,
        0.017098911346927766,
        0.017098911346927766,
        0.017098911346927766,
        0.017098911346927766,
        0.017098911346927766,
        0.017098911346927766,
        0.017098911346927766,
        0.017098911346927766,
        0.017098911346927766,
        0.017098911346927766,
        0.017098911346927766,
        0.017098911346927766,
        0.017098911346927766,
        0.017098911346927766,
        0.017098911346927766,
        0.017098911346927766,
        0.017098911346927766,
        0.017098911346927766,
        0.017098911346927766,
        0.017098911346927766,
        0.017098911346927766,
        0.017098911346927766,
        0.017098911346927766,
        0.017098911346927766,
        0.017098911346927766,
        0.017098911346927766,
        0.017098911346927766,
        0.017098911346927766,
        0.017098911346927766,
        0.017098911346927766,
        0.017098911346927766,
        0.017098911346927766,
        0.017098911346927766,
        0.017098911346927766,
        0.017098911346927766,
        0.017098911346927766,
        0.017098911346927766,
        0.017098911346927766
    ]
}