{
    "avg_latency": 0.7336711813695729,
    "latencies": [
        0.7336711813695729
    ],
    "percentiles": {
        "10": 0.7336711813695729,
        "25": 0.7336711813695729,
        "50": 0.7336711813695729,
        "75": 0.7336711813695729,
        "90": 0.7336711813695729,
        "99": 0.7336711813695729
    },
    "avg_prefill_latency": 0.18758177757263184,
    "avg_decode_latency": 0.5268571376800537,
    "avg_decode_per_iter_latency": 0.016995391538066253,
    "prefill_latencies": [
        0.18758177757263184,
        0.18758177757263184,
        0.18758177757263184,
        0.18758177757263184,
        0.18758177757263184,
        0.18758177757263184,
        0.18758177757263184,
        0.18758177757263184,
        0.18758177757263184,
        0.18758177757263184,
        0.18758177757263184,
        0.18758177757263184,
        0.18758177757263184,
        0.18758177757263184,
        0.18758177757263184,
        0.18758177757263184,
        0.18758177757263184,
        0.18758177757263184,
        0.18758177757263184,
        0.18758177757263184,
        0.18758177757263184,
        0.18758177757263184,
        0.18758177757263184,
        0.18758177757263184,
        0.18758177757263184,
        0.18758177757263184,
        0.18758177757263184,
        0.18758177757263184,
        0.18758177757263184,
        0.18758177757263184,
        0.18758177757263184,
        0.18758177757263184,
        0.18758177757263184,
        0.18758177757263184,
        0.18758177757263184,
        0.18758177757263184,
        0.18758177757263184,
        0.18758177757263184,
        0.18758177757263184,
        0.18758177757263184,
        0.18758177757263184,
        0.18758177757263184,
        0.18758177757263184,
        0.18758177757263184,
        0.18758177757263184,
        0.18758177757263184,
        0.18758177757263184,
        0.18758177757263184,
        0.18758177757263184,
        0.18758177757263184,
        0.18758177757263184,
        0.18758177757263184,
        0.18758177757263184,
        0.18758177757263184,
        0.18758177757263184,
        0.18758177757263184,
        0.18758177757263184,
        0.18758177757263184,
        0.18758177757263184,
        0.18758177757263184,
        0.18758177757263184,
        0.18758177757263184,
        0.18758177757263184,
        0.18758177757263184
    ],
    "decode_latencies": [
        0.5268571376800537,
        0.5268571376800537,
        0.5268571376800537,
        0.5268571376800537,
        0.5268571376800537,
        0.5268571376800537,
        0.5268571376800537,
        0.5268571376800537,
        0.5268571376800537,
        0.5268571376800537,
        0.5268571376800537,
        0.5268571376800537,
        0.5268571376800537,
        0.5268571376800537,
        0.5268571376800537,
        0.5268571376800537,
        0.5268571376800537,
        0.5268571376800537,
        0.5268571376800537,
        0.5268571376800537,
        0.5268571376800537,
        0.5268571376800537,
        0.5268571376800537,
        0.5268571376800537,
        0.5268571376800537,
        0.5268571376800537,
        0.5268571376800537,
        0.5268571376800537,
        0.5268571376800537,
        0.5268571376800537,
        0.5268571376800537,
        0.5268571376800537,
        0.5268571376800537,
        0.5268571376800537,
        0.5268571376800537,
        0.5268571376800537,
        0.5268571376800537,
        0.5268571376800537,
        0.5268571376800537,
        0.5268571376800537,
        0.5268571376800537,
        0.5268571376800537,
        0.5268571376800537,
        0.5268571376800537,
        0.5268571376800537,
        0.5268571376800537,
        0.5268571376800537,
        0.5268571376800537,
        0.5268571376800537,
        0.5268571376800537,
        0.5268571376800537,
        0.5268571376800537,
        0.5268571376800537,
        0.5268571376800537,
        0.5268571376800537,
        0.5268571376800537,
        0.5268571376800537,
        0.5268571376800537,
        0.5268571376800537,
        0.5268571376800537,
        0.5268571376800537,
        0.5268571376800537,
        0.5268571376800537,
        0.5268571376800537
    ],
    "decode_per_iter_latencies": [
        0.01699539153806625,
        0.01699539153806625,
        0.01699539153806625,
        0.01699539153806625,
        0.01699539153806625,
        0.01699539153806625,
        0.01699539153806625,
        0.01699539153806625,
        0.01699539153806625,
        0.01699539153806625,
        0.01699539153806625,
        0.01699539153806625,
        0.01699539153806625,
        0.01699539153806625,
        0.01699539153806625,
        0.01699539153806625,
        0.01699539153806625,
        0.01699539153806625,
        0.01699539153806625,
        0.01699539153806625,
        0.01699539153806625,
        0.01699539153806625,
        0.01699539153806625,
        0.01699539153806625,
        0.01699539153806625,
        0.01699539153806625,
        0.01699539153806625,
        0.01699539153806625,
        0.01699539153806625,
        0.01699539153806625,
        0.01699539153806625,
        0.01699539153806625,
        0.01699539153806625,
        0.01699539153806625,
        0.01699539153806625,
        0.01699539153806625,
        0.01699539153806625,
        0.01699539153806625,
        0.01699539153806625,
        0.01699539153806625,
        0.01699539153806625,
        0.01699539153806625,
        0.01699539153806625,
        0.01699539153806625,
        0.01699539153806625,
        0.01699539153806625,
        0.01699539153806625,
        0.01699539153806625,
        0.01699539153806625,
        0.01699539153806625,
        0.01699539153806625,
        0.01699539153806625,
        0.01699539153806625,
        0.01699539153806625,
        0.01699539153806625,
        0.01699539153806625,
        0.01699539153806625,
        0.01699539153806625,
        0.01699539153806625,
        0.01699539153806625,
        0.01699539153806625,
        0.01699539153806625,
        0.01699539153806625,
        0.01699539153806625
    ]
}