{
    "avg_latency": 0.754049597773701,
    "latencies": [
        0.754049597773701
    ],
    "percentiles": {
        "10": 0.754049597773701,
        "25": 0.754049597773701,
        "50": 0.754049597773701,
        "75": 0.754049597773701,
        "90": 0.754049597773701,
        "99": 0.754049597773701
    },
    "avg_prefill_latency": 0.3541076183319092,
    "avg_decode_latency": 0.38698458671569824,
    "avg_decode_per_iter_latency": 0.012483373765022523,
    "prefill_latencies": [
        0.3541076183319092,
        0.3541076183319092,
        0.3541076183319092,
        0.3541076183319092,
        0.3541076183319092,
        0.3541076183319092,
        0.3541076183319092,
        0.3541076183319092,
        0.3541076183319092,
        0.3541076183319092,
        0.3541076183319092,
        0.3541076183319092,
        0.3541076183319092,
        0.3541076183319092,
        0.3541076183319092,
        0.3541076183319092
    ],
    "decode_latencies": [
        0.38698458671569824,
        0.38698458671569824,
        0.38698458671569824,
        0.38698458671569824,
        0.38698458671569824,
        0.38698458671569824,
        0.38698458671569824,
        0.38698458671569824,
        0.38698458671569824,
        0.38698458671569824,
        0.38698458671569824,
        0.38698458671569824,
        0.38698458671569824,
        0.38698458671569824,
        0.38698458671569824,
        0.38698458671569824
    ],
    "decode_per_iter_latencies": [
        0.012483373765022523,
        0.012483373765022523,
        0.012483373765022523,
        0.012483373765022523,
        0.012483373765022523,
        0.012483373765022523,
        0.012483373765022523,
        0.012483373765022523,
        0.012483373765022523,
        0.012483373765022523,
        0.012483373765022523,
        0.012483373765022523,
        0.012483373765022523,
        0.012483373765022523,
        0.012483373765022523,
        0.012483373765022523
    ]
}