{
    "avg_latency": 1.0150665580295026,
    "latencies": [
        1.0150665580295026
    ],
    "percentiles": {
        "10": 1.0150665580295026,
        "25": 1.0150665580295026,
        "50": 1.0150665580295026,
        "75": 1.0150665580295026,
        "90": 1.0150665580295026,
        "99": 1.0150665580295026
    },
    "avg_prefill_latency": 0.1708543300628662,
    "avg_decode_latency": 0.8177492618560791,
    "avg_decode_per_iter_latency": 0.026379008446970293,
    "prefill_latencies": [
        0.1708543300628662,
        0.1708543300628662,
        0.1708543300628662,
        0.1708543300628662,
        0.1708543300628662,
        0.1708543300628662,
        0.1708543300628662,
        0.1708543300628662,
        0.1708543300628662,
        0.1708543300628662,
        0.1708543300628662,
        0.1708543300628662,
        0.1708543300628662,
        0.1708543300628662,
        0.1708543300628662,
        0.1708543300628662
    ],
    "decode_latencies": [
        0.8177492618560791,
        0.8177492618560791,
        0.8177492618560791,
        0.8177492618560791,
        0.8177492618560791,
        0.8177492618560791,
        0.8177492618560791,
        0.8177492618560791,
        0.8177492618560791,
        0.8177492618560791,
        0.8177492618560791,
        0.8177492618560791,
        0.8177492618560791,
        0.8177492618560791,
        0.8177492618560791,
        0.8177492618560791
    ],
    "decode_per_iter_latencies": [
        0.026379008446970293,
        0.026379008446970293,
        0.026379008446970293,
        0.026379008446970293,
        0.026379008446970293,
        0.026379008446970293,
        0.026379008446970293,
        0.026379008446970293,
        0.026379008446970293,
        0.026379008446970293,
        0.026379008446970293,
        0.026379008446970293,
        0.026379008446970293,
        0.026379008446970293,
        0.026379008446970293,
        0.026379008446970293
    ]
}