{
    "avg_latency": 1.5241458173841238,
    "latencies": [
        1.5241458173841238
    ],
    "percentiles": {
        "10": 1.5241458173841238,
        "25": 1.5241458173841238,
        "50": 1.5241458173841238,
        "75": 1.5241458173841238,
        "90": 1.5241458173841238,
        "99": 1.5241458173841238
    },
    "avg_prefill_latency": 0.6157782077789307,
    "avg_decode_latency": 0.8782474994659424,
    "avg_decode_per_iter_latency": 0.028330564498901367,
    "prefill_latencies": [
        0.6157782077789307,
        0.6157782077789307,
        0.6157782077789307,
        0.6157782077789307,
        0.6157782077789307,
        0.6157782077789307,
        0.6157782077789307,
        0.6157782077789307,
        0.6157782077789307,
        0.6157782077789307,
        0.6157782077789307,
        0.6157782077789307,
        0.6157782077789307,
        0.6157782077789307,
        0.6157782077789307,
        0.6157782077789307,
        0.6157782077789307,
        0.6157782077789307,
        0.6157782077789307,
        0.6157782077789307,
        0.6157782077789307,
        0.6157782077789307,
        0.6157782077789307,
        0.6157782077789307,
        0.6157782077789307,
        0.6157782077789307,
        0.6157782077789307,
        0.6157782077789307,
        0.6157782077789307,
        0.6157782077789307,
        0.6157782077789307,
        0.6157782077789307
    ],
    "decode_latencies": [
        0.8782474994659424,
        0.8782474994659424,
        0.8782474994659424,
        0.8782474994659424,
        0.8782474994659424,
        0.8782474994659424,
        0.8782474994659424,
        0.8782474994659424,
        0.8782474994659424,
        0.8782474994659424,
        0.8782474994659424,
        0.8782474994659424,
        0.8782474994659424,
        0.8782474994659424,
        0.8782474994659424,
        0.8782474994659424,
        0.8782474994659424,
        0.8782474994659424,
        0.8782474994659424,
        0.8782474994659424,
        0.8782474994659424,
        0.8782474994659424,
        0.8782474994659424,
        0.8782474994659424,
        0.8782474994659424,
        0.8782474994659424,
        0.8782474994659424,
        0.8782474994659424,
        0.8782474994659424,
        0.8782474994659424,
        0.8782474994659424,
        0.8782474994659424
    ],
    "decode_per_iter_latencies": [
        0.028330564498901367,
        0.028330564498901367,
        0.028330564498901367,
        0.028330564498901367,
        0.028330564498901367,
        0.028330564498901367,
        0.028330564498901367,
        0.028330564498901367,
        0.028330564498901367,
        0.028330564498901367,
        0.028330564498901367,
        0.028330564498901367,
        0.028330564498901367,
        0.028330564498901367,
        0.028330564498901367,
        0.028330564498901367,
        0.028330564498901367,
        0.028330564498901367,
        0.028330564498901367,
        0.028330564498901367,
        0.028330564498901367,
        0.028330564498901367,
        0.028330564498901367,
        0.028330564498901367,
        0.028330564498901367,
        0.028330564498901367,
        0.028330564498901367,
        0.028330564498901367,
        0.028330564498901367,
        0.028330564498901367,
        0.028330564498901367,
        0.028330564498901367
    ]
}