{
    "avg_latency": 0.7387949689291418,
    "latencies": [
        0.7387949689291418
    ],
    "percentiles": {
        "10": 0.7387949689291418,
        "25": 0.7387949689291418,
        "50": 0.7387949689291418,
        "75": 0.7387949689291418,
        "90": 0.7387949689291418,
        "99": 0.7387949689291418
    },
    "avg_prefill_latency": 0.36560869216918945,
    "avg_decode_latency": 0.3612813949584961,
    "avg_decode_per_iter_latency": 0.011654238547048262,
    "prefill_latencies": [
        0.36560869216918945,
        0.36560869216918945,
        0.36560869216918945,
        0.36560869216918945,
        0.36560869216918945,
        0.36560869216918945,
        0.36560869216918945,
        0.36560869216918945
    ],
    "decode_latencies": [
        0.3612813949584961,
        0.3612813949584961,
        0.3612813949584961,
        0.3612813949584961,
        0.3612813949584961,
        0.3612813949584961,
        0.3612813949584961,
        0.3612813949584961
    ],
    "decode_per_iter_latencies": [
        0.011654238547048262,
        0.011654238547048262,
        0.011654238547048262,
        0.011654238547048262,
        0.011654238547048262,
        0.011654238547048262,
        0.011654238547048262,
        0.011654238547048262
    ]
}