{
    "avg_latency": 25.72233284963295,
    "latencies": [
        25.72233284963295
    ],
    "percentiles": {
        "10": 25.72233284963295,
        "25": 25.72233284963295,
        "50": 25.72233284963295,
        "75": 25.72233284963295,
        "90": 25.72233284963295,
        "99": 25.72233284963295
    },
    "avg_prefill_latency": 24.575109004974365,
    "avg_decode_latency": 1.1209442615509033,
    "avg_decode_per_iter_latency": 0.036159492308093656,
    "prefill_latencies": [
        24.575109004974365,
        24.575109004974365,
        24.575109004974365,
        24.575109004974365,
        24.575109004974365,
        24.575109004974365,
        24.575109004974365,
        24.575109004974365,
        24.575109004974365,
        24.575109004974365,
        24.575109004974365,
        24.575109004974365,
        24.575109004974365,
        24.575109004974365,
        24.575109004974365,
        24.575109004974365
    ],
    "decode_latencies": [
        1.1209442615509033,
        1.1209442615509033,
        1.1209442615509033,
        1.1209442615509033,
        1.1209442615509033,
        1.1209442615509033,
        1.1209442615509033,
        1.1209442615509033,
        1.1209442615509033,
        1.1209442615509033,
        1.1209442615509033,
        1.1209442615509033,
        1.1209442615509033,
        1.1209442615509033,
        1.1209442615509033,
        1.1209442615509033
    ],
    "decode_per_iter_latencies": [
        0.036159492308093656,
        0.036159492308093656,
        0.036159492308093656,
        0.036159492308093656,
        0.036159492308093656,
        0.036159492308093656,
        0.036159492308093656,
        0.036159492308093656,
        0.036159492308093656,
        0.036159492308093656,
        0.036159492308093656,
        0.036159492308093656,
        0.036159492308093656,
        0.036159492308093656,
        0.036159492308093656,
        0.036159492308093656
    ]
}