{
    "avg_latency": 2.109020779840648,
    "latencies": [
        2.109020779840648
    ],
    "percentiles": {
        "10": 2.109020779840648,
        "25": 2.109020779840648,
        "50": 2.109020779840648,
        "75": 2.109020779840648,
        "90": 2.109020779840648,
        "99": 2.109020779840648
    },
    "avg_prefill_latency": 1.3366456031799316,
    "avg_decode_latency": 0.7397205829620361,
    "avg_decode_per_iter_latency": 0.023861954289097934,
    "prefill_latencies": [
        1.3366456031799316,
        1.3366456031799316,
        1.3366456031799316,
        1.3366456031799316,
        1.3366456031799316,
        1.3366456031799316,
        1.3366456031799316,
        1.3366456031799316,
        1.3366456031799316,
        1.3366456031799316,
        1.3366456031799316,
        1.3366456031799316,
        1.3366456031799316,
        1.3366456031799316,
        1.3366456031799316,
        1.3366456031799316,
        1.3366456031799316,
        1.3366456031799316,
        1.3366456031799316,
        1.3366456031799316,
        1.3366456031799316,
        1.3366456031799316,
        1.3366456031799316,
        1.3366456031799316,
        1.3366456031799316,
        1.3366456031799316,
        1.3366456031799316,
        1.3366456031799316,
        1.3366456031799316,
        1.3366456031799316,
        1.3366456031799316,
        1.3366456031799316,
        1.3366456031799316,
        1.3366456031799316,
        1.3366456031799316,
        1.3366456031799316,
        1.3366456031799316,
        1.3366456031799316,
        1.3366456031799316,
        1.3366456031799316,
        1.3366456031799316,
        1.3366456031799316,
        1.3366456031799316,
        1.3366456031799316,
        1.3366456031799316,
        1.3366456031799316,
        1.3366456031799316,
        1.3366456031799316,
        1.3366456031799316,
        1.3366456031799316,
        1.3366456031799316,
        1.3366456031799316,
        1.3366456031799316,
        1.3366456031799316,
        1.3366456031799316,
        1.3366456031799316,
        1.3366456031799316,
        1.3366456031799316,
        1.3366456031799316,
        1.3366456031799316,
        1.3366456031799316,
        1.3366456031799316,
        1.3366456031799316,
        1.3366456031799316,
        1.3366456031799316,
        1.3366456031799316,
        1.3366456031799316,
        1.3366456031799316,
        1.3366456031799316,
        1.3366456031799316,
        1.3366456031799316,
        1.3366456031799316,
        1.3366456031799316,
        1.3366456031799316,
        1.3366456031799316,
        1.3366456031799316,
        1.3366456031799316,
        1.3366456031799316,
        1.3366456031799316,
        1.3366456031799316,
        1.3366456031799316,
        1.3366456031799316,
        1.3366456031799316,
        1.3366456031799316,
        1.3366456031799316,
        1.3366456031799316,
        1.3366456031799316,
        1.3366456031799316,
        1.3366456031799316,
        1.3366456031799316,
        1.3366456031799316,
        1.3366456031799316,
        1.3366456031799316,
        1.3366456031799316,
        1.3366456031799316,
        1.3366456031799316,
        1.3366456031799316,
        1.3366456031799316,
        1.3366456031799316,
        1.3366456031799316,
        1.3366456031799316,
        1.3366456031799316,
        1.3366456031799316,
        1.3366456031799316,
        1.3366456031799316,
        1.3366456031799316,
        1.3366456031799316,
        1.3366456031799316,
        1.3366456031799316,
        1.3366456031799316,
        1.3366456031799316,
        1.3366456031799316,
        1.3366456031799316,
        1.3366456031799316,
        1.3366456031799316,
        1.3366456031799316,
        1.3366456031799316,
        1.3366456031799316,
        1.3366456031799316,
        1.3366456031799316,
        1.3366456031799316,
        1.3366456031799316,
        1.3366456031799316,
        1.3366456031799316,
        1.3366456031799316,
        1.3366456031799316,
        1.3366456031799316,
        1.3366456031799316
    ],
    "decode_latencies": [
        0.7397205829620361,
        0.7397205829620361,
        0.7397205829620361,
        0.7397205829620361,
        0.7397205829620361,
        0.7397205829620361,
        0.7397205829620361,
        0.7397205829620361,
        0.7397205829620361,
        0.7397205829620361,
        0.7397205829620361,
        0.7397205829620361,
        0.7397205829620361,
        0.7397205829620361,
        0.7397205829620361,
        0.7397205829620361,
        0.7397205829620361,
        0.7397205829620361,
        0.7397205829620361,
        0.7397205829620361,
        0.7397205829620361,
        0.7397205829620361,
        0.7397205829620361,
        0.7397205829620361,
        0.7397205829620361,
        0.7397205829620361,
        0.7397205829620361,
        0.7397205829620361,
        0.7397205829620361,
        0.7397205829620361,
        0.7397205829620361,
        0.7397205829620361,
        0.7397205829620361,
        0.7397205829620361,
        0.7397205829620361,
        0.7397205829620361,
        0.7397205829620361,
        0.7397205829620361,
        0.7397205829620361,
        0.7397205829620361,
        0.7397205829620361,
        0.7397205829620361,
        0.7397205829620361,
        0.7397205829620361,
        0.7397205829620361,
        0.7397205829620361,
        0.7397205829620361,
        0.7397205829620361,
        0.7397205829620361,
        0.7397205829620361,
        0.7397205829620361,
        0.7397205829620361,
        0.7397205829620361,
        0.7397205829620361,
        0.7397205829620361,
        0.7397205829620361,
        0.7397205829620361,
        0.7397205829620361,
        0.7397205829620361,
        0.7397205829620361,
        0.7397205829620361,
        0.7397205829620361,
        0.7397205829620361,
        0.7397205829620361,
        0.7397205829620361,
        0.7397205829620361,
        0.7397205829620361,
        0.7397205829620361,
        0.7397205829620361,
        0.7397205829620361,
        0.7397205829620361,
        0.7397205829620361,
        0.7397205829620361,
        0.7397205829620361,
        0.7397205829620361,
        0.7397205829620361,
        0.7397205829620361,
        0.7397205829620361,
        0.7397205829620361,
        0.7397205829620361,
        0.7397205829620361,
        0.7397205829620361,
        0.7397205829620361,
        0.7397205829620361,
        0.7397205829620361,
        0.7397205829620361,
        0.7397205829620361,
        0.7397205829620361,
        0.7397205829620361,
        0.7397205829620361,
        0.7397205829620361,
        0.7397205829620361,
        0.7397205829620361,
        0.7397205829620361,
        0.7397205829620361,
        0.7397205829620361,
        0.7397205829620361,
        0.7397205829620361,
        0.7397205829620361,
        0.7397205829620361,
        0.7397205829620361,
        0.7397205829620361,
        0.7397205829620361,
        0.7397205829620361,
        0.7397205829620361,
        0.7397205829620361,
        0.7397205829620361,
        0.7397205829620361,
        0.7397205829620361,
        0.7397205829620361,
        0.7397205829620361,
        0.7397205829620361,
        0.7397205829620361,
        0.7397205829620361,
        0.7397205829620361,
        0.7397205829620361,
        0.7397205829620361,
        0.7397205829620361,
        0.7397205829620361,
        0.7397205829620361,
        0.7397205829620361,
        0.7397205829620361,
        0.7397205829620361,
        0.7397205829620361,
        0.7397205829620361,
        0.7397205829620361,
        0.7397205829620361,
        0.7397205829620361
    ],