{
    "avg_latency": 16.524343016091734,
    "latencies": [
        16.524343016091734
    ],
    "percentiles": {
        "10": 16.524343016091734,
        "25": 16.524343016091734,
        "50": 16.524343016091734,
        "75": 16.524343016091734,
        "90": 16.524343016091734,
        "99": 16.524343016091734
    },
    "avg_prefill_latency": 7.639534115791321,
    "avg_decode_latency": 5.190941691398621,
    "avg_decode_per_iter_latency": 0.16744973198060067,
    "prefill_latencies": [
        7.965575933456421,
        7.965575933456421,
        7.965575933456421,
        7.965575933456421,
        7.313492298126221,
        7.313492298126221,
        7.313492298126221,
        7.313492298126221
    ],
    "decode_latencies": [
        8.509743452072144,
        8.509743452072144,
        8.509743452072144,
        8.509743452072144,
        1.8721399307250977,
        1.8721399307250977,
        1.8721399307250977,
        1.8721399307250977
    ],
    "decode_per_iter_latencies": [
        0.2745078532926498,
        0.2745078532926498,
        0.2745078532926498,
        0.2745078532926498,
        0.06039161066855154,
        0.06039161066855154,
        0.06039161066855154,
        0.06039161066855154
    ]
}