{
    "avg_latency": 6.515092759858817,
    "latencies": [
        6.515092759858817
    ],
    "percentiles": {
        "10": 6.515092759858817,
        "25": 6.515092759858817,
        "50": 6.515092759858817,
        "75": 6.515092759858817,
        "90": 6.515092759858817,
        "99": 6.515092759858817
    },
    "avg_prefill_latency": 4.989665985107422,
    "avg_decode_latency": 1.4682984352111816,
    "avg_decode_per_iter_latency": 0.0473644656519736,
    "prefill_latencies": [
        4.989665985107422,
        4.989665985107422,
        4.989665985107422,
        4.989665985107422,
        4.989665985107422,
        4.989665985107422,
        4.989665985107422,
        4.989665985107422,
        4.989665985107422,
        4.989665985107422,
        4.989665985107422,
        4.989665985107422,
        4.989665985107422,
        4.989665985107422,
        4.989665985107422,
        4.989665985107422,
        4.989665985107422,
        4.989665985107422,
        4.989665985107422,
        4.989665985107422,
        4.989665985107422,
        4.989665985107422,
        4.989665985107422,
        4.989665985107422,
        4.989665985107422,
        4.989665985107422,
        4.989665985107422,
        4.989665985107422,
        4.989665985107422,
        4.989665985107422,
        4.989665985107422,
        4.989665985107422,
        4.989665985107422,
        4.989665985107422,
        4.989665985107422,
        4.989665985107422,
        4.989665985107422,
        4.989665985107422,
        4.989665985107422,
        4.989665985107422,
        4.989665985107422,
        4.989665985107422,
        4.989665985107422,
        4.989665985107422,
        4.989665985107422,
        4.989665985107422,
        4.989665985107422,
        4.989665985107422,
        4.989665985107422,
        4.989665985107422,
        4.989665985107422,
        4.989665985107422,
        4.989665985107422,
        4.989665985107422,
        4.989665985107422,
        4.989665985107422,
        4.989665985107422,
        4.989665985107422,
        4.989665985107422,
        4.989665985107422,
        4.989665985107422,
        4.989665985107422,
        4.989665985107422,
        4.989665985107422,
        4.989665985107422,
        4.989665985107422,
        4.989665985107422,
        4.989665985107422,
        4.989665985107422,
        4.989665985107422,
        4.989665985107422,
        4.989665985107422,
        4.989665985107422,
        4.989665985107422,
        4.989665985107422,
        4.989665985107422,
        4.989665985107422,
        4.989665985107422,
        4.989665985107422,
        4.989665985107422,
        4.989665985107422,
        4.989665985107422,
        4.989665985107422,
        4.989665985107422,
        4.989665985107422,
        4.989665985107422,
        4.989665985107422,
        4.989665985107422,
        4.989665985107422,
        4.989665985107422,
        4.989665985107422,
        4.989665985107422,
        4.989665985107422,
        4.989665985107422,
        4.989665985107422,
        4.989665985107422,
        4.989665985107422,
        4.989665985107422,
        4.989665985107422,
        4.989665985107422,
        4.989665985107422,
        4.989665985107422,
        4.989665985107422,
        4.989665985107422,
        4.989665985107422,
        4.989665985107422,
        4.989665985107422,
        4.989665985107422,
        4.989665985107422,
        4.989665985107422,
        4.989665985107422,
        4.989665985107422,
        4.989665985107422,
        4.989665985107422,
        4.989665985107422,
        4.989665985107422,
        4.989665985107422,
        4.989665985107422,
        4.989665985107422,
        4.989665985107422,
        4.989665985107422,
        4.989665985107422,
        4.989665985107422,
        4.989665985107422,
        4.989665985107422,
        4.989665985107422,
        4.989665985107422,
        4.989665985107422
    ],
    "decode_latencies": [
        1.4682984352111816,
        1.4682984352111816,
        1.4682984352111816,
        1.4682984352111816,
        1.4682984352111816,
        1.4682984352111816,
        1.4682984352111816,
        1.4682984352111816,
        1.4682984352111816,
        1.4682984352111816,
        1.4682984352111816,
        1.4682984352111816,
        1.4682984352111816,
        1.4682984352111816,
        1.4682984352111816,
        1.4682984352111816,
        1.4682984352111816,
        1.4682984352111816,
        1.4682984352111816,
        1.4682984352111816,
        1.4682984352111816,
        1.4682984352111816,
        1.4682984352111816,
        1.4682984352111816,
        1.4682984352111816,
        1.4682984352111816,
        1.4682984352111816,
        1.4682984352111816,
        1.4682984352111816,
        1.4682984352111816,
        1.4682984352111816,
        1.4682984352111816,
        1.4682984352111816,
        1.4682984352111816,
        1.4682984352111816,
        1.4682984352111816,
        1.4682984352111816,
        1.4682984352111816,
        1.4682984352111816,
        1.4682984352111816,
        1.4682984352111816,
        1.4682984352111816,
        1.4682984352111816,
        1.4682984352111816,
        1.4682984352111816,
        1.4682984352111816,
        1.4682984352111816,
        1.4682984352111816,
        1.4682984352111816,
        1.4682984352111816,
        1.4682984352111816,
        1.4682984352111816,
        1.4682984352111816,
        1.4682984352111816,
        1.4682984352111816,
        1.4682984352111816,
        1.4682984352111816,
        1.4682984352111816,
        1.4682984352111816,
        1.4682984352111816,
        1.4682984352111816,
        1.4682984352111816,
        1.4682984352111816,
        1.4682984352111816,
        1.4682984352111816,
        1.4682984352111816,
        1.4682984352111816,
        1.4682984352111816,
        1.4682984352111816,
        1.4682984352111816,
        1.4682984352111816,
        1.4682984352111816,
        1.4682984352111816,
        1.4682984352111816,
        1.4682984352111816,
        1.4682984352111816,
        1.4682984352111816,
        1.4682984352111816,
        1.4682984352111816,
        1.4682984352111816,
        1.4682984352111816,
        1.4682984352111816,
        1.4682984352111816,
        1.4682984352111816,
        1.4682984352111816,
        1.4682984352111816,
        1.4682984352111816,
        1.4682984352111816,
        1.4682984352111816,
        1.4682984352111816,
        1.4682984352111816,
        1.4682984352111816,
        1.4682984352111816,
        1.4682984352111816,
        1.4682984352111816,
        1.4682984352111816,
        1.4682984352111816,
        1.4682984352111816,
        1.4682984352111816,
        1.4682984352111816,
        1.4682984352111816,
        1.4682984352111816,
        1.4682984352111816,
        1.4682984352111816,
        1.4682984352111816,
        1.4682984352111816,
        1.4682984352111816,
        1.4682984352111816,
        1.4682984352111816,
        1.4682984352111816,
        1.4682984352111816,
        1.4682984352111816,
        1.4682984352111816,
        1.4682984352111816,
        1.4682984352111816,
        1.4682984352111816,
        1.4682984352111816,
        1.4682984352111816,
        1.4682984352111816,
        1.4682984352111816,
        1.4682984352111816,
        1.4682984352111816,
        1.4682984352111816,
        1.4682984352111816,
        1.4682984352111816,
        1.4682984352111816,
        1.4682984352111816,
        1.4682984352111816
    ],