{
    "avg_latency": 4.35062994575128,
    "latencies": [
        4.35062994575128
    ],
    "percentiles": {
        "10": 4.35062994575128,
        "25": 4.35062994575128,
        "50": 4.35062994575128,
        "75": 4.35062994575128,
        "90": 4.35062994575128,
        "99": 4.35062994575128
    },
    "avg_prefill_latency": 3.0374808311462402,
    "avg_decode_latency": 1.2990384101867676,
    "avg_decode_per_iter_latency": 0.04190446484473444,
    "prefill_latencies": [
        3.0374808311462402,
        3.0374808311462402,
        3.0374808311462402,
        3.0374808311462402,
        3.0374808311462402,
        3.0374808311462402,
        3.0374808311462402,
        3.0374808311462402
    ],
    "decode_latencies": [
        1.2990384101867676,
        1.2990384101867676,
        1.2990384101867676,
        1.2990384101867676,
        1.2990384101867676,
        1.2990384101867676,
        1.2990384101867676,
        1.2990384101867676
    ],
    "decode_per_iter_latencies": [
        0.04190446484473444,
        0.04190446484473444,
        0.04190446484473444,
        0.04190446484473444,
        0.04190446484473444,
        0.04190446484473444,
        0.04190446484473444,
        0.04190446484473444
    ]
}