{
    "avg_latency": 51.956444007810205,
    "latencies": [
        51.956444007810205
    ],
    "percentiles": {
        "10": 51.956444007810205,
        "25": 51.956444007810205,
        "50": 51.956444007810205,
        "75": 51.956444007810205,
        "90": 51.956444007810205,
        "99": 51.956444007810205
    },
    "avg_prefill_latency": 7.213047742843628,
    "avg_decode_latency": 22.519653886556625,
    "avg_decode_per_iter_latency": 0.7264404479534396,
    "prefill_latencies": [
        7.967597484588623,
        7.967597484588623,
        7.967597484588623,
        7.967597484588623,
        7.967597484588623,
        7.967597484588623,
        7.967597484588623,
        7.967597484588623,
        7.695240020751953,
        7.695240020751953,
        7.695240020751953,
        7.695240020751953,
        7.695240020751953,
        7.695240020751953,
        7.695240020751953,
        7.695240020751953,
        7.411824941635132,
        7.411824941635132,
        7.411824941635132,
        7.411824941635132,
        7.411824941635132,
        7.411824941635132,
        7.411824941635132,
        7.411824941635132,
        7.124169826507568,
        7.124169826507568,
        7.124169826507568,
        7.124169826507568,
        7.124169826507568,
        7.124169826507568,
        7.124169826507568,
        7.124169826507568,
        6.829254388809204,
        6.829254388809204,
        6.829254388809204,
        6.829254388809204,
        6.829254388809204,
        6.829254388809204,
        6.829254388809204,
        6.829254388809204,
        6.551687002182007,
        6.551687002182007,
        6.551687002182007,
        6.551687002182007,
        6.551687002182007,
        6.551687002182007,
        6.551687002182007,
        6.551687002182007,
        7.78570294380188,
        7.78570294380188,
        7.78570294380188,
        7.78570294380188,
        7.78570294380188,
        7.78570294380188,
        7.78570294380188,
        7.78570294380188,
        6.338905334472656,
        6.338905334472656,
        6.338905334472656,
        6.338905334472656,
        6.338905334472656,
        6.338905334472656,
        6.338905334472656,
        6.338905334472656
    ],
    "decode_latencies": [
        43.82704997062683,
        43.82704997062683,
        43.82704997062683,
        43.82704997062683,
        43.82704997062683,
        43.82704997062683,
        43.82704997062683,
        43.82704997062683,
        37.799649238586426,
        37.799649238586426,
        37.799649238586426,
        37.799649238586426,
        37.799649238586426,
        37.799649238586426,
        37.799649238586426,
        37.799649238586426,
        31.773613452911377,
        31.773613452911377,
        31.773613452911377,
        31.773613452911377,
        31.773613452911377,
        31.773613452911377,
        31.773613452911377,
        31.773613452911377,
        25.75315523147583,
        25.75315523147583,
        25.75315523147583,
        25.75315523147583,
        25.75315523147583,
        25.75315523147583,
        25.75315523147583,
        25.75315523147583,
        19.74539852142334,
        19.74539852142334,
        19.74539852142334,
        19.74539852142334,
        19.74539852142334,
        19.74539852142334,
        19.74539852142334,
        19.74539852142334,
        13.723158359527588,
        13.723158359527588,
        13.723158359527588,
        13.723158359527588,
        13.723158359527588,
        13.723158359527588,
        13.723158359527588,
        13.723158359527588,
        6.192137956619263,
        6.192137956619263,
        6.192137956619263,
        6.192137956619263,
        6.192137956619263,
        6.192137956619263,
        6.192137956619263,
        6.192137956619263,
        1.3430683612823486,
        1.3430683612823486,
        1.3430683612823486,
        1.3430683612823486,
        1.3430683612823486,
        1.3430683612823486,
        1.3430683612823486,
        1.3430683612823486
    ],
    "decode_per_iter_latencies": [
        1.4137758055040914,
        1.4137758055040914,
        1.4137758055040914,
        1.4137758055040914,
        1.4137758055040914,
        1.4137758055040914,
        1.4137758055040914,
        1.4137758055040914,
        1.2193435238253685,
        1.2193435238253685,
        1.2193435238253685,
        1.2193435238253685,
        1.2193435238253685,
        1.2193435238253685,
        1.2193435238253685,
        1.2193435238253685,
        1.0249552726745605,
        1.0249552726745605,
        1.0249552726745605,
        1.0249552726745605,
        1.0249552726745605,
        1.0249552726745605,
        1.0249552726745605,
        1.0249552726745605,
        0.8307469429508332,
        0.8307469429508332,
        0.8307469429508332,
        0.8307469429508332,
        0.8307469429508332,
        0.8307469429508332,
        0.8307469429508332,
        0.8307469429508332,
        0.6369483394007529,
        0.6369483394007529,
        0.6369483394007529,
        0.6369483394007529,
        0.6369483394007529,
        0.6369483394007529,
        0.6369483394007529,
        0.6369483394007529,
        0.44268252772669636,
        0.44268252772669636,
        0.44268252772669636,
        0.44268252772669636,
        0.44268252772669636,
        0.44268252772669636,
        0.44268252772669636,
        0.44268252772669636,
        0.19974638569739558,
        0.19974638569739558,
        0.19974638569739558,
        0.19974638569739558,
        0.19974638569739558,
        0.19974638569739558,
        0.19974638569739558,
        0.19974638569739558,
        0.043324785847817696,
        0.043324785847817696,
        0.043324785847817696,
        0.043324785847817696,
        0.043324785847817696,
        0.043324785847817696,
        0.043324785847817696,
        0.043324785847817696
    ]
}