{
    "avg_latency": 2.0862999549135566,
    "latencies": [
        2.0862999549135566
    ],
    "percentiles": {
        "10": 2.0862999549135566,
        "25": 2.0862999549135566,
        "50": 2.0862999549135566,
        "75": 2.0862999549135566,
        "90": 2.0862999549135566,
        "99": 2.0862999549135566
    },
    "avg_prefill_latency": 1.2330543994903564,
    "avg_decode_latency": 0.8255569934844971,
    "avg_decode_per_iter_latency": 0.026630870757564422,
    "prefill_latencies": [
        1.2330543994903564,
        1.2330543994903564,
        1.2330543994903564,
        1.2330543994903564,
        1.2330543994903564,
        1.2330543994903564,
        1.2330543994903564,
        1.2330543994903564,
        1.2330543994903564,
        1.2330543994903564,
        1.2330543994903564,
        1.2330543994903564,
        1.2330543994903564,
        1.2330543994903564,
        1.2330543994903564,
        1.2330543994903564
    ],
    "decode_latencies": [
        0.8255569934844971,
        0.8255569934844971,
        0.8255569934844971,
        0.8255569934844971,
        0.8255569934844971,
        0.8255569934844971,
        0.8255569934844971,
        0.8255569934844971,
        0.8255569934844971,
        0.8255569934844971,
        0.8255569934844971,
        0.8255569934844971,
        0.8255569934844971,
        0.8255569934844971,
        0.8255569934844971,
        0.8255569934844971
    ],
    "decode_per_iter_latencies": [
        0.026630870757564422,
        0.026630870757564422,
        0.026630870757564422,
        0.026630870757564422,
        0.026630870757564422,
        0.026630870757564422,
        0.026630870757564422,
        0.026630870757564422,
        0.026630870757564422,
        0.026630870757564422,
        0.026630870757564422,
        0.026630870757564422,
        0.026630870757564422,
        0.026630870757564422,
        0.026630870757564422,
        0.026630870757564422
    ]
}