{
    "avg_latency": 24.95528249675408,
    "latencies": [
        24.95528249675408
    ],
    "percentiles": {
        "10": 24.95528249675408,
        "25": 24.95528249675408,
        "50": 24.95528249675408,
        "75": 24.95528249675408,
        "90": 24.95528249675408,
        "99": 24.95528249675408
    },
    "avg_prefill_latency": 6.588661372661591,
    "avg_decode_latency": 9.466091454029083,
    "avg_decode_per_iter_latency": 0.30535778883964776,
    "prefill_latencies": [
        7.069579601287842,
        7.069579601287842,
        7.069579601287842,
        7.069579601287842,
        7.069579601287842,
        7.069579601287842,
        7.069579601287842,
        7.069579601287842,
        7.069579601287842,
        7.069579601287842,
        7.069579601287842,
        7.069579601287842,
        7.069579601287842,
        7.069579601287842,
        7.069579601287842,
        7.069579601287842,
        6.816902160644531,
        6.816902160644531,
        6.816902160644531,
        6.816902160644531,
        6.816902160644531,
        6.816902160644531,
        6.816902160644531,
        6.816902160644531,
        6.816902160644531,
        6.816902160644531,
        6.816902160644531,
        6.816902160644531,
        6.816902160644531,
        6.816902160644531,
        6.816902160644531,
        6.816902160644531,
        6.5499444007873535,
        6.5499444007873535,
        6.5499444007873535,
        6.5499444007873535,
        6.5499444007873535,
        6.5499444007873535,
        6.5499444007873535,
        6.5499444007873535,
        6.5499444007873535,
        6.5499444007873535,
        6.5499444007873535,
        6.5499444007873535,
        6.5499444007873535,
        6.5499444007873535,
        6.5499444007873535,
        6.5499444007873535,
        5.918219327926636,
        5.918219327926636,
        5.918219327926636,
        5.918219327926636,
        5.918219327926636,
        5.918219327926636,
        5.918219327926636,
        5.918219327926636,
        5.918219327926636,
        5.918219327926636,
        5.918219327926636,
        5.918219327926636,
        5.918219327926636,
        5.918219327926636,
        5.918219327926636,
        5.918219327926636
    ],
    "decode_latencies": [
        17.804211854934692,
        17.804211854934692,
        17.804211854934692,
        17.804211854934692,
        17.804211854934692,
        17.804211854934692,
        17.804211854934692,
        17.804211854934692,
        17.804211854934692,
        17.804211854934692,
        17.804211854934692,
        17.804211854934692,
        17.804211854934692,
        17.804211854934692,
        17.804211854934692,
        17.804211854934692,
        12.181559562683105,
        12.181559562683105,
        12.181559562683105,
        12.181559562683105,
        12.181559562683105,
        12.181559562683105,
        12.181559562683105,
        12.181559562683105,
        12.181559562683105,
        12.181559562683105,
        12.181559562683105,
        12.181559562683105,
        12.181559562683105,
        12.181559562683105,
        12.181559562683105,
        12.181559562683105,
        6.564275503158569,
        6.564275503158569,
        6.564275503158569,
        6.564275503158569,
        6.564275503158569,
        6.564275503158569,
        6.564275503158569,
        6.564275503158569,
        6.564275503158569,
        6.564275503158569,
        6.564275503158569,
        6.564275503158569,
        6.564275503158569,
        6.564275503158569,
        6.564275503158569,
        6.564275503158569,
        1.3143188953399658,
        1.3143188953399658,
        1.3143188953399658,
        1.3143188953399658,
        1.3143188953399658,
        1.3143188953399658,
        1.3143188953399658,
        1.3143188953399658,
        1.3143188953399658,
        1.3143188953399658,
        1.3143188953399658,
        1.3143188953399658,
        1.3143188953399658,
        1.3143188953399658,
        1.3143188953399658,
        1.3143188953399658
    ],
    "decode_per_iter_latencies": [
        0.5743294146753126,
        0.5743294146753126,
        0.5743294146753126,
        0.5743294146753126,
        0.5743294146753126,
        0.5743294146753126,
        0.5743294146753126,
        0.5743294146753126,
        0.5743294146753126,
        0.5743294146753126,
        0.5743294146753126,
        0.5743294146753126,
        0.5743294146753126,
        0.5743294146753126,
        0.5743294146753126,
        0.5743294146753126,
        0.39295353428010016,
        0.39295353428010016,
        0.39295353428010016,
        0.39295353428010016,
        0.39295353428010016,
        0.39295353428010016,
        0.39295353428010016,
        0.39295353428010016,
        0.39295353428010016,
        0.39295353428010016,
        0.39295353428010016,
        0.39295353428010016,
        0.39295353428010016,
        0.39295353428010016,
        0.39295353428010016,
        0.39295353428010016,
        0.2117508226825345,
        0.2117508226825345,
        0.2117508226825345,
        0.2117508226825345,
        0.2117508226825345,
        0.2117508226825345,
        0.2117508226825345,
        0.2117508226825345,
        0.2117508226825345,
        0.2117508226825345,
        0.2117508226825345,
        0.2117508226825345,
        0.2117508226825345,
        0.2117508226825345,
        0.2117508226825345,
        0.2117508226825345,
        0.04239738372064406,
        0.04239738372064406,
        0.04239738372064406,
        0.04239738372064406,
        0.04239738372064406,
        0.04239738372064406,
        0.04239738372064406,
        0.04239738372064406,
        0.04239738372064406,
        0.04239738372064406,
        0.04239738372064406,
        0.04239738372064406,
        0.04239738372064406,
        0.04239738372064406,
        0.04239738372064406,
        0.04239738372064406
    ]
}