{
    "avg_latency": 0.6417891820892692,
    "latencies": [
        0.6417891820892692
    ],
    "percentiles": {
        "10": 0.6417891820892692,
        "25": 0.6417891820892692,
        "50": 0.6417891820892692,
        "75": 0.6417891820892692,
        "90": 0.6417891820892692,
        "99": 0.6417891820892692
    },
    "avg_prefill_latency": 0.1850900650024414,
    "avg_decode_latency": 0.44133901596069336,
    "avg_decode_per_iter_latency": 0.014236742450344947,
    "prefill_latencies": [
        0.1850900650024414,
        0.1850900650024414,
        0.1850900650024414,
        0.1850900650024414,
        0.1850900650024414,
        0.1850900650024414,
        0.1850900650024414,
        0.1850900650024414,
        0.1850900650024414,
        0.1850900650024414,
        0.1850900650024414,
        0.1850900650024414,
        0.1850900650024414,
        0.1850900650024414,
        0.1850900650024414,
        0.1850900650024414,
        0.1850900650024414,
        0.1850900650024414,
        0.1850900650024414,
        0.1850900650024414,
        0.1850900650024414,
        0.1850900650024414,
        0.1850900650024414,
        0.1850900650024414,
        0.1850900650024414,
        0.1850900650024414,
        0.1850900650024414,
        0.1850900650024414,
        0.1850900650024414,
        0.1850900650024414,
        0.1850900650024414,
        0.1850900650024414
    ],
    "decode_latencies": [
        0.44133901596069336,
        0.44133901596069336,
        0.44133901596069336,
        0.44133901596069336,
        0.44133901596069336,
        0.44133901596069336,
        0.44133901596069336,
        0.44133901596069336,
        0.44133901596069336,
        0.44133901596069336,
        0.44133901596069336,
        0.44133901596069336,
        0.44133901596069336,
        0.44133901596069336,
        0.44133901596069336,
        0.44133901596069336,
        0.44133901596069336,
        0.44133901596069336,
        0.44133901596069336,
        0.44133901596069336,
        0.44133901596069336,
        0.44133901596069336,
        0.44133901596069336,
        0.44133901596069336,
        0.44133901596069336,
        0.44133901596069336,
        0.44133901596069336,
        0.44133901596069336,
        0.44133901596069336,
        0.44133901596069336,
        0.44133901596069336,
        0.44133901596069336
    ],
    "decode_per_iter_latencies": [
        0.014236742450344947,
        0.014236742450344947,
        0.014236742450344947,
        0.014236742450344947,
        0.014236742450344947,
        0.014236742450344947,
        0.014236742450344947,
        0.014236742450344947,
        0.014236742450344947,
        0.014236742450344947,
        0.014236742450344947,
        0.014236742450344947,
        0.014236742450344947,
        0.014236742450344947,
        0.014236742450344947,
        0.014236742450344947,
        0.014236742450344947,
        0.014236742450344947,
        0.014236742450344947,
        0.014236742450344947,
        0.014236742450344947,
        0.014236742450344947,
        0.014236742450344947,
        0.014236742450344947,
        0.014236742450344947,
        0.014236742450344947,
        0.014236742450344947,
        0.014236742450344947,
        0.014236742450344947,
        0.014236742450344947,
        0.014236742450344947,
        0.014236742450344947
    ]
}