{
    "avg_latency": 1.1564504760317504,
    "latencies": [
        1.1564504760317504
    ],
    "percentiles": {
        "10": 1.1564504760317504,
        "25": 1.1564504760317504,
        "50": 1.1564504760317504,
        "75": 1.1564504760317504,
        "90": 1.1564504760317504,
        "99": 1.1564504760317504
    },
    "avg_prefill_latency": 0.3290822505950928,
    "avg_decode_latency": 0.802058219909668,
    "avg_decode_per_iter_latency": 0.025872845803537676,
    "prefill_latencies": [
        0.3290822505950928
    ],
    "decode_latencies": [
        0.802058219909668
    ],
    "decode_per_iter_latencies": [
        0.025872845803537676
    ]
}