{
    "avg_latency": 1.144609906245023,
    "latencies": [
        1.144609906245023
    ],
    "percentiles": {
        "10": 1.144609906245023,
        "25": 1.144609906245023,
        "50": 1.144609906245023,
        "75": 1.144609906245023,
        "90": 1.144609906245023,
        "99": 1.144609906245023
    },
    "avg_prefill_latency": 0.3133835792541504,
    "avg_decode_latency": 0.8052704334259033,
    "avg_decode_per_iter_latency": 0.025976465594383977,
    "prefill_latencies": [
        0.3133835792541504,
        0.3133835792541504,
        0.3133835792541504,
        0.3133835792541504,
        0.3133835792541504,
        0.3133835792541504,
        0.3133835792541504,
        0.3133835792541504
    ],
    "decode_latencies": [
        0.8052704334259033,
        0.8052704334259033,
        0.8052704334259033,
        0.8052704334259033,
        0.8052704334259033,
        0.8052704334259033,
        0.8052704334259033,
        0.8052704334259033
    ],
    "decode_per_iter_latencies": [
        0.025976465594383977,
        0.025976465594383977,
        0.025976465594383977,
        0.025976465594383977,
        0.025976465594383977,
        0.025976465594383977,
        0.025976465594383977,
        0.025976465594383977
    ]
}