{
    "avg_latency": 6.5541737587191164,
    "latencies": [
        6.5541737587191164
    ],
    "percentiles": {
        "10": 6.5541737587191164,
        "25": 6.5541737587191164,
        "50": 6.5541737587191164,
        "75": 6.5541737587191164,
        "90": 6.5541737587191164,
        "99": 6.5541737587191164
    },
    "avg_prefill_latency": 5.66338324546814,
    "avg_decode_latency": 0.860335111618042,
    "avg_decode_per_iter_latency": 0.02775274553606587,
    "prefill_latencies": [
        5.66338324546814,
        5.66338324546814,
        5.66338324546814,
        5.66338324546814,
        5.66338324546814,
        5.66338324546814,
        5.66338324546814,
        5.66338324546814
    ],
    "decode_latencies": [
        0.860335111618042,
        0.860335111618042,
        0.860335111618042,
        0.860335111618042,
        0.860335111618042,
        0.860335111618042,
        0.860335111618042,
        0.860335111618042
    ],
    "decode_per_iter_latencies": [
        0.02775274553606587,
        0.02775274553606587,
        0.02775274553606587,
        0.02775274553606587,
        0.02775274553606587,
        0.02775274553606587,
        0.02775274553606587,
        0.02775274553606587
    ]
}