{
    "avg_latency": 92.43480694107711,
    "latencies": [
        92.43480694107711
    ],
    "percentiles": {
        "10": 92.43480694107711,
        "25": 92.43480694107711,
        "50": 92.43480694107711,
        "75": 92.43480694107711,
        "90": 92.43480694107711,
        "99": 92.43480694107711
    },
    "avg_prefill_latency": 21.066188372671604,
    "avg_decode_latency": 20.708042465150356,
    "avg_decode_per_iter_latency": 0.6680013698435596,
    "prefill_latencies": [
        22.308221578598022,
        22.308221578598022,
        22.308221578598022,
        22.308221578598022,
        22.308221578598022,
        22.308221578598022,
        22.308221578598022,
        22.308221578598022,
        22.308221578598022,
        22.308221578598022,
        22.308221578598022,
        22.308221578598022,
        22.308221578598022,
        22.308221578598022,
        22.308221578598022,
        22.308221578598022,
        22.308221578598022,
        22.308221578598022,
        22.308221578598022,
        22.308221578598022,
        22.308221578598022,
        22.308221578598022,
        22.308221578598022,
        22.308221578598022,
        22.308221578598022,
        22.308221578598022,
        22.308221578598022,
        22.308221578598022,
        22.308221578598022,
        22.308221578598022,
        22.308221578598022,
        22.308221578598022,
        22.2938449382782,
        22.2938449382782,
        22.2938449382782,
        22.2938449382782,
        22.2938449382782,
        22.2938449382782,
        22.2938449382782,
        22.2938449382782,
        22.2938449382782,
        22.2938449382782,
        22.2938449382782,
        22.2938449382782,
        22.2938449382782,
        22.2938449382782,
        22.2938449382782,
        22.2938449382782,
        22.2938449382782,
        22.2938449382782,
        22.2938449382782,
        22.2938449382782,
        22.2938449382782,
        22.2938449382782,
        22.2938449382782,
        22.2938449382782,
        22.2938449382782,
        22.2938449382782,
        22.2938449382782,
        22.2938449382782,
        22.2938449382782,
        22.2938449382782,
        22.2938449382782,
        22.2938449382782,
        22.265601873397827,
        22.265601873397827,
        22.265601873397827,
        22.265601873397827,
        22.265601873397827,
        22.265601873397827,
        22.265601873397827,
        22.265601873397827,
        22.265601873397827,
        22.265601873397827,
        22.265601873397827,
        22.265601873397827,
        22.265601873397827,
        22.265601873397827,
        22.265601873397827,
        22.265601873397827,
        22.265601873397827,
        22.265601873397827,
        22.265601873397827,
        22.265601873397827,
        22.265601873397827,
        22.265601873397827,
        22.265601873397827,
        22.265601873397827,
        22.265601873397827,
        22.265601873397827,
        22.265601873397827,
        22.265601873397827,
        22.265601873397827,
        22.265601873397827,
        22.265601873397827,
        22.265601873397827,
        2.8862366676330566,
        2.8862366676330566,
        2.8862366676330566,
        2.8862366676330566,
        19.47006344795227,
        19.47006344795227,
        19.47006344795227,
        19.47006344795227,
        19.47006344795227,
        19.47006344795227,
        19.47006344795227,
        19.47006344795227,
        19.47006344795227,
        19.47006344795227,
        19.47006344795227,
        19.47006344795227,
        19.47006344795227,
        19.47006344795227,
        19.47006344795227,
        19.47006344795227,
        19.47006344795227,
        19.47006344795227,
        19.47006344795227,
        19.47006344795227,
        19.47006344795227,
        19.47006344795227,
        19.47006344795227,
        19.47006344795227,
        19.47006344795227,
        19.47006344795227,
        19.47006344795227,
        19.47006344795227
    ],
    "decode_latencies": [
        49.413259744644165,
        49.413259744644165,
        49.413259744644165,
        49.413259744644165,
        49.413259744644165,
        49.413259744644165,
        49.413259744644165,
        49.413259744644165,
        49.413259744644165,
        49.413259744644165,
        49.413259744644165,
        49.413259744644165,
        49.413259744644165,
        49.413259744644165,
        49.413259744644165,
        49.413259744644165,
        49.413259744644165,
        49.413259744644165,
        49.413259744644165,
        49.413259744644165,
        49.413259744644165,
        49.413259744644165,
        49.413259744644165,
        49.413259744644165,
        49.413259744644165,
        49.413259744644165,
        49.413259744644165,
        49.413259744644165,
        49.413259744644165,
        49.413259744644165,
        49.413259744644165,
        49.413259744644165,
        27.19444251060486,
        27.19444251060486,
        27.19444251060486,
        27.19444251060486,
        27.19444251060486,
        27.19444251060486,
        27.19444251060486,
        27.19444251060486,
        27.19444251060486,
        27.19444251060486,
        27.19444251060486,
        27.19444251060486,
        27.19444251060486,
        27.19444251060486,
        27.19444251060486,
        27.19444251060486,
        27.19444251060486,
        27.19444251060486,
        27.19444251060486,
        27.19444251060486,
        27.19444251060486,
        27.19444251060486,
        27.19444251060486,
        27.19444251060486,
        27.19444251060486,
        27.19444251060486,
        27.19444251060486,
        27.19444251060486,
        27.19444251060486,
        27.19444251060486,
        27.19444251060486,
        27.19444251060486,
        5.003273963928223,
        5.003273963928223,
        5.003273963928223,
        5.003273963928223,
        5.003273963928223,
        5.003273963928223,
        5.003273963928223,
        5.003273963928223,
        5.003273963928223,
        5.003273963928223,
        5.003273963928223,
        5.003273963928223,
        5.003273963928223,
        5.003273963928223,
        5.003273963928223,
        5.003273963928223,
        5.003273963928223,
        5.003273963928223,
        5.003273963928223,
        5.003273963928223,
        5.003273963928223,
        5.003273963928223,
        5.003273963928223,
        5.003273963928223,
        5.003273963928223,
        5.003273963928223,
        5.003273963928223,
        5.003273963928223,
        5.003273963928223,
        5.003273963928223,
        5.003273963928223,
        5.003273963928223,
        2.168700933456421,
        2.168700933456421,
        2.168700933456421,
        2.168700933456421,
        1.0858354568481445,
        1.0858354568481445,
        1.0858354568481445,
        1.0858354568481445,
        1.0858354568481445,
        1.0858354568481445,
        1.0858354568481445,
        1.0858354568481445,
        1.0858354568481445,
        1.0858354568481445,
        1.0858354568481445,
        1.0858354568481445,
        1.0858354568481445,
        1.0858354568481445,
        1.0858354568481445,
        1.0858354568481445,
        1.0858354568481445,
        1.0858354568481445,
        1.0858354568481445,
        1.0858354568481445,
        1.0858354568481445,
        1.0858354568481445,
        1.0858354568481445,
        1.0858354568481445,
        1.0858354568481445,
        1.0858354568481445,
        1.0858354568481445,
        1.0858354568481445
    ],