{
    "avg_latency": 64.13076213607565,
    "latencies": [
        64.13076213607565
    ],
    "percentiles": {
        "10": 64.13076213607565,
        "25": 64.13076213607565,
        "50": 64.13076213607565,
        "75": 64.13076213607565,
        "90": 64.13076213607565,
        "99": 64.13076213607565
    },
    "avg_prefill_latency": 8.225469082593918,
    "avg_decode_latency": 30.227055579423904,
    "avg_decode_per_iter_latency": 0.9750663090136743,
    "prefill_latencies": [
        7.850279808044434,
        7.850279808044434,
        7.850279808044434,
        7.850279808044434,
        9.252820253372192,
        9.252820253372192,
        9.252820253372192,
        9.252820253372192,
        8.922930717468262,
        8.922930717468262,
        8.922930717468262,
        8.922930717468262,
        8.588444948196411,
        8.588444948196411,
        8.588444948196411,
        8.588444948196411,
        8.283174514770508,
        8.283174514770508,
        8.283174514770508,
        8.283174514770508,
        7.963350534439087,
        7.963350534439087,
        7.963350534439087,
        7.963350534439087,
        7.634799957275391,
        7.634799957275391,
        7.634799957275391,
        7.634799957275391,
        7.307951927185059,
        7.307951927185059,
        7.307951927185059,
        7.307951927185059
    ],
    "decode_latencies": [
        56.04404044151306,
        56.04404044151306,
        56.04404044151306,
        56.04404044151306,
        47.36549615859985,
        47.36549615859985,
        47.36549615859985,
        47.36549615859985,
        40.434142112731934,
        40.434142112731934,
        40.434142112731934,
        40.434142112731934,
        33.50475096702576,
        33.50475096702576,
        33.50475096702576,
        33.50475096702576,
        26.54142117500305,
        26.54142117500305,
        26.54142117500305,
        26.54142117500305,
        19.586883783340454,
        19.586883783340454,
        19.586883783340454,
        19.586883783340454,
        12.640904664993286,
        12.640904664993286,
        12.640904664993286,
        12.640904664993286,
        5.698805332183838,
        5.698805332183838,
        5.698805332183838,
        5.698805332183838
    ],
    "decode_per_iter_latencies": [
        1.807872272306873,
        1.807872272306873,
        1.807872272306873,
        1.807872272306873,
        1.527919230922576,
        1.527919230922576,
        1.527919230922576,
        1.527919230922576,
        1.3043271649268366,
        1.3043271649268366,
        1.3043271649268366,
        1.3043271649268366,
        1.0807984182911534,
        1.0807984182911534,
        1.0807984182911534,
        1.0807984182911534,
        0.8561748766130016,
        0.8561748766130016,
        0.8561748766130016,
        0.8561748766130016,
        0.6318349607529179,
        0.6318349607529179,
        0.6318349607529179,
        0.6318349607529179,
        0.40777111822558987,
        0.40777111822558987,
        0.40777111822558987,
        0.40777111822558987,
        0.1838324300704464,
        0.1838324300704464,
        0.1838324300704464,
        0.1838324300704464
    ]
}