{
    "avg_latency": 22.280532985925674,
    "latencies": [
        22.280532985925674
    ],
    "percentiles": {
        "10": 22.280532985925674,
        "25": 22.280532985925674,
        "50": 22.280532985925674,
        "75": 22.280532985925674,
        "90": 22.280532985925674,
        "99": 22.280532985925674
    },
    "avg_prefill_latency": 20.94434118270874,
    "avg_decode_latency": 1.2770500183105469,
    "avg_decode_per_iter_latency": 0.04119516188098538,
    "prefill_latencies": [
        20.94434118270874,
        20.94434118270874,
        20.94434118270874,
        20.94434118270874,
        20.94434118270874,
        20.94434118270874,
        20.94434118270874,
        20.94434118270874,
        20.94434118270874,
        20.94434118270874,
        20.94434118270874,
        20.94434118270874,
        20.94434118270874,
        20.94434118270874,
        20.94434118270874,
        20.94434118270874,
        20.94434118270874,
        20.94434118270874,
        20.94434118270874,
        20.94434118270874,
        20.94434118270874,
        20.94434118270874,
        20.94434118270874,
        20.94434118270874,
        20.94434118270874,
        20.94434118270874,
        20.94434118270874,
        20.94434118270874,
        20.94434118270874,
        20.94434118270874,
        20.94434118270874,
        20.94434118270874,
        20.94434118270874,
        20.94434118270874,
        20.94434118270874,
        20.94434118270874,
        20.94434118270874,
        20.94434118270874,
        20.94434118270874,
        20.94434118270874,
        20.94434118270874,
        20.94434118270874,
        20.94434118270874,
        20.94434118270874,
        20.94434118270874,
        20.94434118270874,
        20.94434118270874,
        20.94434118270874,
        20.94434118270874,
        20.94434118270874,
        20.94434118270874,
        20.94434118270874,
        20.94434118270874,
        20.94434118270874,
        20.94434118270874,
        20.94434118270874,
        20.94434118270874,
        20.94434118270874,
        20.94434118270874,
        20.94434118270874,
        20.94434118270874,
        20.94434118270874,
        20.94434118270874,
        20.94434118270874
    ],
    "decode_latencies": [
        1.2770500183105469,
        1.2770500183105469,
        1.2770500183105469,
        1.2770500183105469,
        1.2770500183105469,
        1.2770500183105469,
        1.2770500183105469,
        1.2770500183105469,
        1.2770500183105469,
        1.2770500183105469,
        1.2770500183105469,
        1.2770500183105469,
        1.2770500183105469,
        1.2770500183105469,
        1.2770500183105469,
        1.2770500183105469,
        1.2770500183105469,
        1.2770500183105469,
        1.2770500183105469,
        1.2770500183105469,
        1.2770500183105469,
        1.2770500183105469,
        1.2770500183105469,
        1.2770500183105469,
        1.2770500183105469,
        1.2770500183105469,
        1.2770500183105469,
        1.2770500183105469,
        1.2770500183105469,
        1.2770500183105469,
        1.2770500183105469,
        1.2770500183105469,
        1.2770500183105469,
        1.2770500183105469,
        1.2770500183105469,
        1.2770500183105469,
        1.2770500183105469,
        1.2770500183105469,
        1.2770500183105469,
        1.2770500183105469,
        1.2770500183105469,
        1.2770500183105469,
        1.2770500183105469,
        1.2770500183105469,
        1.2770500183105469,
        1.2770500183105469,
        1.2770500183105469,
        1.2770500183105469,
        1.2770500183105469,
        1.2770500183105469,
        1.2770500183105469,
        1.2770500183105469,
        1.2770500183105469,
        1.2770500183105469,
        1.2770500183105469,
        1.2770500183105469,
        1.2770500183105469,
        1.2770500183105469,
        1.2770500183105469,
        1.2770500183105469,
        1.2770500183105469,
        1.2770500183105469,
        1.2770500183105469,
        1.2770500183105469
    ],
    "decode_per_iter_latencies": [
        0.04119516188098538,
        0.04119516188098538,
        0.04119516188098538,
        0.04119516188098538,
        0.04119516188098538,
        0.04119516188098538,
        0.04119516188098538,
        0.04119516188098538,
        0.04119516188098538,
        0.04119516188098538,
        0.04119516188098538,
        0.04119516188098538,
        0.04119516188098538,
        0.04119516188098538,
        0.04119516188098538,
        0.04119516188098538,
        0.04119516188098538,
        0.04119516188098538,
        0.04119516188098538,
        0.04119516188098538,
        0.04119516188098538,
        0.04119516188098538,
        0.04119516188098538,
        0.04119516188098538,
        0.04119516188098538,
        0.04119516188098538,
        0.04119516188098538,
        0.04119516188098538,
        0.04119516188098538,
        0.04119516188098538,
        0.04119516188098538,
        0.04119516188098538,
        0.04119516188098538,
        0.04119516188098538,
        0.04119516188098538,
        0.04119516188098538,
        0.04119516188098538,
        0.04119516188098538,
        0.04119516188098538,
        0.04119516188098538,
        0.04119516188098538,
        0.04119516188098538,
        0.04119516188098538,
        0.04119516188098538,
        0.04119516188098538,
        0.04119516188098538,
        0.04119516188098538,
        0.04119516188098538,
        0.04119516188098538,
        0.04119516188098538,
        0.04119516188098538,
        0.04119516188098538,
        0.04119516188098538,
        0.04119516188098538,
        0.04119516188098538,
        0.04119516188098538,
        0.04119516188098538,
        0.04119516188098538,
        0.04119516188098538,
        0.04119516188098538,
        0.04119516188098538,
        0.04119516188098538,
        0.04119516188098538,
        0.04119516188098538
    ]
}