{
    "avg_latency": 1.5700103561393917,
    "latencies": [
        1.5700103561393917
    ],
    "percentiles": {
        "10": 1.5700103561393917,
        "25": 1.5700103561393917,
        "50": 1.5700103561393917,
        "75": 1.5700103561393917,
        "90": 1.5700103561393917,
        "99": 1.5700103561393917
    },
    "avg_prefill_latency": 0.7335922718048096,
    "avg_decode_latency": 0.8108336925506592,
    "avg_decode_per_iter_latency": 0.026155925566150297,
    "prefill_latencies": [
        0.7335922718048096
    ],
    "decode_latencies": [
        0.8108336925506592
    ],
    "decode_per_iter_latencies": [
        0.026155925566150297
    ]
}