{
    "avg_latency": 3.403752852231264,
    "latencies": [
        3.403752852231264
    ],
    "percentiles": {
        "10": 3.403752852231264,
        "25": 3.403752852231264,
        "50": 3.403752852231264,
        "75": 3.403752852231264,
        "90": 3.403752852231264,
        "99": 3.403752852231264
    },
    "avg_prefill_latency": 2.5259056091308594,
    "avg_decode_latency": 0.8486311435699463,
    "avg_decode_per_iter_latency": 0.027375198179675687,
    "prefill_latencies": [
        2.5259056091308594,
        2.5259056091308594,
        2.5259056091308594,
        2.5259056091308594,
        2.5259056091308594,
        2.5259056091308594,
        2.5259056091308594,
        2.5259056091308594,
        2.5259056091308594,
        2.5259056091308594,
        2.5259056091308594,
        2.5259056091308594,
        2.5259056091308594,
        2.5259056091308594,
        2.5259056091308594,
        2.5259056091308594
    ],
    "decode_latencies": [
        0.8486311435699463,
        0.8486311435699463,
        0.8486311435699463,
        0.8486311435699463,
        0.8486311435699463,
        0.8486311435699463,
        0.8486311435699463,
        0.8486311435699463,
        0.8486311435699463,
        0.8486311435699463,
        0.8486311435699463,
        0.8486311435699463,
        0.8486311435699463,
        0.8486311435699463,
        0.8486311435699463,
        0.8486311435699463
    ],
    "decode_per_iter_latencies": [
        0.027375198179675687,
        0.027375198179675687,
        0.027375198179675687,
        0.027375198179675687,
        0.027375198179675687,
        0.027375198179675687,
        0.027375198179675687,
        0.027375198179675687,
        0.027375198179675687,
        0.027375198179675687,
        0.027375198179675687,
        0.027375198179675687,
        0.027375198179675687,
        0.027375198179675687,
        0.027375198179675687,
        0.027375198179675687
    ]
}