{
    "avg_latency": 0.4409665339626372,
    "latencies": [
        0.4409665339626372
    ],
    "percentiles": {
        "10": 0.4409665339626372,
        "25": 0.4409665339626372,
        "50": 0.4409665339626372,
        "75": 0.4409665339626372,
        "90": 0.4409665339626372,
        "99": 0.4409665339626372
    },
    "avg_prefill_latency": 0.06371188163757324,
    "avg_decode_latency": 0.3662073612213135,
    "avg_decode_per_iter_latency": 0.0118131406845585,
    "prefill_latencies": [
        0.06371188163757324,
        0.06371188163757324,
        0.06371188163757324,
        0.06371188163757324,
        0.06371188163757324,
        0.06371188163757324,
        0.06371188163757324,
        0.06371188163757324
    ],
    "decode_latencies": [
        0.3662073612213135,
        0.3662073612213135,
        0.3662073612213135,
        0.3662073612213135,
        0.3662073612213135,
        0.3662073612213135,
        0.3662073612213135,
        0.3662073612213135
    ],
    "decode_per_iter_latencies": [
        0.0118131406845585,
        0.0118131406845585,
        0.0118131406845585,
        0.0118131406845585,
        0.0118131406845585,
        0.0118131406845585,
        0.0118131406845585,
        0.0118131406845585
    ]
}