{
    "avg_latency": 1.4442005692981184,
    "latencies": [
        1.4442005692981184
    ],
    "percentiles": {
        "10": 1.4442005692981184,
        "25": 1.4442005692981184,
        "50": 1.4442005692981184,
        "75": 1.4442005692981184,
        "90": 1.4442005692981184,
        "99": 1.4442005692981184
    },
    "avg_prefill_latency": 0.6832230091094971,
    "avg_decode_latency": 0.7303595542907715,
    "avg_decode_per_iter_latency": 0.02355998562228295,
    "prefill_latencies": [
        0.6832230091094971,
        0.6832230091094971,
        0.6832230091094971,
        0.6832230091094971,
        0.6832230091094971,
        0.6832230091094971,
        0.6832230091094971,
        0.6832230091094971,
        0.6832230091094971,
        0.6832230091094971,
        0.6832230091094971,
        0.6832230091094971,
        0.6832230091094971,
        0.6832230091094971,
        0.6832230091094971,
        0.6832230091094971,
        0.6832230091094971,
        0.6832230091094971,
        0.6832230091094971,
        0.6832230091094971,
        0.6832230091094971,
        0.6832230091094971,
        0.6832230091094971,
        0.6832230091094971,
        0.6832230091094971,
        0.6832230091094971,
        0.6832230091094971,
        0.6832230091094971,
        0.6832230091094971,
        0.6832230091094971,
        0.6832230091094971,
        0.6832230091094971,
        0.6832230091094971,
        0.6832230091094971,
        0.6832230091094971,
        0.6832230091094971,
        0.6832230091094971,
        0.6832230091094971,
        0.6832230091094971,
        0.6832230091094971,
        0.6832230091094971,
        0.6832230091094971,
        0.6832230091094971,
        0.6832230091094971,
        0.6832230091094971,
        0.6832230091094971,
        0.6832230091094971,
        0.6832230091094971,
        0.6832230091094971,
        0.6832230091094971,
        0.6832230091094971,
        0.6832230091094971,
        0.6832230091094971,
        0.6832230091094971,
        0.6832230091094971,
        0.6832230091094971,
        0.6832230091094971,
        0.6832230091094971,
        0.6832230091094971,
        0.6832230091094971,
        0.6832230091094971,
        0.6832230091094971,
        0.6832230091094971,
        0.6832230091094971,
        0.6832230091094971,
        0.6832230091094971,
        0.6832230091094971,
        0.6832230091094971,
        0.6832230091094971,
        0.6832230091094971,
        0.6832230091094971,
        0.6832230091094971,
        0.6832230091094971,
        0.6832230091094971,
        0.6832230091094971,
        0.6832230091094971,
        0.6832230091094971,
        0.6832230091094971,
        0.6832230091094971,
        0.6832230091094971,
        0.6832230091094971,
        0.6832230091094971,
        0.6832230091094971,
        0.6832230091094971,
        0.6832230091094971,
        0.6832230091094971,
        0.6832230091094971,
        0.6832230091094971,
        0.6832230091094971,
        0.6832230091094971,
        0.6832230091094971,
        0.6832230091094971,
        0.6832230091094971,
        0.6832230091094971,
        0.6832230091094971,
        0.6832230091094971,
        0.6832230091094971,
        0.6832230091094971,
        0.6832230091094971,
        0.6832230091094971,
        0.6832230091094971,
        0.6832230091094971,
        0.6832230091094971,
        0.6832230091094971,
        0.6832230091094971,
        0.6832230091094971,
        0.6832230091094971,
        0.6832230091094971,
        0.6832230091094971,
        0.6832230091094971,
        0.6832230091094971,
        0.6832230091094971,
        0.6832230091094971,
        0.6832230091094971,
        0.6832230091094971,
        0.6832230091094971,
        0.6832230091094971,
        0.6832230091094971,
        0.6832230091094971,
        0.6832230091094971,
        0.6832230091094971,
        0.6832230091094971,
        0.6832230091094971,
        0.6832230091094971,
        0.6832230091094971,
        0.6832230091094971,
        0.6832230091094971,
        0.6832230091094971
    ],
    "decode_latencies": [
        0.7303595542907715,
        0.7303595542907715,
        0.7303595542907715,
        0.7303595542907715,
        0.7303595542907715,
        0.7303595542907715,
        0.7303595542907715,
        0.7303595542907715,
        0.7303595542907715,
        0.7303595542907715,
        0.7303595542907715,
        0.7303595542907715,
        0.7303595542907715,
        0.7303595542907715,
        0.7303595542907715,
        0.7303595542907715,
        0.7303595542907715,
        0.7303595542907715,
        0.7303595542907715,
        0.7303595542907715,
        0.7303595542907715,
        0.7303595542907715,
        0.7303595542907715,
        0.7303595542907715,
        0.7303595542907715,
        0.7303595542907715,
        0.7303595542907715,
        0.7303595542907715,
        0.7303595542907715,
        0.7303595542907715,
        0.7303595542907715,
        0.7303595542907715,
        0.7303595542907715,
        0.7303595542907715,
        0.7303595542907715,
        0.7303595542907715,
        0.7303595542907715,
        0.7303595542907715,
        0.7303595542907715,
        0.7303595542907715,
        0.7303595542907715,
        0.7303595542907715,
        0.7303595542907715,
        0.7303595542907715,
        0.7303595542907715,
        0.7303595542907715,
        0.7303595542907715,
        0.7303595542907715,
        0.7303595542907715,
        0.7303595542907715,
        0.7303595542907715,
        0.7303595542907715,
        0.7303595542907715,
        0.7303595542907715,
        0.7303595542907715,
        0.7303595542907715,
        0.7303595542907715,
        0.7303595542907715,
        0.7303595542907715,
        0.7303595542907715,
        0.7303595542907715,
        0.7303595542907715,
        0.7303595542907715,
        0.7303595542907715,
        0.7303595542907715,
        0.7303595542907715,
        0.7303595542907715,
        0.7303595542907715,
        0.7303595542907715,
        0.7303595542907715,
        0.7303595542907715,
        0.7303595542907715,
        0.7303595542907715,
        0.7303595542907715,
        0.7303595542907715,
        0.7303595542907715,
        0.7303595542907715,
        0.7303595542907715,
        0.7303595542907715,
        0.7303595542907715,
        0.7303595542907715,
        0.7303595542907715,
        0.7303595542907715,
        0.7303595542907715,
        0.7303595542907715,
        0.7303595542907715,
        0.7303595542907715,
        0.7303595542907715,
        0.7303595542907715,
        0.7303595542907715,
        0.7303595542907715,
        0.7303595542907715,
        0.7303595542907715,
        0.7303595542907715,
        0.7303595542907715,
        0.7303595542907715,
        0.7303595542907715,
        0.7303595542907715,
        0.7303595542907715,
        0.7303595542907715,
        0.7303595542907715,
        0.7303595542907715,
        0.7303595542907715,
        0.7303595542907715,
        0.7303595542907715,
        0.7303595542907715,
        0.7303595542907715,
        0.7303595542907715,
        0.7303595542907715,
        0.7303595542907715,
        0.7303595542907715,
        0.7303595542907715,
        0.7303595542907715,
        0.7303595542907715,
        0.7303595542907715,
        0.7303595542907715,
        0.7303595542907715,
        0.7303595542907715,
        0.7303595542907715,
        0.7303595542907715,
        0.7303595542907715,
        0.7303595542907715,
        0.7303595542907715,
        0.7303595542907715,
        0.7303595542907715,
        0.7303595542907715,
        0.7303595542907715,
        0.7303595542907715
    ],