{
    "avg_latency": 0.5839265901595354,
    "latencies": [
        0.5839265901595354
    ],
    "percentiles": {
        "10": 0.5839265901595354,
        "25": 0.5839265901595354,
        "50": 0.5839265901595354,
        "75": 0.5839265901595354,
        "90": 0.5839265901595354,
        "99": 0.5839265901595354
    },
    "avg_prefill_latency": 0.18500995635986328,
    "avg_decode_latency": 0.38620924949645996,
    "avg_decode_per_iter_latency": 0.01245836288698258,
    "prefill_latencies": [
        0.18500995635986328,
        0.18500995635986328,
        0.18500995635986328,
        0.18500995635986328,
        0.18500995635986328,
        0.18500995635986328,
        0.18500995635986328,
        0.18500995635986328,
        0.18500995635986328,
        0.18500995635986328,
        0.18500995635986328,
        0.18500995635986328,
        0.18500995635986328,
        0.18500995635986328,
        0.18500995635986328,
        0.18500995635986328
    ],
    "decode_latencies": [
        0.38620924949645996,
        0.38620924949645996,
        0.38620924949645996,
        0.38620924949645996,
        0.38620924949645996,
        0.38620924949645996,
        0.38620924949645996,
        0.38620924949645996,
        0.38620924949645996,
        0.38620924949645996,
        0.38620924949645996,
        0.38620924949645996,
        0.38620924949645996,
        0.38620924949645996,
        0.38620924949645996,
        0.38620924949645996
    ],
    "decode_per_iter_latencies": [
        0.01245836288698258,
        0.01245836288698258,
        0.01245836288698258,
        0.01245836288698258,
        0.01245836288698258,
        0.01245836288698258,
        0.01245836288698258,
        0.01245836288698258,
        0.01245836288698258,
        0.01245836288698258,
        0.01245836288698258,
        0.01245836288698258,
        0.01245836288698258,
        0.01245836288698258,
        0.01245836288698258,
        0.01245836288698258
    ]
}