{
    "avg_latency": 1.4098131260834634,
    "latencies": [
        1.4098131260834634
    ],
    "percentiles": {
        "10": 1.4098131260834634,
        "25": 1.4098131260834634,
        "50": 1.4098131260834634,
        "75": 1.4098131260834634,
        "90": 1.4098131260834634,
        "99": 1.4098131260834634
    },
    "avg_prefill_latency": 0.32401013374328613,
    "avg_decode_latency": 1.0493247509002686,
    "avg_decode_per_iter_latency": 0.03384918551291189,
    "prefill_latencies": [
        0.32401013374328613,
        0.32401013374328613,
        0.32401013374328613,
        0.32401013374328613,
        0.32401013374328613,
        0.32401013374328613,
        0.32401013374328613,
        0.32401013374328613,
        0.32401013374328613,
        0.32401013374328613,
        0.32401013374328613,
        0.32401013374328613,
        0.32401013374328613,
        0.32401013374328613,
        0.32401013374328613,
        0.32401013374328613,
        0.32401013374328613,
        0.32401013374328613,
        0.32401013374328613,
        0.32401013374328613,
        0.32401013374328613,
        0.32401013374328613,
        0.32401013374328613,
        0.32401013374328613,
        0.32401013374328613,
        0.32401013374328613,
        0.32401013374328613,
        0.32401013374328613,
        0.32401013374328613,
        0.32401013374328613,
        0.32401013374328613,
        0.32401013374328613,
        0.32401013374328613,
        0.32401013374328613,
        0.32401013374328613,
        0.32401013374328613,
        0.32401013374328613,
        0.32401013374328613,
        0.32401013374328613,
        0.32401013374328613,
        0.32401013374328613,
        0.32401013374328613,
        0.32401013374328613,
        0.32401013374328613,
        0.32401013374328613,
        0.32401013374328613,
        0.32401013374328613,
        0.32401013374328613,
        0.32401013374328613,
        0.32401013374328613,
        0.32401013374328613,
        0.32401013374328613,
        0.32401013374328613,
        0.32401013374328613,
        0.32401013374328613,
        0.32401013374328613,
        0.32401013374328613,
        0.32401013374328613,
        0.32401013374328613,
        0.32401013374328613,
        0.32401013374328613,
        0.32401013374328613,
        0.32401013374328613,
        0.32401013374328613
    ],
    "decode_latencies": [
        1.0493247509002686,
        1.0493247509002686,
        1.0493247509002686,
        1.0493247509002686,
        1.0493247509002686,
        1.0493247509002686,
        1.0493247509002686,
        1.0493247509002686,
        1.0493247509002686,
        1.0493247509002686,
        1.0493247509002686,
        1.0493247509002686,
        1.0493247509002686,
        1.0493247509002686,
        1.0493247509002686,
        1.0493247509002686,
        1.0493247509002686,
        1.0493247509002686,
        1.0493247509002686,
        1.0493247509002686,
        1.0493247509002686,
        1.0493247509002686,
        1.0493247509002686,
        1.0493247509002686,
        1.0493247509002686,
        1.0493247509002686,
        1.0493247509002686,
        1.0493247509002686,
        1.0493247509002686,
        1.0493247509002686,
        1.0493247509002686,
        1.0493247509002686,
        1.0493247509002686,
        1.0493247509002686,
        1.0493247509002686,
        1.0493247509002686,
        1.0493247509002686,
        1.0493247509002686,
        1.0493247509002686,
        1.0493247509002686,
        1.0493247509002686,
        1.0493247509002686,
        1.0493247509002686,
        1.0493247509002686,
        1.0493247509002686,
        1.0493247509002686,
        1.0493247509002686,
        1.0493247509002686,
        1.0493247509002686,
        1.0493247509002686,
        1.0493247509002686,
        1.0493247509002686,
        1.0493247509002686,
        1.0493247509002686,
        1.0493247509002686,
        1.0493247509002686,
        1.0493247509002686,
        1.0493247509002686,
        1.0493247509002686,
        1.0493247509002686,
        1.0493247509002686,
        1.0493247509002686,
        1.0493247509002686,
        1.0493247509002686
    ],
    "decode_per_iter_latencies": [
        0.03384918551291189,
        0.03384918551291189,
        0.03384918551291189,
        0.03384918551291189,
        0.03384918551291189,
        0.03384918551291189,
        0.03384918551291189,
        0.03384918551291189,
        0.03384918551291189,
        0.03384918551291189,
        0.03384918551291189,
        0.03384918551291189,
        0.03384918551291189,
        0.03384918551291189,
        0.03384918551291189,
        0.03384918551291189,
        0.03384918551291189,
        0.03384918551291189,
        0.03384918551291189,
        0.03384918551291189,
        0.03384918551291189,
        0.03384918551291189,
        0.03384918551291189,
        0.03384918551291189,
        0.03384918551291189,
        0.03384918551291189,
        0.03384918551291189,
        0.03384918551291189,
        0.03384918551291189,
        0.03384918551291189,
        0.03384918551291189,
        0.03384918551291189,
        0.03384918551291189,
        0.03384918551291189,
        0.03384918551291189,
        0.03384918551291189,
        0.03384918551291189,
        0.03384918551291189,
        0.03384918551291189,
        0.03384918551291189,
        0.03384918551291189,
        0.03384918551291189,
        0.03384918551291189,
        0.03384918551291189,
        0.03384918551291189,
        0.03384918551291189,
        0.03384918551291189,
        0.03384918551291189,
        0.03384918551291189,
        0.03384918551291189,
        0.03384918551291189,
        0.03384918551291189,
        0.03384918551291189,
        0.03384918551291189,
        0.03384918551291189,
        0.03384918551291189,
        0.03384918551291189,
        0.03384918551291189,
        0.03384918551291189,
        0.03384918551291189,
        0.03384918551291189,
        0.03384918551291189,
        0.03384918551291189,
        0.03384918551291189
    ]
}