{
    "avg_latency": 1.7742474009282887,
    "latencies": [
        1.7742474009282887
    ],
    "percentiles": {
        "10": 1.7742474009282887,
        "25": 1.7742474009282887,
        "50": 1.7742474009282887,
        "75": 1.7742474009282887,
        "90": 1.7742474009282887,
        "99": 1.7742474009282887
    },
    "avg_prefill_latency": 1.3675730228424072,
    "avg_decode_latency": 0.3906519412994385,
    "avg_decode_per_iter_latency": 0.012601675525788338,
    "prefill_latencies": [
        1.3675730228424072,
        1.3675730228424072,
        1.3675730228424072,
        1.3675730228424072,
        1.3675730228424072,
        1.3675730228424072,
        1.3675730228424072,
        1.3675730228424072,
        1.3675730228424072,
        1.3675730228424072,
        1.3675730228424072,
        1.3675730228424072,
        1.3675730228424072,
        1.3675730228424072,
        1.3675730228424072,
        1.3675730228424072
    ],
    "decode_latencies": [
        0.3906519412994385,
        0.3906519412994385,
        0.3906519412994385,
        0.3906519412994385,
        0.3906519412994385,
        0.3906519412994385,
        0.3906519412994385,
        0.3906519412994385,
        0.3906519412994385,
        0.3906519412994385,
        0.3906519412994385,
        0.3906519412994385,
        0.3906519412994385,
        0.3906519412994385,
        0.3906519412994385,
        0.3906519412994385
    ],
    "decode_per_iter_latencies": [
        0.012601675525788338,
        0.012601675525788338,
        0.012601675525788338,
        0.012601675525788338,
        0.012601675525788338,
        0.012601675525788338,
        0.012601675525788338,
        0.012601675525788338,
        0.012601675525788338,
        0.012601675525788338,
        0.012601675525788338,
        0.012601675525788338,
        0.012601675525788338,
        0.012601675525788338,
        0.012601675525788338,
        0.012601675525788338
    ]
}