{
    "avg_latency": 1.1639612158760428,
    "latencies": [
        1.1639612158760428
    ],
    "percentiles": {
        "10": 1.1639612158760428,
        "25": 1.1639612158760428,
        "50": 1.1639612158760428,
        "75": 1.1639612158760428,
        "90": 1.1639612158760428,
        "99": 1.1639612158760428
    },
    "avg_prefill_latency": 0.3154001235961914,
    "avg_decode_latency": 0.8216202259063721,
    "avg_decode_per_iter_latency": 0.02650387825504426,
    "prefill_latencies": [
        0.3154001235961914,
        0.3154001235961914,
        0.3154001235961914,
        0.3154001235961914,
        0.3154001235961914,
        0.3154001235961914,
        0.3154001235961914,
        0.3154001235961914,
        0.3154001235961914,
        0.3154001235961914,
        0.3154001235961914,
        0.3154001235961914,
        0.3154001235961914,
        0.3154001235961914,
        0.3154001235961914,
        0.3154001235961914
    ],
    "decode_latencies": [
        0.8216202259063721,
        0.8216202259063721,
        0.8216202259063721,
        0.8216202259063721,
        0.8216202259063721,
        0.8216202259063721,
        0.8216202259063721,
        0.8216202259063721,
        0.8216202259063721,
        0.8216202259063721,
        0.8216202259063721,
        0.8216202259063721,
        0.8216202259063721,
        0.8216202259063721,
        0.8216202259063721,
        0.8216202259063721
    ],
    "decode_per_iter_latencies": [
        0.02650387825504426,
        0.02650387825504426,
        0.02650387825504426,
        0.02650387825504426,
        0.02650387825504426,
        0.02650387825504426,
        0.02650387825504426,
        0.02650387825504426,
        0.02650387825504426,
        0.02650387825504426,
        0.02650387825504426,
        0.02650387825504426,
        0.02650387825504426,
        0.02650387825504426,
        0.02650387825504426,
        0.02650387825504426
    ]
}