{
    "avg_latency": 7.591900000348687,
    "latencies": [
        7.591900000348687
    ],
    "percentiles": {
        "10": 7.591900000348687,
        "25": 7.591900000348687,
        "50": 7.591900000348687,
        "75": 7.591900000348687,
        "90": 7.591900000348687,
        "99": 7.591900000348687
    },
    "avg_prefill_latency": 6.3374927043914795,
    "avg_decode_latency": 1.2259633541107178,
    "avg_decode_per_iter_latency": 0.03954720497131348,
    "prefill_latencies": [
        6.3374927043914795,
        6.3374927043914795,
        6.3374927043914795,
        6.3374927043914795,
        6.3374927043914795,
        6.3374927043914795,
        6.3374927043914795,
        6.3374927043914795
    ],
    "decode_latencies": [
        1.2259633541107178,
        1.2259633541107178,
        1.2259633541107178,
        1.2259633541107178,
        1.2259633541107178,
        1.2259633541107178,
        1.2259633541107178,
        1.2259633541107178
    ],
    "decode_per_iter_latencies": [
        0.03954720497131348,
        0.03954720497131348,
        0.03954720497131348,
        0.03954720497131348,
        0.03954720497131348,
        0.03954720497131348,
        0.03954720497131348,
        0.03954720497131348
    ]
}