{
    "avg_latency": 5.979808177798986,
    "latencies": [
        5.979808177798986
    ],
    "percentiles": {
        "10": 5.979808177798986,
        "25": 5.979808177798986,
        "50": 5.979808177798986,
        "75": 5.979808177798986,
        "90": 5.979808177798986,
        "99": 5.979808177798986
    },
    "avg_prefill_latency": 5.371551990509033,
    "avg_decode_latency": 0.5723280906677246,
    "avg_decode_per_iter_latency": 0.018462196473152406,
    "prefill_latencies": [
        5.371551990509033,
        5.371551990509033,
        5.371551990509033,
        5.371551990509033,
        5.371551990509033,
        5.371551990509033,
        5.371551990509033,
        5.371551990509033,
        5.371551990509033,
        5.371551990509033,
        5.371551990509033,
        5.371551990509033,
        5.371551990509033,
        5.371551990509033,
        5.371551990509033,
        5.371551990509033,
        5.371551990509033,
        5.371551990509033,
        5.371551990509033,
        5.371551990509033,
        5.371551990509033,
        5.371551990509033,
        5.371551990509033,
        5.371551990509033,
        5.371551990509033,
        5.371551990509033,
        5.371551990509033,
        5.371551990509033,
        5.371551990509033,
        5.371551990509033,
        5.371551990509033,
        5.371551990509033,
        5.371551990509033,
        5.371551990509033,
        5.371551990509033,
        5.371551990509033,
        5.371551990509033,
        5.371551990509033,
        5.371551990509033,
        5.371551990509033,
        5.371551990509033,
        5.371551990509033,
        5.371551990509033,
        5.371551990509033,
        5.371551990509033,
        5.371551990509033,
        5.371551990509033,
        5.371551990509033,
        5.371551990509033,
        5.371551990509033,
        5.371551990509033,
        5.371551990509033,
        5.371551990509033,
        5.371551990509033,
        5.371551990509033,
        5.371551990509033,
        5.371551990509033,
        5.371551990509033,
        5.371551990509033,
        5.371551990509033,
        5.371551990509033,
        5.371551990509033,
        5.371551990509033,
        5.371551990509033
    ],
    "decode_latencies": [
        0.5723280906677246,
        0.5723280906677246,
        0.5723280906677246,
        0.5723280906677246,
        0.5723280906677246,
        0.5723280906677246,
        0.5723280906677246,
        0.5723280906677246,
        0.5723280906677246,
        0.5723280906677246,
        0.5723280906677246,
        0.5723280906677246,
        0.5723280906677246,
        0.5723280906677246,
        0.5723280906677246,
        0.5723280906677246,
        0.5723280906677246,
        0.5723280906677246,
        0.5723280906677246,
        0.5723280906677246,
        0.5723280906677246,
        0.5723280906677246,
        0.5723280906677246,
        0.5723280906677246,
        0.5723280906677246,
        0.5723280906677246,
        0.5723280906677246,
        0.5723280906677246,
        0.5723280906677246,
        0.5723280906677246,
        0.5723280906677246,
        0.5723280906677246,
        0.5723280906677246,
        0.5723280906677246,
        0.5723280906677246,
        0.5723280906677246,
        0.5723280906677246,
        0.5723280906677246,
        0.5723280906677246,
        0.5723280906677246,
        0.5723280906677246,
        0.5723280906677246,
        0.5723280906677246,
        0.5723280906677246,
        0.5723280906677246,
        0.5723280906677246,
        0.5723280906677246,
        0.5723280906677246,
        0.5723280906677246,
        0.5723280906677246,
        0.5723280906677246,
        0.5723280906677246,
        0.5723280906677246,
        0.5723280906677246,
        0.5723280906677246,
        0.5723280906677246,
        0.5723280906677246,
        0.5723280906677246,
        0.5723280906677246,
        0.5723280906677246,
        0.5723280906677246,
        0.5723280906677246,
        0.5723280906677246,
        0.5723280906677246
    ],
    "decode_per_iter_latencies": [
        0.018462196473152406,
        0.018462196473152406,
        0.018462196473152406,
        0.018462196473152406,
        0.018462196473152406,
        0.018462196473152406,
        0.018462196473152406,
        0.018462196473152406,
        0.018462196473152406,
        0.018462196473152406,
        0.018462196473152406,
        0.018462196473152406,
        0.018462196473152406,
        0.018462196473152406,
        0.018462196473152406,
        0.018462196473152406,
        0.018462196473152406,
        0.018462196473152406,
        0.018462196473152406,
        0.018462196473152406,
        0.018462196473152406,
        0.018462196473152406,
        0.018462196473152406,
        0.018462196473152406,
        0.018462196473152406,
        0.018462196473152406,
        0.018462196473152406,
        0.018462196473152406,
        0.018462196473152406,
        0.018462196473152406,
        0.018462196473152406,
        0.018462196473152406,
        0.018462196473152406,
        0.018462196473152406,
        0.018462196473152406,
        0.018462196473152406,
        0.018462196473152406,
        0.018462196473152406,
        0.018462196473152406,
        0.018462196473152406,
        0.018462196473152406,
        0.018462196473152406,
        0.018462196473152406,
        0.018462196473152406,
        0.018462196473152406,
        0.018462196473152406,
        0.018462196473152406,
        0.018462196473152406,
        0.018462196473152406,
        0.018462196473152406,
        0.018462196473152406,
        0.018462196473152406,
        0.018462196473152406,
        0.018462196473152406,
        0.018462196473152406,
        0.018462196473152406,
        0.018462196473152406,
        0.018462196473152406,
        0.018462196473152406,
        0.018462196473152406,
        0.018462196473152406,
        0.018462196473152406,
        0.018462196473152406,
        0.018462196473152406
    ]
}