{
    "avg_latency": 7.188546136952937,
    "latencies": [
        7.188546136952937
    ],
    "percentiles": {
        "10": 7.188546136952937,
        "25": 7.188546136952937,
        "50": 7.188546136952937,
        "75": 7.188546136952937,
        "90": 7.188546136952937,
        "99": 7.188546136952937
    },
    "avg_prefill_latency": 5.917180299758911,
    "avg_decode_latency": 1.2447376251220703,
    "avg_decode_per_iter_latency": 0.04015282661684098,
    "prefill_latencies": [
        5.917180299758911,
        5.917180299758911,
        5.917180299758911,
        5.917180299758911,
        5.917180299758911,
        5.917180299758911,
        5.917180299758911,
        5.917180299758911,
        5.917180299758911,
        5.917180299758911,
        5.917180299758911,
        5.917180299758911,
        5.917180299758911,
        5.917180299758911,
        5.917180299758911,
        5.917180299758911
    ],
    "decode_latencies": [
        1.2447376251220703,
        1.2447376251220703,
        1.2447376251220703,
        1.2447376251220703,
        1.2447376251220703,
        1.2447376251220703,
        1.2447376251220703,
        1.2447376251220703,
        1.2447376251220703,
        1.2447376251220703,
        1.2447376251220703,
        1.2447376251220703,
        1.2447376251220703,
        1.2447376251220703,
        1.2447376251220703,
        1.2447376251220703
    ],
    "decode_per_iter_latencies": [
        0.04015282661684098,
        0.04015282661684098,
        0.04015282661684098,
        0.04015282661684098,
        0.04015282661684098,
        0.04015282661684098,
        0.04015282661684098,
        0.04015282661684098,
        0.04015282661684098,
        0.04015282661684098,
        0.04015282661684098,
        0.04015282661684098,
        0.04015282661684098,
        0.04015282661684098,
        0.04015282661684098,
        0.04015282661684098
    ]
}