{
    "avg_latency": 1.6992211882025003,
    "latencies": [
        1.6992211882025003
    ],
    "percentiles": {
        "10": 1.6992211882025003,
        "25": 1.6992211882025003,
        "50": 1.6992211882025003,
        "75": 1.6992211882025003,
        "90": 1.6992211882025003,
        "99": 1.6992211882025003
    },
    "avg_prefill_latency": 0.6194558143615723,
    "avg_decode_latency": 1.0427734851837158,
    "avg_decode_per_iter_latency": 0.033637854360765024,
    "prefill_latencies": [
        0.6194558143615723,
        0.6194558143615723,
        0.6194558143615723,
        0.6194558143615723,
        0.6194558143615723,
        0.6194558143615723,
        0.6194558143615723,
        0.6194558143615723,
        0.6194558143615723,
        0.6194558143615723,
        0.6194558143615723,
        0.6194558143615723,
        0.6194558143615723,
        0.6194558143615723,
        0.6194558143615723,
        0.6194558143615723,
        0.6194558143615723,
        0.6194558143615723,
        0.6194558143615723,
        0.6194558143615723,
        0.6194558143615723,
        0.6194558143615723,
        0.6194558143615723,
        0.6194558143615723,
        0.6194558143615723,
        0.6194558143615723,
        0.6194558143615723,
        0.6194558143615723,
        0.6194558143615723,
        0.6194558143615723,
        0.6194558143615723,
        0.6194558143615723,
        0.6194558143615723,
        0.6194558143615723,
        0.6194558143615723,
        0.6194558143615723,
        0.6194558143615723,
        0.6194558143615723,
        0.6194558143615723,
        0.6194558143615723,
        0.6194558143615723,
        0.6194558143615723,
        0.6194558143615723,
        0.6194558143615723,
        0.6194558143615723,
        0.6194558143615723,
        0.6194558143615723,
        0.6194558143615723,
        0.6194558143615723,
        0.6194558143615723,
        0.6194558143615723,
        0.6194558143615723,
        0.6194558143615723,
        0.6194558143615723,
        0.6194558143615723,
        0.6194558143615723,
        0.6194558143615723,
        0.6194558143615723,
        0.6194558143615723,
        0.6194558143615723,
        0.6194558143615723,
        0.6194558143615723,
        0.6194558143615723,
        0.6194558143615723
    ],
    "decode_latencies": [
        1.0427734851837158,
        1.0427734851837158,
        1.0427734851837158,
        1.0427734851837158,
        1.0427734851837158,
        1.0427734851837158,
        1.0427734851837158,
        1.0427734851837158,
        1.0427734851837158,
        1.0427734851837158,
        1.0427734851837158,
        1.0427734851837158,
        1.0427734851837158,
        1.0427734851837158,
        1.0427734851837158,
        1.0427734851837158,
        1.0427734851837158,
        1.0427734851837158,
        1.0427734851837158,
        1.0427734851837158,
        1.0427734851837158,
        1.0427734851837158,
        1.0427734851837158,
        1.0427734851837158,
        1.0427734851837158,
        1.0427734851837158,
        1.0427734851837158,
        1.0427734851837158,
        1.0427734851837158,
        1.0427734851837158,
        1.0427734851837158,
        1.0427734851837158,
        1.0427734851837158,
        1.0427734851837158,
        1.0427734851837158,
        1.0427734851837158,
        1.0427734851837158,
        1.0427734851837158,
        1.0427734851837158,
        1.0427734851837158,
        1.0427734851837158,
        1.0427734851837158,
        1.0427734851837158,
        1.0427734851837158,
        1.0427734851837158,
        1.0427734851837158,
        1.0427734851837158,
        1.0427734851837158,
        1.0427734851837158,
        1.0427734851837158,
        1.0427734851837158,
        1.0427734851837158,
        1.0427734851837158,
        1.0427734851837158,
        1.0427734851837158,
        1.0427734851837158,
        1.0427734851837158,
        1.0427734851837158,
        1.0427734851837158,
        1.0427734851837158,
        1.0427734851837158,
        1.0427734851837158,
        1.0427734851837158,
        1.0427734851837158
    ],
    "decode_per_iter_latencies": [
        0.033637854360765024,
        0.033637854360765024,
        0.033637854360765024,
        0.033637854360765024,
        0.033637854360765024,
        0.033637854360765024,
        0.033637854360765024,
        0.033637854360765024,
        0.033637854360765024,
        0.033637854360765024,
        0.033637854360765024,
        0.033637854360765024,
        0.033637854360765024,
        0.033637854360765024,
        0.033637854360765024,
        0.033637854360765024,
        0.033637854360765024,
        0.033637854360765024,
        0.033637854360765024,
        0.033637854360765024,
        0.033637854360765024,
        0.033637854360765024,
        0.033637854360765024,
        0.033637854360765024,
        0.033637854360765024,
        0.033637854360765024,
        0.033637854360765024,
        0.033637854360765024,
        0.033637854360765024,
        0.033637854360765024,
        0.033637854360765024,
        0.033637854360765024,
        0.033637854360765024,
        0.033637854360765024,
        0.033637854360765024,
        0.033637854360765024,
        0.033637854360765024,
        0.033637854360765024,
        0.033637854360765024,
        0.033637854360765024,
        0.033637854360765024,
        0.033637854360765024,
        0.033637854360765024,
        0.033637854360765024,
        0.033637854360765024,
        0.033637854360765024,
        0.033637854360765024,
        0.033637854360765024,
        0.033637854360765024,
        0.033637854360765024,
        0.033637854360765024,
        0.033637854360765024,
        0.033637854360765024,
        0.033637854360765024,
        0.033637854360765024,
        0.033637854360765024,
        0.033637854360765024,
        0.033637854360765024,
        0.033637854360765024,
        0.033637854360765024,
        0.033637854360765024,
        0.033637854360765024,
        0.033637854360765024,
        0.033637854360765024
    ]
}