{
    "avg_latency": 6.152060933876783,
    "latencies": [
        6.152060933876783
    ],
    "percentiles": {
        "10": 6.152060933876783,
        "25": 6.152060933876783,
        "50": 6.152060933876783,
        "75": 6.152060933876783,
        "90": 6.152060933876783,
        "99": 6.152060933876783
    },
    "avg_prefill_latency": 5.013329029083252,
    "avg_decode_latency": 1.096832275390625,
    "avg_decode_per_iter_latency": 0.03538168630292338,
    "prefill_latencies": [
        5.013329029083252,
        5.013329029083252,
        5.013329029083252,
        5.013329029083252,
        5.013329029083252,
        5.013329029083252,
        5.013329029083252,
        5.013329029083252,
        5.013329029083252,
        5.013329029083252,
        5.013329029083252,
        5.013329029083252,
        5.013329029083252,
        5.013329029083252,
        5.013329029083252,
        5.013329029083252,
        5.013329029083252,
        5.013329029083252,
        5.013329029083252,
        5.013329029083252,
        5.013329029083252,
        5.013329029083252,
        5.013329029083252,
        5.013329029083252,
        5.013329029083252,
        5.013329029083252,
        5.013329029083252,
        5.013329029083252,
        5.013329029083252,
        5.013329029083252,
        5.013329029083252,
        5.013329029083252,
        5.013329029083252,
        5.013329029083252,
        5.013329029083252,
        5.013329029083252,
        5.013329029083252,
        5.013329029083252,
        5.013329029083252,
        5.013329029083252,
        5.013329029083252,
        5.013329029083252,
        5.013329029083252,
        5.013329029083252,
        5.013329029083252,
        5.013329029083252,
        5.013329029083252,
        5.013329029083252,
        5.013329029083252,
        5.013329029083252,
        5.013329029083252,
        5.013329029083252,
        5.013329029083252,
        5.013329029083252,
        5.013329029083252,
        5.013329029083252,
        5.013329029083252,
        5.013329029083252,
        5.013329029083252,
        5.013329029083252,
        5.013329029083252,
        5.013329029083252,
        5.013329029083252,
        5.013329029083252
    ],
    "decode_latencies": [
        1.096832275390625,
        1.096832275390625,
        1.096832275390625,
        1.096832275390625,
        1.096832275390625,
        1.096832275390625,
        1.096832275390625,
        1.096832275390625,
        1.096832275390625,
        1.096832275390625,
        1.096832275390625,
        1.096832275390625,
        1.096832275390625,
        1.096832275390625,
        1.096832275390625,
        1.096832275390625,
        1.096832275390625,
        1.096832275390625,
        1.096832275390625,
        1.096832275390625,
        1.096832275390625,
        1.096832275390625,
        1.096832275390625,
        1.096832275390625,
        1.096832275390625,
        1.096832275390625,
        1.096832275390625,
        1.096832275390625,
        1.096832275390625,
        1.096832275390625,
        1.096832275390625,
        1.096832275390625,
        1.096832275390625,
        1.096832275390625,
        1.096832275390625,
        1.096832275390625,
        1.096832275390625,
        1.096832275390625,
        1.096832275390625,
        1.096832275390625,
        1.096832275390625,
        1.096832275390625,
        1.096832275390625,
        1.096832275390625,
        1.096832275390625,
        1.096832275390625,
        1.096832275390625,
        1.096832275390625,
        1.096832275390625,
        1.096832275390625,
        1.096832275390625,
        1.096832275390625,
        1.096832275390625,
        1.096832275390625,
        1.096832275390625,
        1.096832275390625,
        1.096832275390625,
        1.096832275390625,
        1.096832275390625,
        1.096832275390625,
        1.096832275390625,
        1.096832275390625,
        1.096832275390625,
        1.096832275390625
    ],
    "decode_per_iter_latencies": [
        0.03538168630292339,
        0.03538168630292339,
        0.03538168630292339,
        0.03538168630292339,
        0.03538168630292339,
        0.03538168630292339,
        0.03538168630292339,
        0.03538168630292339,
        0.03538168630292339,
        0.03538168630292339,
        0.03538168630292339,
        0.03538168630292339,
        0.03538168630292339,
        0.03538168630292339,
        0.03538168630292339,
        0.03538168630292339,
        0.03538168630292339,
        0.03538168630292339,
        0.03538168630292339,
        0.03538168630292339,
        0.03538168630292339,
        0.03538168630292339,
        0.03538168630292339,
        0.03538168630292339,
        0.03538168630292339,
        0.03538168630292339,
        0.03538168630292339,
        0.03538168630292339,
        0.03538168630292339,
        0.03538168630292339,
        0.03538168630292339,
        0.03538168630292339,
        0.03538168630292339,
        0.03538168630292339,
        0.03538168630292339,
        0.03538168630292339,
        0.03538168630292339,
        0.03538168630292339,
        0.03538168630292339,
        0.03538168630292339,
        0.03538168630292339,
        0.03538168630292339,
        0.03538168630292339,
        0.03538168630292339,
        0.03538168630292339,
        0.03538168630292339,
        0.03538168630292339,
        0.03538168630292339,
        0.03538168630292339,
        0.03538168630292339,
        0.03538168630292339,
        0.03538168630292339,
        0.03538168630292339,
        0.03538168630292339,
        0.03538168630292339,
        0.03538168630292339,
        0.03538168630292339,
        0.03538168630292339,
        0.03538168630292339,
        0.03538168630292339,
        0.03538168630292339,
        0.03538168630292339,
        0.03538168630292339,
        0.03538168630292339
    ]
}