{
    "avg_latency": 3.404429783113301,
    "latencies": [
        3.404429783113301
    ],
    "percentiles": {
        "10": 3.404429783113301,
        "25": 3.404429783113301,
        "50": 3.404429783113301,
        "75": 3.404429783113301,
        "90": 3.404429783113301,
        "99": 3.404429783113301
    },
    "avg_prefill_latency": 2.474280595779419,
    "avg_decode_latency": 0.897716760635376,
    "avg_decode_per_iter_latency": 0.02895860518178632,
    "prefill_latencies": [
        2.474280595779419,
        2.474280595779419,
        2.474280595779419,
        2.474280595779419,
        2.474280595779419,
        2.474280595779419,
        2.474280595779419,
        2.474280595779419,
        2.474280595779419,
        2.474280595779419,
        2.474280595779419,
        2.474280595779419,
        2.474280595779419,
        2.474280595779419,
        2.474280595779419,
        2.474280595779419,
        2.474280595779419,
        2.474280595779419,
        2.474280595779419,
        2.474280595779419,
        2.474280595779419,
        2.474280595779419,
        2.474280595779419,
        2.474280595779419,
        2.474280595779419,
        2.474280595779419,
        2.474280595779419,
        2.474280595779419,
        2.474280595779419,
        2.474280595779419,
        2.474280595779419,
        2.474280595779419
    ],
    "decode_latencies": [
        0.897716760635376,
        0.897716760635376,
        0.897716760635376,
        0.897716760635376,
        0.897716760635376,
        0.897716760635376,
        0.897716760635376,
        0.897716760635376,
        0.897716760635376,
        0.897716760635376,
        0.897716760635376,
        0.897716760635376,
        0.897716760635376,
        0.897716760635376,
        0.897716760635376,
        0.897716760635376,
        0.897716760635376,
        0.897716760635376,
        0.897716760635376,
        0.897716760635376,
        0.897716760635376,
        0.897716760635376,
        0.897716760635376,
        0.897716760635376,
        0.897716760635376,
        0.897716760635376,
        0.897716760635376,
        0.897716760635376,
        0.897716760635376,
        0.897716760635376,
        0.897716760635376,
        0.897716760635376
    ],
    "decode_per_iter_latencies": [
        0.02895860518178632,
        0.02895860518178632,
        0.02895860518178632,
        0.02895860518178632,
        0.02895860518178632,
        0.02895860518178632,
        0.02895860518178632,
        0.02895860518178632,
        0.02895860518178632,
        0.02895860518178632,
        0.02895860518178632,
        0.02895860518178632,
        0.02895860518178632,
        0.02895860518178632,
        0.02895860518178632,
        0.02895860518178632,
        0.02895860518178632,
        0.02895860518178632,
        0.02895860518178632,
        0.02895860518178632,
        0.02895860518178632,
        0.02895860518178632,
        0.02895860518178632,
        0.02895860518178632,
        0.02895860518178632,
        0.02895860518178632,
        0.02895860518178632,
        0.02895860518178632,
        0.02895860518178632,
        0.02895860518178632,
        0.02895860518178632,
        0.02895860518178632
    ]
}