{
    "avg_latency": 2.322812968865037,
    "latencies": [
        2.322812968865037
    ],
    "percentiles": {
        "10": 2.322812968865037,
        "25": 2.322812968865037,
        "50": 2.322812968865037,
        "75": 2.322812968865037,
        "90": 2.322812968865037,
        "99": 2.322812968865037
    },
    "avg_prefill_latency": 1.2331781387329102,
    "avg_decode_latency": 1.0524389743804932,
    "avg_decode_per_iter_latency": 0.03394964433485462,
    "prefill_latencies": [
        1.2331781387329102,
        1.2331781387329102,
        1.2331781387329102,
        1.2331781387329102,
        1.2331781387329102,
        1.2331781387329102,
        1.2331781387329102,
        1.2331781387329102,
        1.2331781387329102,
        1.2331781387329102,
        1.2331781387329102,
        1.2331781387329102,
        1.2331781387329102,
        1.2331781387329102,
        1.2331781387329102,
        1.2331781387329102,
        1.2331781387329102,
        1.2331781387329102,
        1.2331781387329102,
        1.2331781387329102,
        1.2331781387329102,
        1.2331781387329102,
        1.2331781387329102,
        1.2331781387329102,
        1.2331781387329102,
        1.2331781387329102,
        1.2331781387329102,
        1.2331781387329102,
        1.2331781387329102,
        1.2331781387329102,
        1.2331781387329102,
        1.2331781387329102,
        1.2331781387329102,
        1.2331781387329102,
        1.2331781387329102,
        1.2331781387329102,
        1.2331781387329102,
        1.2331781387329102,
        1.2331781387329102,
        1.2331781387329102,
        1.2331781387329102,
        1.2331781387329102,
        1.2331781387329102,
        1.2331781387329102,
        1.2331781387329102,
        1.2331781387329102,
        1.2331781387329102,
        1.2331781387329102,
        1.2331781387329102,
        1.2331781387329102,
        1.2331781387329102,
        1.2331781387329102,
        1.2331781387329102,
        1.2331781387329102,
        1.2331781387329102,
        1.2331781387329102,
        1.2331781387329102,
        1.2331781387329102,
        1.2331781387329102,
        1.2331781387329102,
        1.2331781387329102,
        1.2331781387329102,
        1.2331781387329102,
        1.2331781387329102
    ],
    "decode_latencies": [
        1.0524389743804932,
        1.0524389743804932,
        1.0524389743804932,
        1.0524389743804932,
        1.0524389743804932,
        1.0524389743804932,
        1.0524389743804932,
        1.0524389743804932,
        1.0524389743804932,
        1.0524389743804932,
        1.0524389743804932,
        1.0524389743804932,
        1.0524389743804932,
        1.0524389743804932,
        1.0524389743804932,
        1.0524389743804932,
        1.0524389743804932,
        1.0524389743804932,
        1.0524389743804932,
        1.0524389743804932,
        1.0524389743804932,
        1.0524389743804932,
        1.0524389743804932,
        1.0524389743804932,
        1.0524389743804932,
        1.0524389743804932,
        1.0524389743804932,
        1.0524389743804932,
        1.0524389743804932,
        1.0524389743804932,
        1.0524389743804932,
        1.0524389743804932,
        1.0524389743804932,
        1.0524389743804932,
        1.0524389743804932,
        1.0524389743804932,
        1.0524389743804932,
        1.0524389743804932,
        1.0524389743804932,
        1.0524389743804932,
        1.0524389743804932,
        1.0524389743804932,
        1.0524389743804932,
        1.0524389743804932,
        1.0524389743804932,
        1.0524389743804932,
        1.0524389743804932,
        1.0524389743804932,
        1.0524389743804932,
        1.0524389743804932,
        1.0524389743804932,
        1.0524389743804932,
        1.0524389743804932,
        1.0524389743804932,
        1.0524389743804932,
        1.0524389743804932,
        1.0524389743804932,
        1.0524389743804932,
        1.0524389743804932,
        1.0524389743804932,
        1.0524389743804932,
        1.0524389743804932,
        1.0524389743804932,
        1.0524389743804932
    ],
    "decode_per_iter_latencies": [
        0.03394964433485462,
        0.03394964433485462,
        0.03394964433485462,
        0.03394964433485462,
        0.03394964433485462,
        0.03394964433485462,
        0.03394964433485462,
        0.03394964433485462,
        0.03394964433485462,
        0.03394964433485462,
        0.03394964433485462,
        0.03394964433485462,
        0.03394964433485462,
        0.03394964433485462,
        0.03394964433485462,
        0.03394964433485462,
        0.03394964433485462,
        0.03394964433485462,
        0.03394964433485462,
        0.03394964433485462,
        0.03394964433485462,
        0.03394964433485462,
        0.03394964433485462,
        0.03394964433485462,
        0.03394964433485462,
        0.03394964433485462,
        0.03394964433485462,
        0.03394964433485462,
        0.03394964433485462,
        0.03394964433485462,
        0.03394964433485462,
        0.03394964433485462,
        0.03394964433485462,
        0.03394964433485462,
        0.03394964433485462,
        0.03394964433485462,
        0.03394964433485462,
        0.03394964433485462,
        0.03394964433485462,
        0.03394964433485462,
        0.03394964433485462,
        0.03394964433485462,
        0.03394964433485462,
        0.03394964433485462,
        0.03394964433485462,
        0.03394964433485462,
        0.03394964433485462,
        0.03394964433485462,
        0.03394964433485462,
        0.03394964433485462,
        0.03394964433485462,
        0.03394964433485462,
        0.03394964433485462,
        0.03394964433485462,
        0.03394964433485462,
        0.03394964433485462,
        0.03394964433485462,
        0.03394964433485462,
        0.03394964433485462,
        0.03394964433485462,
        0.03394964433485462,
        0.03394964433485462,
        0.03394964433485462,
        0.03394964433485462
    ]
}