{
    "avg_latency": 0.4615238201804459,
    "latencies": [
        0.4615238201804459
    ],
    "percentiles": {
        "10": 0.4615238201804459,
        "25": 0.4615238201804459,
        "50": 0.4615238201804459,
        "75": 0.4615238201804459,
        "90": 0.4615238201804459,
        "99": 0.4615238201804459
    },
    "avg_prefill_latency": 0.06844162940979004,
    "avg_decode_latency": 0.3809959888458252,
    "avg_decode_per_iter_latency": 0.012290193188575006,
    "prefill_latencies": [
        0.06844162940979004,
        0.06844162940979004,
        0.06844162940979004,
        0.06844162940979004,
        0.06844162940979004,
        0.06844162940979004,
        0.06844162940979004,
        0.06844162940979004,
        0.06844162940979004,
        0.06844162940979004,
        0.06844162940979004,
        0.06844162940979004,
        0.06844162940979004,
        0.06844162940979004,
        0.06844162940979004,
        0.06844162940979004
    ],
    "decode_latencies": [
        0.3809959888458252,
        0.3809959888458252,
        0.3809959888458252,
        0.3809959888458252,
        0.3809959888458252,
        0.3809959888458252,
        0.3809959888458252,
        0.3809959888458252,
        0.3809959888458252,
        0.3809959888458252,
        0.3809959888458252,
        0.3809959888458252,
        0.3809959888458252,
        0.3809959888458252,
        0.3809959888458252,
        0.3809959888458252
    ],
    "decode_per_iter_latencies": [
        0.012290193188575006,
        0.012290193188575006,
        0.012290193188575006,
        0.012290193188575006,
        0.012290193188575006,
        0.012290193188575006,
        0.012290193188575006,
        0.012290193188575006,
        0.012290193188575006,
        0.012290193188575006,
        0.012290193188575006,
        0.012290193188575006,
        0.012290193188575006,
        0.012290193188575006,
        0.012290193188575006,
        0.012290193188575006
    ]
}