{
    "avg_latency": 6.086815705988556,
    "latencies": [
        6.086815705988556
    ],
    "percentiles": {
        "10": 6.086815705988556,
        "25": 6.086815705988556,
        "50": 6.086815705988556,
        "75": 6.086815705988556,
        "90": 6.086815705988556,
        "99": 6.086815705988556
    },
    "avg_prefill_latency": 5.130731821060181,
    "avg_decode_latency": 0.9198319911956787,
    "avg_decode_per_iter_latency": 0.029671999715989637,
    "prefill_latencies": [
        5.130731821060181,
        5.130731821060181,
        5.130731821060181,
        5.130731821060181,
        5.130731821060181,
        5.130731821060181,
        5.130731821060181,
        5.130731821060181,
        5.130731821060181,
        5.130731821060181,
        5.130731821060181,
        5.130731821060181,
        5.130731821060181,
        5.130731821060181,
        5.130731821060181,
        5.130731821060181,
        5.130731821060181,
        5.130731821060181,
        5.130731821060181,
        5.130731821060181,
        5.130731821060181,
        5.130731821060181,
        5.130731821060181,
        5.130731821060181,
        5.130731821060181,
        5.130731821060181,
        5.130731821060181,
        5.130731821060181,
        5.130731821060181,
        5.130731821060181,
        5.130731821060181,
        5.130731821060181
    ],
    "decode_latencies": [
        0.9198319911956787,
        0.9198319911956787,
        0.9198319911956787,
        0.9198319911956787,
        0.9198319911956787,
        0.9198319911956787,
        0.9198319911956787,
        0.9198319911956787,
        0.9198319911956787,
        0.9198319911956787,
        0.9198319911956787,
        0.9198319911956787,
        0.9198319911956787,
        0.9198319911956787,
        0.9198319911956787,
        0.9198319911956787,
        0.9198319911956787,
        0.9198319911956787,
        0.9198319911956787,
        0.9198319911956787,
        0.9198319911956787,
        0.9198319911956787,
        0.9198319911956787,
        0.9198319911956787,
        0.9198319911956787,
        0.9198319911956787,
        0.9198319911956787,
        0.9198319911956787,
        0.9198319911956787,
        0.9198319911956787,
        0.9198319911956787,
        0.9198319911956787
    ],
    "decode_per_iter_latencies": [
        0.029671999715989637,
        0.029671999715989637,
        0.029671999715989637,
        0.029671999715989637,
        0.029671999715989637,
        0.029671999715989637,
        0.029671999715989637,
        0.029671999715989637,
        0.029671999715989637,
        0.029671999715989637,
        0.029671999715989637,
        0.029671999715989637,
        0.029671999715989637,
        0.029671999715989637,
        0.029671999715989637,
        0.029671999715989637,
        0.029671999715989637,
        0.029671999715989637,
        0.029671999715989637,
        0.029671999715989637,
        0.029671999715989637,
        0.029671999715989637,
        0.029671999715989637,
        0.029671999715989637,
        0.029671999715989637,
        0.029671999715989637,
        0.029671999715989637,
        0.029671999715989637,
        0.029671999715989637,
        0.029671999715989637,
        0.029671999715989637,
        0.029671999715989637
    ]
}