{
    "avg_latency": 1.0048884432762861,
    "latencies": [
        1.0048884432762861
    ],
    "percentiles": {
        "10": 1.0048884432762861,
        "25": 1.0048884432762861,
        "50": 1.0048884432762861,
        "75": 1.0048884432762861,
        "90": 1.0048884432762861,
        "99": 1.0048884432762861
    },
    "avg_prefill_latency": 0.16827797889709473,
    "avg_decode_latency": 0.8105525970458984,
    "avg_decode_per_iter_latency": 0.02614685796922253,
    "prefill_latencies": [
        0.16827797889709473,
        0.16827797889709473,
        0.16827797889709473,
        0.16827797889709473,
        0.16827797889709473,
        0.16827797889709473,
        0.16827797889709473,
        0.16827797889709473
    ],
    "decode_latencies": [
        0.8105525970458984,
        0.8105525970458984,
        0.8105525970458984,
        0.8105525970458984,
        0.8105525970458984,
        0.8105525970458984,
        0.8105525970458984,
        0.8105525970458984
    ],
    "decode_per_iter_latencies": [
        0.02614685796922253,
        0.02614685796922253,
        0.02614685796922253,
        0.02614685796922253,
        0.02614685796922253,
        0.02614685796922253,
        0.02614685796922253,
        0.02614685796922253
    ]
}