{
    "avg_latency": 0.4118290380574763,
    "latencies": [
        0.4118290380574763
    ],
    "percentiles": {
        "10": 0.4118290380574763,
        "25": 0.4118290380574763,
        "50": 0.4118290380574763,
        "75": 0.4118290380574763,
        "90": 0.4118290380574763,
        "99": 0.4118290380574763
    },
    "avg_prefill_latency": 0.06349515914916992,
    "avg_decode_latency": 0.3383605480194092,
    "avg_decode_per_iter_latency": 0.010914856387722877,
    "prefill_latencies": [
        0.06349515914916992
    ],
    "decode_latencies": [
        0.3383605480194092
    ],
    "decode_per_iter_latencies": [
        0.010914856387722877
    ]
}