{
    "avg_latency": 1.2213172339834273,
    "latencies": [
        1.2213172339834273
    ],
    "percentiles": {
        "10": 1.2213172339834273,
        "25": 1.2213172339834273,
        "50": 1.2213172339834273,
        "75": 1.2213172339834273,
        "90": 1.2213172339834273,
        "99": 1.2213172339834273
    },
    "avg_prefill_latency": 0.31705188751220703,
    "avg_decode_latency": 0.8743598461151123,
    "avg_decode_per_iter_latency": 0.028205156326293945,
    "prefill_latencies": [
        0.31705188751220703,
        0.31705188751220703,
        0.31705188751220703,
        0.31705188751220703,
        0.31705188751220703,
        0.31705188751220703,
        0.31705188751220703,
        0.31705188751220703,
        0.31705188751220703,
        0.31705188751220703,
        0.31705188751220703,
        0.31705188751220703,
        0.31705188751220703,
        0.31705188751220703,
        0.31705188751220703,
        0.31705188751220703,
        0.31705188751220703,
        0.31705188751220703,
        0.31705188751220703,
        0.31705188751220703,
        0.31705188751220703,
        0.31705188751220703,
        0.31705188751220703,
        0.31705188751220703,
        0.31705188751220703,
        0.31705188751220703,
        0.31705188751220703,
        0.31705188751220703,
        0.31705188751220703,
        0.31705188751220703,
        0.31705188751220703,
        0.31705188751220703
    ],
    "decode_latencies": [
        0.8743598461151123,
        0.8743598461151123,
        0.8743598461151123,
        0.8743598461151123,
        0.8743598461151123,
        0.8743598461151123,
        0.8743598461151123,
        0.8743598461151123,
        0.8743598461151123,
        0.8743598461151123,
        0.8743598461151123,
        0.8743598461151123,
        0.8743598461151123,
        0.8743598461151123,
        0.8743598461151123,
        0.8743598461151123,
        0.8743598461151123,
        0.8743598461151123,
        0.8743598461151123,
        0.8743598461151123,
        0.8743598461151123,
        0.8743598461151123,
        0.8743598461151123,
        0.8743598461151123,
        0.8743598461151123,
        0.8743598461151123,
        0.8743598461151123,
        0.8743598461151123,
        0.8743598461151123,
        0.8743598461151123,
        0.8743598461151123,
        0.8743598461151123
    ],
    "decode_per_iter_latencies": [
        0.028205156326293945,
        0.028205156326293945,
        0.028205156326293945,
        0.028205156326293945,
        0.028205156326293945,
        0.028205156326293945,
        0.028205156326293945,
        0.028205156326293945,
        0.028205156326293945,
        0.028205156326293945,
        0.028205156326293945,
        0.028205156326293945,
        0.028205156326293945,
        0.028205156326293945,
        0.028205156326293945,
        0.028205156326293945,
        0.028205156326293945,
        0.028205156326293945,
        0.028205156326293945,
        0.028205156326293945,
        0.028205156326293945,
        0.028205156326293945,
        0.028205156326293945,
        0.028205156326293945,
        0.028205156326293945,
        0.028205156326293945,
        0.028205156326293945,
        0.028205156326293945,
        0.028205156326293945,
        0.028205156326293945,
        0.028205156326293945,
        0.028205156326293945
    ]
}