{
    "avg_latency": 0.9120036559179425,
    "latencies": [
        0.9120036559179425
    ],
    "percentiles": {
        "10": 0.9120036559179425,
        "25": 0.9120036559179425,
        "50": 0.9120036559179425,
        "75": 0.9120036559179425,
        "90": 0.9120036559179425,
        "99": 0.9120036559179425
    },
    "avg_prefill_latency": 0.09622406959533691,
    "avg_decode_latency": 0.7908914089202881,
    "avg_decode_per_iter_latency": 0.02551262609420284,
    "prefill_latencies": [
        0.09622406959533691
    ],
    "decode_latencies": [
        0.7908914089202881
    ],
    "decode_per_iter_latencies": [
        0.02551262609420284
    ]
}