{
    "avg_latency": 23.41499819792807,
    "latencies": [
        23.41499819792807
    ],
    "percentiles": {
        "10": 23.41499819792807,
        "25": 23.41499819792807,
        "50": 23.41499819792807,
        "75": 23.41499819792807,
        "90": 23.41499819792807,
        "99": 23.41499819792807
    },
    "avg_prefill_latency": 22.218520641326904,
    "avg_decode_latency": 1.1432445049285889,
    "avg_decode_per_iter_latency": 0.036878854997696414,
    "prefill_latencies": [
        22.218520641326904,
        22.218520641326904,
        22.218520641326904,
        22.218520641326904,
        22.218520641326904,
        22.218520641326904,
        22.218520641326904,
        22.218520641326904,
        22.218520641326904,
        22.218520641326904,
        22.218520641326904,
        22.218520641326904,
        22.218520641326904,
        22.218520641326904,
        22.218520641326904,
        22.218520641326904,
        22.218520641326904,
        22.218520641326904,
        22.218520641326904,
        22.218520641326904,
        22.218520641326904,
        22.218520641326904,
        22.218520641326904,
        22.218520641326904,
        22.218520641326904,
        22.218520641326904,
        22.218520641326904,
        22.218520641326904,
        22.218520641326904,
        22.218520641326904,
        22.218520641326904,
        22.218520641326904
    ],
    "decode_latencies": [
        1.1432445049285889,
        1.1432445049285889,
        1.1432445049285889,
        1.1432445049285889,
        1.1432445049285889,
        1.1432445049285889,
        1.1432445049285889,
        1.1432445049285889,
        1.1432445049285889,
        1.1432445049285889,
        1.1432445049285889,
        1.1432445049285889,
        1.1432445049285889,
        1.1432445049285889,
        1.1432445049285889,
        1.1432445049285889,
        1.1432445049285889,
        1.1432445049285889,
        1.1432445049285889,
        1.1432445049285889,
        1.1432445049285889,
        1.1432445049285889,
        1.1432445049285889,
        1.1432445049285889,
        1.1432445049285889,
        1.1432445049285889,
        1.1432445049285889,
        1.1432445049285889,
        1.1432445049285889,
        1.1432445049285889,
        1.1432445049285889,
        1.1432445049285889
    ],
    "decode_per_iter_latencies": [
        0.036878854997696414,
        0.036878854997696414,
        0.036878854997696414,
        0.036878854997696414,
        0.036878854997696414,
        0.036878854997696414,
        0.036878854997696414,
        0.036878854997696414,
        0.036878854997696414,
        0.036878854997696414,
        0.036878854997696414,
        0.036878854997696414,
        0.036878854997696414,
        0.036878854997696414,
        0.036878854997696414,
        0.036878854997696414,
        0.036878854997696414,
        0.036878854997696414,
        0.036878854997696414,
        0.036878854997696414,
        0.036878854997696414,
        0.036878854997696414,
        0.036878854997696414,
        0.036878854997696414,
        0.036878854997696414,
        0.036878854997696414,
        0.036878854997696414,
        0.036878854997696414,
        0.036878854997696414,
        0.036878854997696414,
        0.036878854997696414,
        0.036878854997696414
    ]
}