{
    "avg_latency": 1.8089745459146798,
    "latencies": [
        1.8089745459146798
    ],
    "percentiles": {
        "10": 1.8089745459146798,
        "25": 1.8089745459146798,
        "50": 1.8089745459146798,
        "75": 1.8089745459146798,
        "90": 1.8089745459146798,
        "99": 1.8089745459146798
    },
    "avg_prefill_latency": 1.4229090213775635,
    "avg_decode_latency": 0.3712577819824219,
    "avg_decode_per_iter_latency": 0.011976057483303932,
    "prefill_latencies": [
        1.4229090213775635,
        1.4229090213775635,
        1.4229090213775635,
        1.4229090213775635,
        1.4229090213775635,
        1.4229090213775635,
        1.4229090213775635,
        1.4229090213775635
    ],
    "decode_latencies": [
        0.3712577819824219,
        0.3712577819824219,
        0.3712577819824219,
        0.3712577819824219,
        0.3712577819824219,
        0.3712577819824219,
        0.3712577819824219,
        0.3712577819824219
    ],
    "decode_per_iter_latencies": [
        0.011976057483303932,
        0.011976057483303932,
        0.011976057483303932,
        0.011976057483303932,
        0.011976057483303932,
        0.011976057483303932,
        0.011976057483303932,
        0.011976057483303932
    ]
}