{
    "avg_latency": 1.0878891041502357,
    "latencies": [
        1.0878891041502357
    ],
    "percentiles": {
        "10": 1.0878891041502357,
        "25": 1.0878891041502357,
        "50": 1.0878891041502357,
        "75": 1.0878891041502357,
        "90": 1.0878891041502357,
        "99": 1.0878891041502357
    },
    "avg_prefill_latency": 0.6997799873352051,
    "avg_decode_latency": 0.37522077560424805,
    "avg_decode_per_iter_latency": 0.012103895987233809,
    "prefill_latencies": [
        0.6997799873352051,
        0.6997799873352051,
        0.6997799873352051,
        0.6997799873352051,
        0.6997799873352051,
        0.6997799873352051,
        0.6997799873352051,
        0.6997799873352051
    ],
    "decode_latencies": [
        0.37522077560424805,
        0.37522077560424805,
        0.37522077560424805,
        0.37522077560424805,
        0.37522077560424805,
        0.37522077560424805,
        0.37522077560424805,
        0.37522077560424805
    ],
    "decode_per_iter_latencies": [
        0.012103895987233809,
        0.012103895987233809,
        0.012103895987233809,
        0.012103895987233809,
        0.012103895987233809,
        0.012103895987233809,
        0.012103895987233809,
        0.012103895987233809
    ]
}