{
    "avg_latency": 101.25190323218703,
    "latencies": [
        101.25190323218703
    ],
    "percentiles": {
        "10": 101.25190323218703,
        "25": 101.25190323218703,
        "50": 101.25190323218703,
        "75": 101.25190323218703,
        "90": 101.25190323218703,
        "99": 101.25190323218703
    },
    "avg_prefill_latency": 23.252783477306366,
    "avg_decode_latency": 22.387428991496563,
    "avg_decode_per_iter_latency": 0.7221751287579538,
    "prefill_latencies": [
        24.616400003433228,
        24.616400003433228,
        24.616400003433228,
        24.616400003433228,
        24.616400003433228,
        24.616400003433228,
        24.616400003433228,
        24.616400003433228,
        24.616400003433228,
        24.616400003433228,
        24.616400003433228,
        24.616400003433228,
        24.616400003433228,
        24.616400003433228,
        24.616400003433228,
        24.616400003433228,
        24.601386547088623,
        24.601386547088623,
        24.601386547088623,
        24.601386547088623,
        24.601386547088623,
        24.601386547088623,
        24.601386547088623,
        24.601386547088623,
        24.601386547088623,
        24.601386547088623,
        24.601386547088623,
        24.601386547088623,
        24.601386547088623,
        24.601386547088623,
        24.601386547088623,
        24.601386547088623,
        24.577896118164062,
        24.577896118164062,
        24.577896118164062,
        24.577896118164062,
        24.577896118164062,
        24.577896118164062,
        24.577896118164062,
        24.577896118164062,
        24.577896118164062,
        24.577896118164062,
        24.577896118164062,
        24.577896118164062,
        24.577896118164062,
        24.577896118164062,
        24.577896118164062,
        24.577896118164062,
        3.220210313796997,
        3.220210313796997,
        21.50048565864563,
        21.50048565864563,
        21.50048565864563,
        21.50048565864563,
        21.50048565864563,
        21.50048565864563,
        21.50048565864563,
        21.50048565864563,
        21.50048565864563,
        21.50048565864563,
        21.50048565864563,
        21.50048565864563,
        21.50048565864563,
        21.50048565864563
    ],
    "decode_latencies": [
        53.9731879234314,
        53.9731879234314,
        53.9731879234314,
        53.9731879234314,
        53.9731879234314,
        53.9731879234314,
        53.9731879234314,
        53.9731879234314,
        53.9731879234314,
        53.9731879234314,
        53.9731879234314,
        53.9731879234314,
        53.9731879234314,
        53.9731879234314,
        53.9731879234314,
        53.9731879234314,
        29.45547604560852,
        29.45547604560852,
        29.45547604560852,
        29.45547604560852,
        29.45547604560852,
        29.45547604560852,
        29.45547604560852,
        29.45547604560852,
        29.45547604560852,
        29.45547604560852,
        29.45547604560852,
        29.45547604560852,
        29.45547604560852,
        29.45547604560852,
        29.45547604560852,
        29.45547604560852,
        4.958773612976074,
        4.958773612976074,
        4.958773612976074,
        4.958773612976074,
        4.958773612976074,
        4.958773612976074,
        4.958773612976074,
        4.958773612976074,
        4.958773612976074,
        4.958773612976074,
        4.958773612976074,
        4.958773612976074,
        4.958773612976074,
        4.958773612976074,
        4.958773612976074,
        4.958773612976074,
        1.7960059642791748,
        1.7960059642791748,
        1.0717458724975586,
        1.0717458724975586,
        1.0717458724975586,
        1.0717458724975586,
        1.0717458724975586,
        1.0717458724975586,
        1.0717458724975586,
        1.0717458724975586,
        1.0717458724975586,
        1.0717458724975586,
        1.0717458724975586,
        1.0717458724975586,
        1.0717458724975586,
        1.0717458724975586
    ],
    "decode_per_iter_latencies": [
        1.7410705781752063,
        1.7410705781752063,
        1.7410705781752063,
        1.7410705781752063,
        1.7410705781752063,
        1.7410705781752063,
        1.7410705781752063,
        1.7410705781752063,
        1.7410705781752063,
        1.7410705781752063,
        1.7410705781752063,
        1.7410705781752063,
        1.7410705781752063,
        1.7410705781752063,
        1.7410705781752063,
        1.7410705781752063,
        0.9501766466325329,
        0.9501766466325329,
        0.9501766466325329,
        0.9501766466325329,
        0.9501766466325329,
        0.9501766466325329,
        0.9501766466325329,
        0.9501766466325329,
        0.9501766466325329,
        0.9501766466325329,
        0.9501766466325329,
        0.9501766466325329,
        0.9501766466325329,
        0.9501766466325329,
        0.9501766466325329,
        0.9501766466325329,
        0.15996043912826047,
        0.15996043912826047,
        0.15996043912826047,
        0.15996043912826047,
        0.15996043912826047,
        0.15996043912826047,
        0.15996043912826047,
        0.15996043912826047,
        0.15996043912826047,
        0.15996043912826047,
        0.15996043912826047,
        0.15996043912826047,
        0.15996043912826047,
        0.15996043912826047,
        0.15996043912826047,
        0.15996043912826047,
        0.057935676267070156,
        0.057935676267070156,
        0.03457244749992124,
        0.03457244749992124,
        0.03457244749992124,
        0.03457244749992124,
        0.03457244749992124,
        0.03457244749992124,
        0.03457244749992124,
        0.03457244749992124,
        0.03457244749992124,
        0.03457244749992124,
        0.03457244749992124,
        0.03457244749992124,
        0.03457244749992124,
        0.03457244749992124
    ]
}