{
    "avg_latency": 1.0835732729174197,
    "latencies": [
        1.0835732729174197
    ],
    "percentiles": {
        "10": 1.0835732729174197,
        "25": 1.0835732729174197,
        "50": 1.0835732729174197,
        "75": 1.0835732729174197,
        "90": 1.0835732729174197,
        "99": 1.0835732729174197
    },
    "avg_prefill_latency": 0.6816298961639404,
    "avg_decode_latency": 0.38797616958618164,
    "avg_decode_per_iter_latency": 0.012515360309231666,
    "prefill_latencies": [
        0.6816298961639404,
        0.6816298961639404,
        0.6816298961639404,
        0.6816298961639404,
        0.6816298961639404,
        0.6816298961639404,
        0.6816298961639404,
        0.6816298961639404,
        0.6816298961639404,
        0.6816298961639404,
        0.6816298961639404,
        0.6816298961639404,
        0.6816298961639404,
        0.6816298961639404,
        0.6816298961639404,
        0.6816298961639404
    ],
    "decode_latencies": [
        0.38797616958618164,
        0.38797616958618164,
        0.38797616958618164,
        0.38797616958618164,
        0.38797616958618164,
        0.38797616958618164,
        0.38797616958618164,
        0.38797616958618164,
        0.38797616958618164,
        0.38797616958618164,
        0.38797616958618164,
        0.38797616958618164,
        0.38797616958618164,
        0.38797616958618164,
        0.38797616958618164,
        0.38797616958618164
    ],
    "decode_per_iter_latencies": [
        0.012515360309231666,
        0.012515360309231666,
        0.012515360309231666,
        0.012515360309231666,
        0.012515360309231666,
        0.012515360309231666,
        0.012515360309231666,
        0.012515360309231666,
        0.012515360309231666,
        0.012515360309231666,
        0.012515360309231666,
        0.012515360309231666,
        0.012515360309231666,
        0.012515360309231666,
        0.012515360309231666,
        0.012515360309231666
    ]
}