{
    "avg_latency": 3.9494592831470072,
    "latencies": [
        3.9494592831470072
    ],
    "percentiles": {
        "10": 3.9494592831470072,
        "25": 3.9494592831470072,
        "50": 3.9494592831470072,
        "75": 3.9494592831470072,
        "90": 3.9494592831470072,
        "99": 3.9494592831470072
    },
    "avg_prefill_latency": 2.4681618213653564,
    "avg_decode_latency": 1.4281635284423828,
    "avg_decode_per_iter_latency": 0.04606979124007685,
    "prefill_latencies": [
        2.4681618213653564,
        2.4681618213653564,
        2.4681618213653564,
        2.4681618213653564,
        2.4681618213653564,
        2.4681618213653564,
        2.4681618213653564,
        2.4681618213653564,
        2.4681618213653564,
        2.4681618213653564,
        2.4681618213653564,
        2.4681618213653564,
        2.4681618213653564,
        2.4681618213653564,
        2.4681618213653564,
        2.4681618213653564,
        2.4681618213653564,
        2.4681618213653564,
        2.4681618213653564,
        2.4681618213653564,
        2.4681618213653564,
        2.4681618213653564,
        2.4681618213653564,
        2.4681618213653564,
        2.4681618213653564,
        2.4681618213653564,
        2.4681618213653564,
        2.4681618213653564,
        2.4681618213653564,
        2.4681618213653564,
        2.4681618213653564,
        2.4681618213653564,
        2.4681618213653564,
        2.4681618213653564,
        2.4681618213653564,
        2.4681618213653564,
        2.4681618213653564,
        2.4681618213653564,
        2.4681618213653564,
        2.4681618213653564,
        2.4681618213653564,
        2.4681618213653564,
        2.4681618213653564,
        2.4681618213653564,
        2.4681618213653564,
        2.4681618213653564,
        2.4681618213653564,
        2.4681618213653564,
        2.4681618213653564,
        2.4681618213653564,
        2.4681618213653564,
        2.4681618213653564,
        2.4681618213653564,
        2.4681618213653564,
        2.4681618213653564,
        2.4681618213653564,
        2.4681618213653564,
        2.4681618213653564,
        2.4681618213653564,
        2.4681618213653564,
        2.4681618213653564,
        2.4681618213653564,
        2.4681618213653564,
        2.4681618213653564,
        2.4681618213653564,
        2.4681618213653564,
        2.4681618213653564,
        2.4681618213653564,
        2.4681618213653564,
        2.4681618213653564,
        2.4681618213653564,
        2.4681618213653564,
        2.4681618213653564,
        2.4681618213653564,
        2.4681618213653564,
        2.4681618213653564,
        2.4681618213653564,
        2.4681618213653564,
        2.4681618213653564,
        2.4681618213653564,
        2.4681618213653564,
        2.4681618213653564,
        2.4681618213653564,
        2.4681618213653564,
        2.4681618213653564,
        2.4681618213653564,
        2.4681618213653564,
        2.4681618213653564,
        2.4681618213653564,
        2.4681618213653564,
        2.4681618213653564,
        2.4681618213653564,
        2.4681618213653564,
        2.4681618213653564,
        2.4681618213653564,
        2.4681618213653564,
        2.4681618213653564,
        2.4681618213653564,
        2.4681618213653564,
        2.4681618213653564,
        2.4681618213653564,
        2.4681618213653564,
        2.4681618213653564,
        2.4681618213653564,
        2.4681618213653564,
        2.4681618213653564,
        2.4681618213653564,
        2.4681618213653564,
        2.4681618213653564,
        2.4681618213653564,
        2.4681618213653564,
        2.4681618213653564,
        2.4681618213653564,
        2.4681618213653564,
        2.4681618213653564,
        2.4681618213653564,
        2.4681618213653564,
        2.4681618213653564,
        2.4681618213653564,
        2.4681618213653564,
        2.4681618213653564,
        2.4681618213653564,
        2.4681618213653564,
        2.4681618213653564,
        2.4681618213653564,
        2.4681618213653564,
        2.4681618213653564,
        2.4681618213653564
    ],
    "decode_latencies": [
        1.4281635284423828,
        1.4281635284423828,
        1.4281635284423828,
        1.4281635284423828,
        1.4281635284423828,
        1.4281635284423828,
        1.4281635284423828,
        1.4281635284423828,
        1.4281635284423828,
        1.4281635284423828,
        1.4281635284423828,
        1.4281635284423828,
        1.4281635284423828,
        1.4281635284423828,
        1.4281635284423828,
        1.4281635284423828,
        1.4281635284423828,
        1.4281635284423828,
        1.4281635284423828,
        1.4281635284423828,
        1.4281635284423828,
        1.4281635284423828,
        1.4281635284423828,
        1.4281635284423828,
        1.4281635284423828,
        1.4281635284423828,
        1.4281635284423828,
        1.4281635284423828,
        1.4281635284423828,
        1.4281635284423828,
        1.4281635284423828,
        1.4281635284423828,
        1.4281635284423828,
        1.4281635284423828,
        1.4281635284423828,
        1.4281635284423828,
        1.4281635284423828,
        1.4281635284423828,
        1.4281635284423828,
        1.4281635284423828,
        1.4281635284423828,
        1.4281635284423828,
        1.4281635284423828,
        1.4281635284423828,
        1.4281635284423828,
        1.4281635284423828,
        1.4281635284423828,
        1.4281635284423828,
        1.4281635284423828,
        1.4281635284423828,
        1.4281635284423828,
        1.4281635284423828,
        1.4281635284423828,
        1.4281635284423828,
        1.4281635284423828,
        1.4281635284423828,
        1.4281635284423828,
        1.4281635284423828,
        1.4281635284423828,
        1.4281635284423828,
        1.4281635284423828,
        1.4281635284423828,
        1.4281635284423828,
        1.4281635284423828,
        1.4281635284423828,
        1.4281635284423828,
        1.4281635284423828,
        1.4281635284423828,
        1.4281635284423828,
        1.4281635284423828,
        1.4281635284423828,
        1.4281635284423828,
        1.4281635284423828,
        1.4281635284423828,
        1.4281635284423828,
        1.4281635284423828,
        1.4281635284423828,
        1.4281635284423828,
        1.4281635284423828,
        1.4281635284423828,
        1.4281635284423828,
        1.4281635284423828,
        1.4281635284423828,
        1.4281635284423828,
        1.4281635284423828,
        1.4281635284423828,
        1.4281635284423828,
        1.4281635284423828,
        1.4281635284423828,
        1.4281635284423828,
        1.4281635284423828,
        1.4281635284423828,
        1.4281635284423828,
        1.4281635284423828,
        1.4281635284423828,
        1.4281635284423828,
        1.4281635284423828,
        1.4281635284423828,
        1.4281635284423828,
        1.4281635284423828,
        1.4281635284423828,
        1.4281635284423828,
        1.4281635284423828,
        1.4281635284423828,
        1.4281635284423828,
        1.4281635284423828,
        1.4281635284423828,
        1.4281635284423828,
        1.4281635284423828,
        1.4281635284423828,
        1.4281635284423828,
        1.4281635284423828,
        1.4281635284423828,
        1.4281635284423828,
        1.4281635284423828,
        1.4281635284423828,
        1.4281635284423828,
        1.4281635284423828,
        1.4281635284423828,
        1.4281635284423828,
        1.4281635284423828,
        1.4281635284423828,
        1.4281635284423828,
        1.4281635284423828,
        1.4281635284423828,
        1.4281635284423828,
        1.4281635284423828,
        1.4281635284423828
    ],