{
    "avg_latency": 3.2040926180779934,
    "latencies": [
        3.2040926180779934
    ],
    "percentiles": {
        "10": 3.2040926180779934,
        "25": 3.2040926180779934,
        "50": 3.2040926180779934,
        "75": 3.2040926180779934,
        "90": 3.2040926180779934,
        "99": 3.2040926180779934
    },
    "avg_prefill_latency": 2.722287893295288,
    "avg_decode_latency": 0.4588174819946289,
    "avg_decode_per_iter_latency": 0.01480056393531061,
    "prefill_latencies": [
        2.722287893295288,
        2.722287893295288,
        2.722287893295288,
        2.722287893295288,
        2.722287893295288,
        2.722287893295288,
        2.722287893295288,
        2.722287893295288,
        2.722287893295288,
        2.722287893295288,
        2.722287893295288,
        2.722287893295288,
        2.722287893295288,
        2.722287893295288,
        2.722287893295288,
        2.722287893295288,
        2.722287893295288,
        2.722287893295288,
        2.722287893295288,
        2.722287893295288,
        2.722287893295288,
        2.722287893295288,
        2.722287893295288,
        2.722287893295288,
        2.722287893295288,
        2.722287893295288,
        2.722287893295288,
        2.722287893295288,
        2.722287893295288,
        2.722287893295288,
        2.722287893295288,
        2.722287893295288
    ],
    "decode_latencies": [
        0.4588174819946289,
        0.4588174819946289,
        0.4588174819946289,
        0.4588174819946289,
        0.4588174819946289,
        0.4588174819946289,
        0.4588174819946289,
        0.4588174819946289,
        0.4588174819946289,
        0.4588174819946289,
        0.4588174819946289,
        0.4588174819946289,
        0.4588174819946289,
        0.4588174819946289,
        0.4588174819946289,
        0.4588174819946289,
        0.4588174819946289,
        0.4588174819946289,
        0.4588174819946289,
        0.4588174819946289,
        0.4588174819946289,
        0.4588174819946289,
        0.4588174819946289,
        0.4588174819946289,
        0.4588174819946289,
        0.4588174819946289,
        0.4588174819946289,
        0.4588174819946289,
        0.4588174819946289,
        0.4588174819946289,
        0.4588174819946289,
        0.4588174819946289
    ],
    "decode_per_iter_latencies": [
        0.01480056393531061,
        0.01480056393531061,
        0.01480056393531061,
        0.01480056393531061,
        0.01480056393531061,
        0.01480056393531061,
        0.01480056393531061,
        0.01480056393531061,
        0.01480056393531061,
        0.01480056393531061,
        0.01480056393531061,
        0.01480056393531061,
        0.01480056393531061,
        0.01480056393531061,
        0.01480056393531061,
        0.01480056393531061,
        0.01480056393531061,
        0.01480056393531061,
        0.01480056393531061,
        0.01480056393531061,
        0.01480056393531061,
        0.01480056393531061,
        0.01480056393531061,
        0.01480056393531061,
        0.01480056393531061,
        0.01480056393531061,
        0.01480056393531061,
        0.01480056393531061,
        0.01480056393531061,
        0.01480056393531061,
        0.01480056393531061,
        0.01480056393531061
    ]
}