{
    "avg_latency": 3.2543219649232924,
    "latencies": [
        3.2543219649232924
    ],
    "percentiles": {
        "10": 3.2543219649232924,
        "25": 3.2543219649232924,
        "50": 3.2543219649232924,
        "75": 3.2543219649232924,
        "90": 3.2543219649232924,
        "99": 3.2543219649232924
    },
    "avg_prefill_latency": 2.833839178085327,
    "avg_decode_latency": 0.40122485160827637,
    "avg_decode_per_iter_latency": 0.012942737148654076,
    "prefill_latencies": [
        2.833839178085327,
        2.833839178085327,
        2.833839178085327,
        2.833839178085327,
        2.833839178085327,
        2.833839178085327,
        2.833839178085327,
        2.833839178085327,
        2.833839178085327,
        2.833839178085327,
        2.833839178085327,
        2.833839178085327,
        2.833839178085327,
        2.833839178085327,
        2.833839178085327,
        2.833839178085327
    ],
    "decode_latencies": [
        0.40122485160827637,
        0.40122485160827637,
        0.40122485160827637,
        0.40122485160827637,
        0.40122485160827637,
        0.40122485160827637,
        0.40122485160827637,
        0.40122485160827637,
        0.40122485160827637,
        0.40122485160827637,
        0.40122485160827637,
        0.40122485160827637,
        0.40122485160827637,
        0.40122485160827637,
        0.40122485160827637,
        0.40122485160827637
    ],
    "decode_per_iter_latencies": [
        0.012942737148654076,
        0.012942737148654076,
        0.012942737148654076,
        0.012942737148654076,
        0.012942737148654076,
        0.012942737148654076,
        0.012942737148654076,
        0.012942737148654076,
        0.012942737148654076,
        0.012942737148654076,
        0.012942737148654076,
        0.012942737148654076,
        0.012942737148654076,
        0.012942737148654076,
        0.012942737148654076,
        0.012942737148654076
    ]
}