{
    "avg_latency": 0.9099795259535313,
    "latencies": [
        0.9099795259535313
    ],
    "percentiles": {
        "10": 0.9099795259535313,
        "25": 0.9099795259535313,
        "50": 0.9099795259535313,
        "75": 0.9099795259535313,
        "90": 0.9099795259535313,
        "99": 0.9099795259535313
    },
    "avg_prefill_latency": 0.3615243434906006,
    "avg_decode_latency": 0.5285954475402832,
    "avg_decode_per_iter_latency": 0.01705146604968655,
    "prefill_latencies": [
        0.3615243434906006,
        0.3615243434906006,
        0.3615243434906006,
        0.3615243434906006,
        0.3615243434906006,
        0.3615243434906006,
        0.3615243434906006,
        0.3615243434906006,
        0.3615243434906006,
        0.3615243434906006,
        0.3615243434906006,
        0.3615243434906006,
        0.3615243434906006,
        0.3615243434906006,
        0.3615243434906006,
        0.3615243434906006,
        0.3615243434906006,
        0.3615243434906006,
        0.3615243434906006,
        0.3615243434906006,
        0.3615243434906006,
        0.3615243434906006,
        0.3615243434906006,
        0.3615243434906006,
        0.3615243434906006,
        0.3615243434906006,
        0.3615243434906006,
        0.3615243434906006,
        0.3615243434906006,
        0.3615243434906006,
        0.3615243434906006,
        0.3615243434906006,
        0.3615243434906006,
        0.3615243434906006,
        0.3615243434906006,
        0.3615243434906006,
        0.3615243434906006,
        0.3615243434906006,
        0.3615243434906006,
        0.3615243434906006,
        0.3615243434906006,
        0.3615243434906006,
        0.3615243434906006,
        0.3615243434906006,
        0.3615243434906006,
        0.3615243434906006,
        0.3615243434906006,
        0.3615243434906006,
        0.3615243434906006,
        0.3615243434906006,
        0.3615243434906006,
        0.3615243434906006,
        0.3615243434906006,
        0.3615243434906006,
        0.3615243434906006,
        0.3615243434906006,
        0.3615243434906006,
        0.3615243434906006,
        0.3615243434906006,
        0.3615243434906006,
        0.3615243434906006,
        0.3615243434906006,
        0.3615243434906006,
        0.3615243434906006
    ],
    "decode_latencies": [
        0.5285954475402832,
        0.5285954475402832,
        0.5285954475402832,
        0.5285954475402832,
        0.5285954475402832,
        0.5285954475402832,
        0.5285954475402832,
        0.5285954475402832,
        0.5285954475402832,
        0.5285954475402832,
        0.5285954475402832,
        0.5285954475402832,
        0.5285954475402832,
        0.5285954475402832,
        0.5285954475402832,
        0.5285954475402832,
        0.5285954475402832,
        0.5285954475402832,
        0.5285954475402832,
        0.5285954475402832,
        0.5285954475402832,
        0.5285954475402832,
        0.5285954475402832,
        0.5285954475402832,
        0.5285954475402832,
        0.5285954475402832,
        0.5285954475402832,
        0.5285954475402832,
        0.5285954475402832,
        0.5285954475402832,
        0.5285954475402832,
        0.5285954475402832,
        0.5285954475402832,
        0.5285954475402832,
        0.5285954475402832,
        0.5285954475402832,
        0.5285954475402832,
        0.5285954475402832,
        0.5285954475402832,
        0.5285954475402832,
        0.5285954475402832,
        0.5285954475402832,
        0.5285954475402832,
        0.5285954475402832,
        0.5285954475402832,
        0.5285954475402832,
        0.5285954475402832,
        0.5285954475402832,
        0.5285954475402832,
        0.5285954475402832,
        0.5285954475402832,
        0.5285954475402832,
        0.5285954475402832,
        0.5285954475402832,
        0.5285954475402832,
        0.5285954475402832,
        0.5285954475402832,
        0.5285954475402832,
        0.5285954475402832,
        0.5285954475402832,
        0.5285954475402832,
        0.5285954475402832,
        0.5285954475402832,
        0.5285954475402832
    ],
    "decode_per_iter_latencies": [
        0.017051466049686555,
        0.017051466049686555,
        0.017051466049686555,
        0.017051466049686555,
        0.017051466049686555,
        0.017051466049686555,
        0.017051466049686555,
        0.017051466049686555,
        0.017051466049686555,
        0.017051466049686555,
        0.017051466049686555,
        0.017051466049686555,
        0.017051466049686555,
        0.017051466049686555,
        0.017051466049686555,
        0.017051466049686555,
        0.017051466049686555,
        0.017051466049686555,
        0.017051466049686555,
        0.017051466049686555,
        0.017051466049686555,
        0.017051466049686555,
        0.017051466049686555,
        0.017051466049686555,
        0.017051466049686555,
        0.017051466049686555,
        0.017051466049686555,
        0.017051466049686555,
        0.017051466049686555,
        0.017051466049686555,
        0.017051466049686555,
        0.017051466049686555,
        0.017051466049686555,
        0.017051466049686555,
        0.017051466049686555,
        0.017051466049686555,
        0.017051466049686555,
        0.017051466049686555,
        0.017051466049686555,
        0.017051466049686555,
        0.017051466049686555,
        0.017051466049686555,
        0.017051466049686555,
        0.017051466049686555,
        0.017051466049686555,
        0.017051466049686555,
        0.017051466049686555,
        0.017051466049686555,
        0.017051466049686555,
        0.017051466049686555,
        0.017051466049686555,
        0.017051466049686555,
        0.017051466049686555,
        0.017051466049686555,
        0.017051466049686555,
        0.017051466049686555,
        0.017051466049686555,
        0.017051466049686555,
        0.017051466049686555,
        0.017051466049686555,
        0.017051466049686555,
        0.017051466049686555,
        0.017051466049686555,
        0.017051466049686555
    ]
}