{
    "avg_latency": 11.530612704809755,
    "latencies": [
        11.530612704809755
    ],
    "percentiles": {
        "10": 11.530612704809755,
        "25": 11.530612704809755,
        "50": 11.530612704809755,
        "75": 11.530612704809755,
        "90": 11.530612704809755,
        "99": 11.530612704809755
    },
    "avg_prefill_latency": 10.490751028060913,
    "avg_decode_latency": 0.9976258277893066,
    "avg_decode_per_iter_latency": 0.032181478315784086,
    "prefill_latencies": [
        10.490751028060913,
        10.490751028060913,
        10.490751028060913,
        10.490751028060913,
        10.490751028060913,
        10.490751028060913,
        10.490751028060913,
        10.490751028060913,
        10.490751028060913,
        10.490751028060913,
        10.490751028060913,
        10.490751028060913,
        10.490751028060913,
        10.490751028060913,
        10.490751028060913,
        10.490751028060913,
        10.490751028060913,
        10.490751028060913,
        10.490751028060913,
        10.490751028060913,
        10.490751028060913,
        10.490751028060913,
        10.490751028060913,
        10.490751028060913,
        10.490751028060913,
        10.490751028060913,
        10.490751028060913,
        10.490751028060913,
        10.490751028060913,
        10.490751028060913,
        10.490751028060913,
        10.490751028060913
    ],
    "decode_latencies": [
        0.9976258277893066,
        0.9976258277893066,
        0.9976258277893066,
        0.9976258277893066,
        0.9976258277893066,
        0.9976258277893066,
        0.9976258277893066,
        0.9976258277893066,
        0.9976258277893066,
        0.9976258277893066,
        0.9976258277893066,
        0.9976258277893066,
        0.9976258277893066,
        0.9976258277893066,
        0.9976258277893066,
        0.9976258277893066,
        0.9976258277893066,
        0.9976258277893066,
        0.9976258277893066,
        0.9976258277893066,
        0.9976258277893066,
        0.9976258277893066,
        0.9976258277893066,
        0.9976258277893066,
        0.9976258277893066,
        0.9976258277893066,
        0.9976258277893066,
        0.9976258277893066,
        0.9976258277893066,
        0.9976258277893066,
        0.9976258277893066,
        0.9976258277893066
    ],
    "decode_per_iter_latencies": [
        0.032181478315784086,
        0.032181478315784086,
        0.032181478315784086,
        0.032181478315784086,
        0.032181478315784086,
        0.032181478315784086,
        0.032181478315784086,
        0.032181478315784086,
        0.032181478315784086,
        0.032181478315784086,
        0.032181478315784086,
        0.032181478315784086,
        0.032181478315784086,
        0.032181478315784086,
        0.032181478315784086,
        0.032181478315784086,
        0.032181478315784086,
        0.032181478315784086,
        0.032181478315784086,
        0.032181478315784086,
        0.032181478315784086,
        0.032181478315784086,
        0.032181478315784086,
        0.032181478315784086,
        0.032181478315784086,
        0.032181478315784086,
        0.032181478315784086,
        0.032181478315784086,
        0.032181478315784086,
        0.032181478315784086,
        0.032181478315784086,
        0.032181478315784086
    ]
}