{
    "avg_latency": 1.1114009669981897,
    "latencies": [
        1.1114009669981897
    ],
    "percentiles": {
        "10": 1.1114009669981897,
        "25": 1.1114009669981897,
        "50": 1.1114009669981897,
        "75": 1.1114009669981897,
        "90": 1.1114009669981897,
        "99": 1.1114009669981897
    },
    "avg_prefill_latency": 0.3563072681427002,
    "avg_decode_latency": 0.7256054878234863,
    "avg_decode_per_iter_latency": 0.0234066286394673,
    "prefill_latencies": [
        0.3563072681427002,
        0.3563072681427002,
        0.3563072681427002,
        0.3563072681427002,
        0.3563072681427002,
        0.3563072681427002,
        0.3563072681427002,
        0.3563072681427002,
        0.3563072681427002,
        0.3563072681427002,
        0.3563072681427002,
        0.3563072681427002,
        0.3563072681427002,
        0.3563072681427002,
        0.3563072681427002,
        0.3563072681427002,
        0.3563072681427002,
        0.3563072681427002,
        0.3563072681427002,
        0.3563072681427002,
        0.3563072681427002,
        0.3563072681427002,
        0.3563072681427002,
        0.3563072681427002,
        0.3563072681427002,
        0.3563072681427002,
        0.3563072681427002,
        0.3563072681427002,
        0.3563072681427002,
        0.3563072681427002,
        0.3563072681427002,
        0.3563072681427002,
        0.3563072681427002,
        0.3563072681427002,
        0.3563072681427002,
        0.3563072681427002,
        0.3563072681427002,
        0.3563072681427002,
        0.3563072681427002,
        0.3563072681427002,
        0.3563072681427002,
        0.3563072681427002,
        0.3563072681427002,
        0.3563072681427002,
        0.3563072681427002,
        0.3563072681427002,
        0.3563072681427002,
        0.3563072681427002,
        0.3563072681427002,
        0.3563072681427002,
        0.3563072681427002,
        0.3563072681427002,
        0.3563072681427002,
        0.3563072681427002,
        0.3563072681427002,
        0.3563072681427002,
        0.3563072681427002,
        0.3563072681427002,
        0.3563072681427002,
        0.3563072681427002,
        0.3563072681427002,
        0.3563072681427002,
        0.3563072681427002,
        0.3563072681427002,
        0.3563072681427002,
        0.3563072681427002,
        0.3563072681427002,
        0.3563072681427002,
        0.3563072681427002,
        0.3563072681427002,
        0.3563072681427002,
        0.3563072681427002,
        0.3563072681427002,
        0.3563072681427002,
        0.3563072681427002,
        0.3563072681427002,
        0.3563072681427002,
        0.3563072681427002,
        0.3563072681427002,
        0.3563072681427002,
        0.3563072681427002,
        0.3563072681427002,
        0.3563072681427002,
        0.3563072681427002,
        0.3563072681427002,
        0.3563072681427002,
        0.3563072681427002,
        0.3563072681427002,
        0.3563072681427002,
        0.3563072681427002,
        0.3563072681427002,
        0.3563072681427002,
        0.3563072681427002,
        0.3563072681427002,
        0.3563072681427002,
        0.3563072681427002,
        0.3563072681427002,
        0.3563072681427002,
        0.3563072681427002,
        0.3563072681427002,
        0.3563072681427002,
        0.3563072681427002,
        0.3563072681427002,
        0.3563072681427002,
        0.3563072681427002,
        0.3563072681427002,
        0.3563072681427002,
        0.3563072681427002,
        0.3563072681427002,
        0.3563072681427002,
        0.3563072681427002,
        0.3563072681427002,
        0.3563072681427002,
        0.3563072681427002,
        0.3563072681427002,
        0.3563072681427002,
        0.3563072681427002,
        0.3563072681427002,
        0.3563072681427002,
        0.3563072681427002,
        0.3563072681427002,
        0.3563072681427002,
        0.3563072681427002,
        0.3563072681427002,
        0.3563072681427002,
        0.3563072681427002,
        0.3563072681427002,
        0.3563072681427002
    ],
    "decode_latencies": [
        0.7256054878234863,
        0.7256054878234863,
        0.7256054878234863,
        0.7256054878234863,
        0.7256054878234863,
        0.7256054878234863,
        0.7256054878234863,
        0.7256054878234863,
        0.7256054878234863,
        0.7256054878234863,
        0.7256054878234863,
        0.7256054878234863,
        0.7256054878234863,
        0.7256054878234863,
        0.7256054878234863,
        0.7256054878234863,
        0.7256054878234863,
        0.7256054878234863,
        0.7256054878234863,
        0.7256054878234863,
        0.7256054878234863,
        0.7256054878234863,
        0.7256054878234863,
        0.7256054878234863,
        0.7256054878234863,
        0.7256054878234863,
        0.7256054878234863,
        0.7256054878234863,
        0.7256054878234863,
        0.7256054878234863,
        0.7256054878234863,
        0.7256054878234863,
        0.7256054878234863,
        0.7256054878234863,
        0.7256054878234863,
        0.7256054878234863,
        0.7256054878234863,
        0.7256054878234863,
        0.7256054878234863,
        0.7256054878234863,
        0.7256054878234863,
        0.7256054878234863,
        0.7256054878234863,
        0.7256054878234863,
        0.7256054878234863,
        0.7256054878234863,
        0.7256054878234863,
        0.7256054878234863,
        0.7256054878234863,
        0.7256054878234863,
        0.7256054878234863,
        0.7256054878234863,
        0.7256054878234863,
        0.7256054878234863,
        0.7256054878234863,
        0.7256054878234863,
        0.7256054878234863,
        0.7256054878234863,
        0.7256054878234863,
        0.7256054878234863,
        0.7256054878234863,
        0.7256054878234863,
        0.7256054878234863,
        0.7256054878234863,
        0.7256054878234863,
        0.7256054878234863,
        0.7256054878234863,
        0.7256054878234863,
        0.7256054878234863,
        0.7256054878234863,
        0.7256054878234863,
        0.7256054878234863,
        0.7256054878234863,
        0.7256054878234863,
        0.7256054878234863,
        0.7256054878234863,
        0.7256054878234863,
        0.7256054878234863,
        0.7256054878234863,
        0.7256054878234863,
        0.7256054878234863,
        0.7256054878234863,
        0.7256054878234863,
        0.7256054878234863,
        0.7256054878234863,
        0.7256054878234863,
        0.7256054878234863,
        0.7256054878234863,
        0.7256054878234863,
        0.7256054878234863,
        0.7256054878234863,
        0.7256054878234863,
        0.7256054878234863,
        0.7256054878234863,
        0.7256054878234863,
        0.7256054878234863,
        0.7256054878234863,
        0.7256054878234863,
        0.7256054878234863,
        0.7256054878234863,
        0.7256054878234863,
        0.7256054878234863,
        0.7256054878234863,
        0.7256054878234863,
        0.7256054878234863,
        0.7256054878234863,
        0.7256054878234863,
        0.7256054878234863,
        0.7256054878234863,
        0.7256054878234863,
        0.7256054878234863,
        0.7256054878234863,
        0.7256054878234863,
        0.7256054878234863,
        0.7256054878234863,
        0.7256054878234863,
        0.7256054878234863,
        0.7256054878234863,
        0.7256054878234863,
        0.7256054878234863,
        0.7256054878234863,
        0.7256054878234863,
        0.7256054878234863,
        0.7256054878234863,
        0.7256054878234863,
        0.7256054878234863,
        0.7256054878234863,
        0.7256054878234863
    ],