{
    "avg_latency": 0.43374024191871285,
    "latencies": [
        0.43374024191871285
    ],
    "percentiles": {
        "10": 0.43374024191871285,
        "25": 0.43374024191871285,
        "50": 0.43374024191871285,
        "75": 0.43374024191871285,
        "90": 0.43374024191871285,
        "99": 0.43374024191871285
    },
    "avg_prefill_latency": 0.0630788803100586,
    "avg_decode_latency": 0.3596975803375244,
    "avg_decode_per_iter_latency": 0.011603147752823369,
    "prefill_latencies": [
        0.0630788803100586,
        0.0630788803100586,
        0.0630788803100586,
        0.0630788803100586,
        0.0630788803100586,
        0.0630788803100586,
        0.0630788803100586,
        0.0630788803100586
    ],
    "decode_latencies": [
        0.3596975803375244,
        0.3596975803375244,
        0.3596975803375244,
        0.3596975803375244,
        0.3596975803375244,
        0.3596975803375244,
        0.3596975803375244,
        0.3596975803375244
    ],
    "decode_per_iter_latencies": [
        0.011603147752823369,
        0.011603147752823369,
        0.011603147752823369,
        0.011603147752823369,
        0.011603147752823369,
        0.011603147752823369,
        0.011603147752823369,
        0.011603147752823369
    ]
}