{
    "avg_latency": 102.70923338318244,
    "latencies": [
        102.70923338318244
    ],
    "percentiles": {
        "10": 102.70923338318244,
        "25": 102.70923338318244,
        "50": 102.70923338318244,
        "75": 102.70923338318244,
        "90": 102.70923338318244,
        "99": 102.70923338318244
    },
    "avg_prefill_latency": 7.232488036155701,
    "avg_decode_latency": 47.88962469995022,
    "avg_decode_per_iter_latency": 1.5448266032242004,
    "prefill_latencies": [
        7.140823602676392,
        7.140823602676392,
        7.140823602676392,
        7.140823602676392,
        7.140823602676392,
        7.140823602676392,
        7.140823602676392,
        7.140823602676392,
        6.875804662704468,
        6.875804662704468,
        6.875804662704468,
        6.875804662704468,
        6.875804662704468,
        6.875804662704468,
        6.875804662704468,
        6.875804662704468,
        6.592995643615723,
        6.592995643615723,
        6.592995643615723,
        6.592995643615723,
        6.592995643615723,
        6.592995643615723,
        6.592995643615723,
        6.592995643615723,
        7.798943519592285,
        7.798943519592285,
        7.798943519592285,
        7.798943519592285,
        7.798943519592285,
        7.798943519592285,
        7.798943519592285,
        7.798943519592285,
        7.534613609313965,
        7.534613609313965,
        7.534613609313965,
        7.534613609313965,
        7.534613609313965,
        7.534613609313965,
        7.534613609313965,
        7.534613609313965,
        7.250830888748169,
        7.250830888748169,
        7.250830888748169,
        7.250830888748169,
        7.250830888748169,
        7.250830888748169,
        7.250830888748169,
        7.250830888748169,
        6.966160774230957,
        6.966160774230957,
        6.966160774230957,
        6.966160774230957,
        6.966160774230957,
        6.966160774230957,
        6.966160774230957,
        6.966160774230957,
        6.675807476043701,
        6.675807476043701,
        6.675807476043701,
        6.675807476043701,
        6.675807476043701,
        6.675807476043701,
        6.675807476043701,
        6.675807476043701,
        7.916208505630493,
        7.916208505630493,
        7.916208505630493,
        7.916208505630493,
        7.916208505630493,
        7.916208505630493,
        7.916208505630493,
        7.916208505630493,
        7.6421709060668945,
        7.6421709060668945,
        7.6421709060668945,
        7.6421709060668945,
        7.6421709060668945,
        7.6421709060668945,
        7.6421709060668945,
        7.6421709060668945,
        7.358143329620361,
        7.358143329620361,
        7.358143329620361,
        7.358143329620361,
        7.358143329620361,
        7.358143329620361,
        7.358143329620361,
        7.358143329620361,
        7.067306995391846,
        7.067306995391846,
        7.067306995391846,
        7.067306995391846,
        7.067306995391846,
        7.067306995391846,
        7.067306995391846,
        7.067306995391846,
        6.787280082702637,
        6.787280082702637,
        6.787280082702637,
        6.787280082702637,
        6.787280082702637,
        6.787280082702637,
        6.787280082702637,
        6.787280082702637,
        8.02635931968689,
        8.02635931968689,
        8.02635931968689,
        8.02635931968689,
        8.02635931968689,
        8.02635931968689,
        8.02635931968689,
        8.02635931968689,
        7.7417168617248535,
        7.7417168617248535,
        7.7417168617248535,
        7.7417168617248535,
        7.7417168617248535,
        7.7417168617248535,
        7.7417168617248535,
        7.7417168617248535,
        6.344642400741577,
        6.344642400741577,
        6.344642400741577,
        6.344642400741577,
        6.344642400741577,
        6.344642400741577,
        6.344642400741577,
        6.344642400741577
    ],
    "decode_latencies": [
        95.25656867027283,
        95.25656867027283,
        95.25656867027283,
        95.25656867027283,
        95.25656867027283,
        95.25656867027283,
        95.25656867027283,
        95.25656867027283,
        89.22218680381775,
        89.22218680381775,
        89.22218680381775,
        89.22218680381775,
        89.22218680381775,
        89.22218680381775,
        89.22218680381775,
        89.22218680381775,
        83.19097328186035,
        83.19097328186035,
        83.19097328186035,
        83.19097328186035,
        83.19097328186035,
        83.19097328186035,
        83.19097328186035,
        83.19097328186035,
        75.67224597930908,
        75.67224597930908,
        75.67224597930908,
        75.67224597930908,
        75.67224597930908,
        75.67224597930908,
        75.67224597930908,
        75.67224597930908,
        69.6486918926239,
        69.6486918926239,
        69.6486918926239,
        69.6486918926239,
        69.6486918926239,
        69.6486918926239,
        69.6486918926239,
        69.6486918926239,
        63.626476526260376,
        63.626476526260376,
        63.626476526260376,
        63.626476526260376,
        63.626476526260376,
        63.626476526260376,
        63.626476526260376,
        63.626476526260376,
        57.60831260681152,
        57.60831260681152,
        57.60831260681152,
        57.60831260681152,
        57.60831260681152,
        57.60831260681152,
        57.60831260681152,
        57.60831260681152,
        51.59789252281189,
        51.59789252281189,
        51.59789252281189,
        51.59789252281189,
        51.59789252281189,
        51.59789252281189,
        51.59789252281189,
        51.59789252281189,
        44.05687737464905,
        44.05687737464905,
        44.05687737464905,
        44.05687737464905,
        44.05687737464905,
        44.05687737464905,
        44.05687737464905,
        44.05687737464905,
        38.029192209243774,
        38.029192209243774,
        38.029192209243774,
        38.029192209243774,
        38.029192209243774,
        38.029192209243774,
        38.029192209243774,
        38.029192209243774,
        32.00767517089844,
        32.00767517089844,
        32.00767517089844,
        32.00767517089844,
        32.00767517089844,
        32.00767517089844,
        32.00767517089844,
        32.00767517089844,
        25.993480682373047,
        25.993480682373047,
        25.993480682373047,
        25.993480682373047,
        25.993480682373047,
        25.993480682373047,
        25.993480682373047,
        25.993480682373047,
        19.969972372055054,
        19.969972372055054,
        19.969972372055054,
        19.969972372055054,
        19.969972372055054,
        19.969972372055054,
        19.969972372055054,
        19.969972372055054,
        12.431055784225464,
        12.431055784225464,
        12.431055784225464,
        12.431055784225464,
        12.431055784225464,
        12.431055784225464,
        12.431055784225464,
        12.431055784225464,
        6.4125378131866455,
        6.4125378131866455,
        6.4125378131866455,
        6.4125378131866455,
        6.4125378131866455,
        6.4125378131866455,
        6.4125378131866455,
        6.4125378131866455,
        1.5098555088043213,
        1.5098555088043213,
        1.5098555088043213,
        1.5098555088043213,
        1.5098555088043213,
        1.5098555088043213,
        1.5098555088043213,
        1.5098555088043213
    ],