{
    "avg_latency": 0.517512084916234,
    "latencies": [
        0.517512084916234
    ],
    "percentiles": {
        "10": 0.517512084916234,
        "25": 0.517512084916234,
        "50": 0.517512084916234,
        "75": 0.517512084916234,
        "90": 0.517512084916234,
        "99": 0.517512084916234
    },
    "avg_prefill_latency": 0.06808757781982422,
    "avg_decode_latency": 0.43473052978515625,
    "avg_decode_per_iter_latency": 0.014023565476940524,
    "prefill_latencies": [
        0.06808757781982422,
        0.06808757781982422,
        0.06808757781982422,
        0.06808757781982422,
        0.06808757781982422,
        0.06808757781982422,
        0.06808757781982422,
        0.06808757781982422,
        0.06808757781982422,
        0.06808757781982422,
        0.06808757781982422,
        0.06808757781982422,
        0.06808757781982422,
        0.06808757781982422,
        0.06808757781982422,
        0.06808757781982422,
        0.06808757781982422,
        0.06808757781982422,
        0.06808757781982422,
        0.06808757781982422,
        0.06808757781982422,
        0.06808757781982422,
        0.06808757781982422,
        0.06808757781982422,
        0.06808757781982422,
        0.06808757781982422,
        0.06808757781982422,
        0.06808757781982422,
        0.06808757781982422,
        0.06808757781982422,
        0.06808757781982422,
        0.06808757781982422
    ],
    "decode_latencies": [
        0.43473052978515625,
        0.43473052978515625,
        0.43473052978515625,
        0.43473052978515625,
        0.43473052978515625,
        0.43473052978515625,
        0.43473052978515625,
        0.43473052978515625,
        0.43473052978515625,
        0.43473052978515625,
        0.43473052978515625,
        0.43473052978515625,
        0.43473052978515625,
        0.43473052978515625,
        0.43473052978515625,
        0.43473052978515625,
        0.43473052978515625,
        0.43473052978515625,
        0.43473052978515625,
        0.43473052978515625,
        0.43473052978515625,
        0.43473052978515625,
        0.43473052978515625,
        0.43473052978515625,
        0.43473052978515625,
        0.43473052978515625,
        0.43473052978515625,
        0.43473052978515625,
        0.43473052978515625,
        0.43473052978515625,
        0.43473052978515625,
        0.43473052978515625
    ],
    "decode_per_iter_latencies": [
        0.014023565476940524,
        0.014023565476940524,
        0.014023565476940524,
        0.014023565476940524,
        0.014023565476940524,
        0.014023565476940524,
        0.014023565476940524,
        0.014023565476940524,
        0.014023565476940524,
        0.014023565476940524,
        0.014023565476940524,
        0.014023565476940524,
        0.014023565476940524,
        0.014023565476940524,
        0.014023565476940524,
        0.014023565476940524,
        0.014023565476940524,
        0.014023565476940524,
        0.014023565476940524,
        0.014023565476940524,
        0.014023565476940524,
        0.014023565476940524,
        0.014023565476940524,
        0.014023565476940524,
        0.014023565476940524,
        0.014023565476940524,
        0.014023565476940524,
        0.014023565476940524,
        0.014023565476940524,
        0.014023565476940524,
        0.014023565476940524,
        0.014023565476940524
    ]
}