{
    "avg_latency": 127.31447664787993,
    "latencies": [
        127.31447664787993
    ],
    "percentiles": {
        "10": 127.31447664787993,
        "25": 127.31447664787993,
        "50": 127.31447664787993,
        "75": 127.31447664787993,
        "90": 127.31447664787993,
        "99": 127.31447664787993
    },
    "avg_prefill_latency": 8.259692147374153,
    "avg_decode_latency": 64.09318234026432,
    "avg_decode_per_iter_latency": 2.067522010976268,
    "prefill_latencies": [
        8.736421585083008,
        8.736421585083008,
        8.736421585083008,
        8.736421585083008,
        8.393197536468506,
        8.393197536468506,
        8.393197536468506,
        8.393197536468506,
        8.083952903747559,
        8.083952903747559,
        8.083952903747559,
        8.083952903747559,
        7.762356281280518,
        7.762356281280518,
        7.762356281280518,
        7.762356281280518,
        9.188262701034546,
        9.188262701034546,
        9.188262701034546,
        9.188262701034546,
        8.847914457321167,
        8.847914457321167,
        8.847914457321167,
        8.847914457321167,
        8.539647817611694,
        8.539647817611694,
        8.539647817611694,
        8.539647817611694,
        8.207335948944092,
        8.207335948944092,
        8.207335948944092,
        8.207335948944092,
        7.860759019851685,
        7.860759019851685,
        7.860759019851685,
        7.860759019851685,
        7.549763917922974,
        7.549763917922974,
        7.549763917922974,
        7.549763917922974,
        8.992971420288086,
        8.992971420288086,
        8.992971420288086,
        8.992971420288086,
        8.668550252914429,
        8.668550252914429,
        8.668550252914429,
        8.668550252914429,
        8.315465927124023,
        8.315465927124023,
        8.315465927124023,
        8.315465927124023,
        8.003798484802246,
        8.003798484802246,
        8.003798484802246,
        8.003798484802246,
        7.693302631378174,
        7.693302631378174,
        7.693302631378174,
        7.693302631378174,
        7.311373472213745,
        7.311373472213745,
        7.311373472213745,
        7.311373472213745
    ],
    "decode_latencies": [
        118.09398627281189,
        118.09398627281189,
        118.09398627281189,
        118.09398627281189,
        111.1701340675354,
        111.1701340675354,
        111.1701340675354,
        111.1701340675354,
        104.22556161880493,
        104.22556161880493,
        104.22556161880493,
        104.22556161880493,
        97.28838300704956,
        97.28838300704956,
        97.28838300704956,
        97.28838300704956,
        88.59552359580994,
        88.59552359580994,
        88.59552359580994,
        88.59552359580994,
        81.66567921638489,
        81.66567921638489,
        81.66567921638489,
        81.66567921638489,
        74.71261835098267,
        74.71261835098267,
        74.71261835098267,
        74.71261835098267,
        67.77875399589539,
        67.77875399589539,
        67.77875399589539,
        67.77875399589539,
        60.85948967933655,
        60.85948967933655,
        60.85948967933655,
        60.85948967933655,
        53.91216540336609,
        53.91216540336609,
        53.91216540336609,
        53.91216540336609,
        45.210126876831055,
        45.210126876831055,
        45.210126876831055,
        45.210126876831055,
        38.26611661911011,
        38.26611661911011,
        38.26611661911011,
        38.26611661911011,
        31.342755556106567,
        31.342755556106567,
        31.342755556106567,
        31.342755556106567,
        24.389387607574463,
        24.389387607574463,
        24.389387607574463,
        24.389387607574463,
        17.43542718887329,
        17.43542718887329,
        17.43542718887329,
        17.43542718887329,
        10.544808387756348,
        10.544808387756348,
        10.544808387756348,
        10.544808387756348
    ],
    "decode_per_iter_latencies": [
        3.809483428155222,
        3.809483428155222,
        3.809483428155222,
        3.809483428155222,
        3.586133357017271,
        3.586133357017271,
        3.586133357017271,
        3.586133357017271,
        3.3621148909291914,
        3.3621148909291914,
        3.3621148909291914,
        3.3621148909291914,
        3.138334935711276,
        3.138334935711276,
        3.138334935711276,
        3.138334935711276,
        2.8579201159938687,
        2.8579201159938687,
        2.8579201159938687,
        2.8579201159938687,
        2.6343767489156416,
        2.6343767489156416,
        2.6343767489156416,
        2.6343767489156416,
        2.4100844629349245,
        2.4100844629349245,
        2.4100844629349245,
        2.4100844629349245,
        2.186411419222432,
        2.186411419222432,
        2.186411419222432,
        2.186411419222432,
        1.9632093444947274,
        1.9632093444947274,
        1.9632093444947274,
        1.9632093444947274,
        1.7391021097860029,
        1.7391021097860029,
        1.7391021097860029,
        1.7391021097860029,
        1.4583911895751953,
        1.4583911895751953,
        1.4583911895751953,
        1.4583911895751953,
        1.2343908586809713,
        1.2343908586809713,
        1.2343908586809713,
        1.2343908586809713,
        1.0110566308421474,
        1.0110566308421474,
        1.0110566308421474,
        1.0110566308421474,
        0.786754438954015,
        0.786754438954015,
        0.786754438954015,
        0.786754438954015,
        0.5624331351249449,
        0.5624331351249449,
        0.5624331351249449,
        0.5624331351249449,
        0.34015510928246284,
        0.34015510928246284,
        0.34015510928246284,
        0.34015510928246284
    ]
}