{
    "avg_latency": 3.283862130716443,
    "latencies": [
        3.283862130716443
    ],
    "percentiles": {
        "10": 3.283862130716443,
        "25": 3.283862130716443,
        "50": 3.283862130716443,
        "75": 3.283862130716443,
        "90": 3.283862130716443,
        "99": 3.283862130716443
    },
    "avg_prefill_latency": 2.006305456161499,
    "avg_decode_latency": 1.2702949047088623,
    "avg_decode_per_iter_latency": 0.04097725499060846,
    "prefill_latencies": [
        2.006305456161499
    ],
    "decode_latencies": [
        1.2702949047088623
    ],
    "decode_per_iter_latencies": [
        0.04097725499060846
    ]
}