{
    "avg_latency": 0.42042746115475893,
    "latencies": [
        0.42042746115475893
    ],
    "percentiles": {
        "10": 0.42042746115475893,
        "25": 0.42042746115475893,
        "50": 0.42042746115475893,
        "75": 0.42042746115475893,
        "90": 0.42042746115475893,
        "99": 0.42042746115475893
    },
    "avg_prefill_latency": 0.06387186050415039,
    "avg_decode_latency": 0.34629392623901367,
    "avg_decode_per_iter_latency": 0.01117077181416173,
    "prefill_latencies": [
        0.06387186050415039
    ],
    "decode_latencies": [
        0.34629392623901367
    ],
    "decode_per_iter_latencies": [
        0.01117077181416173
    ]
}