{
    "avg_latency": 0.870008610188961,
    "latencies": [
        0.870008610188961
    ],
    "percentiles": {
        "10": 0.870008610188961,
        "25": 0.870008610188961,
        "50": 0.870008610188961,
        "75": 0.870008610188961,
        "90": 0.870008610188961,
        "99": 0.870008610188961
    },
    "avg_prefill_latency": 0.05211162567138672,
    "avg_decode_latency": 0.7928540706634521,
    "avg_decode_per_iter_latency": 0.025575937763337168,
    "prefill_latencies": [
        0.05211162567138672
    ],
    "decode_latencies": [
        0.7928540706634521
    ],
    "decode_per_iter_latencies": [
        0.025575937763337168
    ]
}