{
    "avg_latency": 0.8664128859527409,
    "latencies": [
        0.8664128859527409
    ],
    "percentiles": {
        "10": 0.8664128859527409,
        "25": 0.8664128859527409,
        "50": 0.8664128859527409,
        "75": 0.8664128859527409,
        "90": 0.8664128859527409,
        "99": 0.8664128859527409
    },
    "avg_prefill_latency": 0.051415443420410156,
    "avg_decode_latency": 0.7901968955993652,
    "avg_decode_per_iter_latency": 0.0254902224386892,
    "prefill_latencies": [
        0.051415443420410156
    ],
    "decode_latencies": [
        0.7901968955993652
    ],
    "decode_per_iter_latencies": [
        0.0254902224386892
    ]
}