{
    "avg_latency": 2.1298768259584904,
    "latencies": [
        2.1298768259584904
    ],
    "percentiles": {
        "10": 2.1298768259584904,
        "25": 2.1298768259584904,
        "50": 2.1298768259584904,
        "75": 2.1298768259584904,
        "90": 2.1298768259584904,
        "99": 2.1298768259584904
    },
    "avg_prefill_latency": 1.226081371307373,
    "avg_decode_latency": 0.8732144832611084,
    "avg_decode_per_iter_latency": 0.02816820913745511,
    "prefill_latencies": [
        1.226081371307373,
        1.226081371307373,
        1.226081371307373,
        1.226081371307373,
        1.226081371307373,
        1.226081371307373,
        1.226081371307373,
        1.226081371307373,
        1.226081371307373,
        1.226081371307373,
        1.226081371307373,
        1.226081371307373,
        1.226081371307373,
        1.226081371307373,
        1.226081371307373,
        1.226081371307373,
        1.226081371307373,
        1.226081371307373,
        1.226081371307373,
        1.226081371307373,
        1.226081371307373,
        1.226081371307373,
        1.226081371307373,
        1.226081371307373,
        1.226081371307373,
        1.226081371307373,
        1.226081371307373,
        1.226081371307373,
        1.226081371307373,
        1.226081371307373,
        1.226081371307373,
        1.226081371307373
    ],
    "decode_latencies": [
        0.8732144832611084,
        0.8732144832611084,
        0.8732144832611084,
        0.8732144832611084,
        0.8732144832611084,
        0.8732144832611084,
        0.8732144832611084,
        0.8732144832611084,
        0.8732144832611084,
        0.8732144832611084,
        0.8732144832611084,
        0.8732144832611084,
        0.8732144832611084,
        0.8732144832611084,
        0.8732144832611084,
        0.8732144832611084,
        0.8732144832611084,
        0.8732144832611084,
        0.8732144832611084,
        0.8732144832611084,
        0.8732144832611084,
        0.8732144832611084,
        0.8732144832611084,
        0.8732144832611084,
        0.8732144832611084,
        0.8732144832611084,
        0.8732144832611084,
        0.8732144832611084,
        0.8732144832611084,
        0.8732144832611084,
        0.8732144832611084,
        0.8732144832611084
    ],
    "decode_per_iter_latencies": [
        0.02816820913745511,
        0.02816820913745511,
        0.02816820913745511,
        0.02816820913745511,
        0.02816820913745511,
        0.02816820913745511,
        0.02816820913745511,
        0.02816820913745511,
        0.02816820913745511,
        0.02816820913745511,
        0.02816820913745511,
        0.02816820913745511,
        0.02816820913745511,
        0.02816820913745511,
        0.02816820913745511,
        0.02816820913745511,
        0.02816820913745511,
        0.02816820913745511,
        0.02816820913745511,
        0.02816820913745511,
        0.02816820913745511,
        0.02816820913745511,
        0.02816820913745511,
        0.02816820913745511,
        0.02816820913745511,
        0.02816820913745511,
        0.02816820913745511,
        0.02816820913745511,
        0.02816820913745511,
        0.02816820913745511,
        0.02816820913745511,
        0.02816820913745511
    ]
}