{
    "avg_latency": 0.5061838268302381,
    "latencies": [
        0.5061838268302381
    ],
    "percentiles": {
        "10": 0.5061838268302381,
        "25": 0.5061838268302381,
        "50": 0.5061838268302381,
        "75": 0.5061838268302381,
        "90": 0.5061838268302381,
        "99": 0.5061838268302381
    },
    "avg_prefill_latency": 0.10708737373352051,
    "avg_decode_latency": 0.3867838382720947,
    "avg_decode_per_iter_latency": 0.01247689800877725,
    "prefill_latencies": [
        0.10708737373352051,
        0.10708737373352051,
        0.10708737373352051,
        0.10708737373352051,
        0.10708737373352051,
        0.10708737373352051,
        0.10708737373352051,
        0.10708737373352051,
        0.10708737373352051,
        0.10708737373352051,
        0.10708737373352051,
        0.10708737373352051,
        0.10708737373352051,
        0.10708737373352051,
        0.10708737373352051,
        0.10708737373352051
    ],
    "decode_latencies": [
        0.3867838382720947,
        0.3867838382720947,
        0.3867838382720947,
        0.3867838382720947,
        0.3867838382720947,
        0.3867838382720947,
        0.3867838382720947,
        0.3867838382720947,
        0.3867838382720947,
        0.3867838382720947,
        0.3867838382720947,
        0.3867838382720947,
        0.3867838382720947,
        0.3867838382720947,
        0.3867838382720947,
        0.3867838382720947
    ],
    "decode_per_iter_latencies": [
        0.01247689800877725,
        0.01247689800877725,
        0.01247689800877725,
        0.01247689800877725,
        0.01247689800877725,
        0.01247689800877725,
        0.01247689800877725,
        0.01247689800877725,
        0.01247689800877725,
        0.01247689800877725,
        0.01247689800877725,
        0.01247689800877725,
        0.01247689800877725,
        0.01247689800877725,
        0.01247689800877725,
        0.01247689800877725
    ]
}