{
    "avg_latency": 0.5708504691720009,
    "latencies": [
        0.5708504691720009
    ],
    "percentiles": {
        "10": 0.5708504691720009,
        "25": 0.5708504691720009,
        "50": 0.5708504691720009,
        "75": 0.5708504691720009,
        "90": 0.5708504691720009,
        "99": 0.5708504691720009
    },
    "avg_prefill_latency": 0.10915565490722656,
    "avg_decode_latency": 0.44655370712280273,
    "avg_decode_per_iter_latency": 0.014404958294283959,
    "prefill_latencies": [
        0.10915565490722656,
        0.10915565490722656,
        0.10915565490722656,
        0.10915565490722656,
        0.10915565490722656,
        0.10915565490722656,
        0.10915565490722656,
        0.10915565490722656,
        0.10915565490722656,
        0.10915565490722656,
        0.10915565490722656,
        0.10915565490722656,
        0.10915565490722656,
        0.10915565490722656,
        0.10915565490722656,
        0.10915565490722656,
        0.10915565490722656,
        0.10915565490722656,
        0.10915565490722656,
        0.10915565490722656,
        0.10915565490722656,
        0.10915565490722656,
        0.10915565490722656,
        0.10915565490722656,
        0.10915565490722656,
        0.10915565490722656,
        0.10915565490722656,
        0.10915565490722656,
        0.10915565490722656,
        0.10915565490722656,
        0.10915565490722656,
        0.10915565490722656
    ],
    "decode_latencies": [
        0.44655370712280273,
        0.44655370712280273,
        0.44655370712280273,
        0.44655370712280273,
        0.44655370712280273,
        0.44655370712280273,
        0.44655370712280273,
        0.44655370712280273,
        0.44655370712280273,
        0.44655370712280273,
        0.44655370712280273,
        0.44655370712280273,
        0.44655370712280273,
        0.44655370712280273,
        0.44655370712280273,
        0.44655370712280273,
        0.44655370712280273,
        0.44655370712280273,
        0.44655370712280273,
        0.44655370712280273,
        0.44655370712280273,
        0.44655370712280273,
        0.44655370712280273,
        0.44655370712280273,
        0.44655370712280273,
        0.44655370712280273,
        0.44655370712280273,
        0.44655370712280273,
        0.44655370712280273,
        0.44655370712280273,
        0.44655370712280273,
        0.44655370712280273
    ],
    "decode_per_iter_latencies": [
        0.014404958294283959,
        0.014404958294283959,
        0.014404958294283959,
        0.014404958294283959,
        0.014404958294283959,
        0.014404958294283959,
        0.014404958294283959,
        0.014404958294283959,
        0.014404958294283959,
        0.014404958294283959,
        0.014404958294283959,
        0.014404958294283959,
        0.014404958294283959,
        0.014404958294283959,
        0.014404958294283959,
        0.014404958294283959,
        0.014404958294283959,
        0.014404958294283959,
        0.014404958294283959,
        0.014404958294283959,
        0.014404958294283959,
        0.014404958294283959,
        0.014404958294283959,
        0.014404958294283959,
        0.014404958294283959,
        0.014404958294283959,
        0.014404958294283959,
        0.014404958294283959,
        0.014404958294283959,
        0.014404958294283959,
        0.014404958294283959,
        0.014404958294283959
    ]
}