{
    "avg_latency": 0.8916851552203298,
    "latencies": [
        0.8916851552203298
    ],
    "percentiles": {
        "10": 0.8916851552203298,
        "25": 0.8916851552203298,
        "50": 0.8916851552203298,
        "75": 0.8916851552203298,
        "90": 0.8916851552203298,
        "99": 0.8916851552203298
    },
    "avg_prefill_latency": 0.06167340278625488,
    "avg_decode_latency": 0.8043625354766846,
    "avg_decode_per_iter_latency": 0.02594717856376402,
    "prefill_latencies": [
        0.06167340278625488,
        0.06167340278625488,
        0.06167340278625488,
        0.06167340278625488,
        0.06167340278625488,
        0.06167340278625488,
        0.06167340278625488,
        0.06167340278625488
    ],
    "decode_latencies": [
        0.8043625354766846,
        0.8043625354766846,
        0.8043625354766846,
        0.8043625354766846,
        0.8043625354766846,
        0.8043625354766846,
        0.8043625354766846,
        0.8043625354766846
    ],
    "decode_per_iter_latencies": [
        0.02594717856376402,
        0.02594717856376402,
        0.02594717856376402,
        0.02594717856376402,
        0.02594717856376402,
        0.02594717856376402,
        0.02594717856376402,
        0.02594717856376402
    ]
}