{
    "avg_latency": 1.4615745274350047,
    "latencies": [
        1.4615745274350047
    ],
    "percentiles": {
        "10": 1.4615745274350047,
        "25": 1.4615745274350047,
        "50": 1.4615745274350047,
        "75": 1.4615745274350047,
        "90": 1.4615745274350047,
        "99": 1.4615745274350047
    },
    "avg_prefill_latency": 0.6137063503265381,
    "avg_decode_latency": 0.8208532333374023,
    "avg_decode_per_iter_latency": 0.026479136559271043,
    "prefill_latencies": [
        0.6137063503265381,
        0.6137063503265381,
        0.6137063503265381,
        0.6137063503265381,
        0.6137063503265381,
        0.6137063503265381,
        0.6137063503265381,
        0.6137063503265381,
        0.6137063503265381,
        0.6137063503265381,
        0.6137063503265381,
        0.6137063503265381,
        0.6137063503265381,
        0.6137063503265381,
        0.6137063503265381,
        0.6137063503265381
    ],
    "decode_latencies": [
        0.8208532333374023,
        0.8208532333374023,
        0.8208532333374023,
        0.8208532333374023,
        0.8208532333374023,
        0.8208532333374023,
        0.8208532333374023,
        0.8208532333374023,
        0.8208532333374023,
        0.8208532333374023,
        0.8208532333374023,
        0.8208532333374023,
        0.8208532333374023,
        0.8208532333374023,
        0.8208532333374023,
        0.8208532333374023
    ],
    "decode_per_iter_latencies": [
        0.026479136559271043,
        0.026479136559271043,
        0.026479136559271043,
        0.026479136559271043,
        0.026479136559271043,
        0.026479136559271043,
        0.026479136559271043,
        0.026479136559271043,
        0.026479136559271043,
        0.026479136559271043,
        0.026479136559271043,
        0.026479136559271043,
        0.026479136559271043,
        0.026479136559271043,
        0.026479136559271043,
        0.026479136559271043
    ]
}