{
    "avg_latency": 11.822612971998751,
    "latencies": [
        11.822612971998751
    ],
    "percentiles": {
        "10": 11.822612971998751,
        "25": 11.822612971998751,
        "50": 11.822612971998751,
        "75": 11.822612971998751,
        "90": 11.822612971998751,
        "99": 11.822612971998751
    },
    "avg_prefill_latency": 5.730697870254517,
    "avg_decode_latency": 3.25397264957428,
    "avg_decode_per_iter_latency": 0.10496685966368646,
    "prefill_latencies": [
        5.892834901809692,
        5.892834901809692,
        5.892834901809692,
        5.892834901809692,
        5.892834901809692,
        5.892834901809692,
        5.892834901809692,
        5.892834901809692,
        5.892834901809692,
        5.892834901809692,
        5.892834901809692,
        5.892834901809692,
        5.892834901809692,
        5.892834901809692,
        5.892834901809692,
        5.892834901809692,
        5.892834901809692,
        5.892834901809692,
        5.892834901809692,
        5.892834901809692,
        5.892834901809692,
        5.892834901809692,
        5.892834901809692,
        5.892834901809692,
        5.892834901809692,
        5.892834901809692,
        5.892834901809692,
        5.892834901809692,
        5.892834901809692,
        5.892834901809692,
        5.892834901809692,
        5.892834901809692,
        5.568560838699341,
        5.568560838699341,
        5.568560838699341,
        5.568560838699341,
        5.568560838699341,
        5.568560838699341,
        5.568560838699341,
        5.568560838699341,
        5.568560838699341,
        5.568560838699341,
        5.568560838699341,
        5.568560838699341,
        5.568560838699341,
        5.568560838699341,
        5.568560838699341,
        5.568560838699341,
        5.568560838699341,
        5.568560838699341,
        5.568560838699341,
        5.568560838699341,
        5.568560838699341,
        5.568560838699341,
        5.568560838699341,
        5.568560838699341,
        5.568560838699341,
        5.568560838699341,
        5.568560838699341,
        5.568560838699341,
        5.568560838699341,
        5.568560838699341,
        5.568560838699341,
        5.568560838699341
    ],
    "decode_latencies": [
        5.88113260269165,
        5.88113260269165,
        5.88113260269165,
        5.88113260269165,
        5.88113260269165,
        5.88113260269165,
        5.88113260269165,
        5.88113260269165,
        5.88113260269165,
        5.88113260269165,
        5.88113260269165,
        5.88113260269165,
        5.88113260269165,
        5.88113260269165,
        5.88113260269165,
        5.88113260269165,
        5.88113260269165,
        5.88113260269165,
        5.88113260269165,
        5.88113260269165,
        5.88113260269165,
        5.88113260269165,
        5.88113260269165,
        5.88113260269165,
        5.88113260269165,
        5.88113260269165,
        5.88113260269165,
        5.88113260269165,
        5.88113260269165,
        5.88113260269165,
        5.88113260269165,
        5.88113260269165,
        0.6268126964569092,
        0.6268126964569092,
        0.6268126964569092,
        0.6268126964569092,
        0.6268126964569092,
        0.6268126964569092,
        0.6268126964569092,
        0.6268126964569092,
        0.6268126964569092,
        0.6268126964569092,
        0.6268126964569092,
        0.6268126964569092,
        0.6268126964569092,
        0.6268126964569092,
        0.6268126964569092,
        0.6268126964569092,
        0.6268126964569092,
        0.6268126964569092,
        0.6268126964569092,
        0.6268126964569092,
        0.6268126964569092,
        0.6268126964569092,
        0.6268126964569092,
        0.6268126964569092,
        0.6268126964569092,
        0.6268126964569092,
        0.6268126964569092,
        0.6268126964569092,
        0.6268126964569092,
        0.6268126964569092,
        0.6268126964569092,
        0.6268126964569092
    ],
    "decode_per_iter_latencies": [
        0.1897139549255371,
        0.1897139549255371,
        0.1897139549255371,
        0.1897139549255371,
        0.1897139549255371,
        0.1897139549255371,
        0.1897139549255371,
        0.1897139549255371,
        0.1897139549255371,
        0.1897139549255371,
        0.1897139549255371,
        0.1897139549255371,
        0.1897139549255371,
        0.1897139549255371,
        0.1897139549255371,
        0.1897139549255371,
        0.1897139549255371,
        0.1897139549255371,
        0.1897139549255371,
        0.1897139549255371,
        0.1897139549255371,
        0.1897139549255371,
        0.1897139549255371,
        0.1897139549255371,
        0.1897139549255371,
        0.1897139549255371,
        0.1897139549255371,
        0.1897139549255371,
        0.1897139549255371,
        0.1897139549255371,
        0.1897139549255371,
        0.1897139549255371,
        0.02021976440183578,
        0.02021976440183578,
        0.02021976440183578,
        0.02021976440183578,
        0.02021976440183578,
        0.02021976440183578,
        0.02021976440183578,
        0.02021976440183578,
        0.02021976440183578,
        0.02021976440183578,
        0.02021976440183578,
        0.02021976440183578,
        0.02021976440183578,
        0.02021976440183578,
        0.02021976440183578,
        0.02021976440183578,
        0.02021976440183578,
        0.02021976440183578,
        0.02021976440183578,
        0.02021976440183578,
        0.02021976440183578,
        0.02021976440183578,
        0.02021976440183578,
        0.02021976440183578,
        0.02021976440183578,
        0.02021976440183578,
        0.02021976440183578,
        0.02021976440183578,
        0.02021976440183578,
        0.02021976440183578,
        0.02021976440183578,
        0.02021976440183578
    ]
}