{
    "avg_latency": 48.63101166207343,
    "latencies": [
        48.63101166207343
    ],
    "percentiles": {
        "10": 48.63101166207343,
        "25": 48.63101166207343,
        "50": 48.63101166207343,
        "75": 48.63101166207343,
        "90": 48.63101166207343,
        "99": 48.63101166207343
    },
    "avg_prefill_latency": 6.841014474630356,
    "avg_decode_latency": 21.053003400564194,
    "avg_decode_per_iter_latency": 0.6791291419536835,
    "prefill_latencies": [
        7.365090847015381,
        7.365090847015381,
        7.365090847015381,
        7.365090847015381,
        7.365090847015381,
        7.365090847015381,
        7.365090847015381,
        7.365090847015381,
        7.365090847015381,
        7.365090847015381,
        7.365090847015381,
        7.365090847015381,
        7.365090847015381,
        7.365090847015381,
        7.365090847015381,
        7.365090847015381,
        7.1047186851501465,
        7.1047186851501465,
        7.1047186851501465,
        7.1047186851501465,
        7.1047186851501465,
        7.1047186851501465,
        7.1047186851501465,
        7.1047186851501465,
        7.1047186851501465,
        7.1047186851501465,
        7.1047186851501465,
        7.1047186851501465,
        7.1047186851501465,
        7.1047186851501465,
        7.1047186851501465,
        7.1047186851501465,
        6.836745977401733,
        6.836745977401733,
        6.836745977401733,
        6.836745977401733,
        6.836745977401733,
        6.836745977401733,
        6.836745977401733,
        6.836745977401733,
        6.836745977401733,
        6.836745977401733,
        6.836745977401733,
        6.836745977401733,
        6.836745977401733,
        6.836745977401733,
        6.836745977401733,
        6.836745977401733,
        6.580996751785278,
        6.580996751785278,
        6.580996751785278,
        6.580996751785278,
        6.580996751785278,
        6.580996751785278,
        6.580996751785278,
        6.580996751785278,
        6.580996751785278,
        6.580996751785278,
        6.580996751785278,
        6.580996751785278,
        6.580996751785278,
        6.580996751785278,
        6.580996751785278,
        6.580996751785278,
        6.302926778793335,
        6.302926778793335,
        6.302926778793335,
        6.302926778793335,
        6.302926778793335,
        6.302926778793335,
        6.302926778793335,
        6.302926778793335,
        6.302926778793335,
        6.302926778793335,
        6.302926778793335,
        6.302926778793335,
        6.302926778793335,
        6.302926778793335,
        6.302926778793335,
        6.302926778793335,
        7.444084882736206,
        7.444084882736206,
        7.444084882736206,
        7.444084882736206,
        7.444084882736206,
        7.444084882736206,
        7.444084882736206,
        7.444084882736206,
        7.444084882736206,
        7.444084882736206,
        7.444084882736206,
        7.444084882736206,
        7.444084882736206,
        7.444084882736206,
        7.444084882736206,
        7.444084882736206,
        7.185071229934692,
        7.185071229934692,
        7.185071229934692,
        7.185071229934692,
        7.185071229934692,
        7.185071229934692,
        7.185071229934692,
        7.185071229934692,
        7.185071229934692,
        7.185071229934692,
        7.185071229934692,
        7.185071229934692,
        7.185071229934692,
        7.185071229934692,
        7.185071229934692,
        7.185071229934692,
        5.908480644226074,
        5.908480644226074,
        5.908480644226074,
        5.908480644226074,
        5.908480644226074,
        5.908480644226074,
        5.908480644226074,
        5.908480644226074,
        5.908480644226074,
        5.908480644226074,
        5.908480644226074,
        5.908480644226074,
        5.908480644226074,
        5.908480644226074,
        5.908480644226074,
        5.908480644226074
    ],
    "decode_latencies": [
        41.105995178222656,
        41.105995178222656,
        41.105995178222656,
        41.105995178222656,
        41.105995178222656,
        41.105995178222656,
        41.105995178222656,
        41.105995178222656,
        41.105995178222656,
        41.105995178222656,
        41.105995178222656,
        41.105995178222656,
        41.105995178222656,
        41.105995178222656,
        41.105995178222656,
        41.105995178222656,
        35.485262632369995,
        35.485262632369995,
        35.485262632369995,
        35.485262632369995,
        35.485262632369995,
        35.485262632369995,
        35.485262632369995,
        35.485262632369995,
        35.485262632369995,
        35.485262632369995,
        35.485262632369995,
        35.485262632369995,
        35.485262632369995,
        35.485262632369995,
        35.485262632369995,
        35.485262632369995,
        29.87033486366272,
        29.87033486366272,
        29.87033486366272,
        29.87033486366272,
        29.87033486366272,
        29.87033486366272,
        29.87033486366272,
        29.87033486366272,
        29.87033486366272,
        29.87033486366272,
        29.87033486366272,
        29.87033486366272,
        29.87033486366272,
        29.87033486366272,
        29.87033486366272,
        29.87033486366272,
        24.247779607772827,
        24.247779607772827,
        24.247779607772827,
        24.247779607772827,
        24.247779607772827,
        24.247779607772827,
        24.247779607772827,
        24.247779607772827,
        24.247779607772827,
        24.247779607772827,
        24.247779607772827,
        24.247779607772827,
        24.247779607772827,
        24.247779607772827,
        24.247779607772827,
        24.247779607772827,
        18.642218828201294,
        18.642218828201294,
        18.642218828201294,
        18.642218828201294,
        18.642218828201294,
        18.642218828201294,
        18.642218828201294,
        18.642218828201294,
        18.642218828201294,
        18.642218828201294,
        18.642218828201294,
        18.642218828201294,
        18.642218828201294,
        18.642218828201294,
        18.642218828201294,
        18.642218828201294,
        11.626074314117432,
        11.626074314117432,
        11.626074314117432,
        11.626074314117432,
        11.626074314117432,
        11.626074314117432,
        11.626074314117432,
        11.626074314117432,
        11.626074314117432,
        11.626074314117432,
        11.626074314117432,
        11.626074314117432,
        11.626074314117432,
        11.626074314117432,
        11.626074314117432,
        11.626074314117432,
        6.01919960975647,
        6.01919960975647,
        6.01919960975647,
        6.01919960975647,
        6.01919960975647,
        6.01919960975647,
        6.01919960975647,
        6.01919960975647,
        6.01919960975647,
        6.01919960975647,
        6.01919960975647,
        6.01919960975647,
        6.01919960975647,
        6.01919960975647,
        6.01919960975647,
        6.01919960975647,
        1.4271621704101562,
        1.4271621704101562,
        1.4271621704101562,
        1.4271621704101562,
        1.4271621704101562,
        1.4271621704101562,
        1.4271621704101562,
        1.4271621704101562,
        1.4271621704101562,
        1.4271621704101562,
        1.4271621704101562,
        1.4271621704101562,
        1.4271621704101562,
        1.4271621704101562,
        1.4271621704101562,
        1.4271621704101562
    ],