{
    "avg_latency": 0.4578714082017541,
    "latencies": [
        0.4578714082017541
    ],
    "percentiles": {
        "10": 0.4578714082017541,
        "25": 0.4578714082017541,
        "50": 0.4578714082017541,
        "75": 0.4578714082017541,
        "90": 0.4578714082017541,
        "99": 0.4578714082017541
    },
    "avg_prefill_latency": 0.06522178649902344,
    "avg_decode_latency": 0.38045430183410645,
    "avg_decode_per_iter_latency": 0.012272719414003434,
    "prefill_latencies": [
        0.06522178649902344,
        0.06522178649902344,
        0.06522178649902344,
        0.06522178649902344,
        0.06522178649902344,
        0.06522178649902344,
        0.06522178649902344,
        0.06522178649902344,
        0.06522178649902344,
        0.06522178649902344,
        0.06522178649902344,
        0.06522178649902344,
        0.06522178649902344,
        0.06522178649902344,
        0.06522178649902344,
        0.06522178649902344
    ],
    "decode_latencies": [
        0.38045430183410645,
        0.38045430183410645,
        0.38045430183410645,
        0.38045430183410645,
        0.38045430183410645,
        0.38045430183410645,
        0.38045430183410645,
        0.38045430183410645,
        0.38045430183410645,
        0.38045430183410645,
        0.38045430183410645,
        0.38045430183410645,
        0.38045430183410645,
        0.38045430183410645,
        0.38045430183410645,
        0.38045430183410645
    ],
    "decode_per_iter_latencies": [
        0.012272719414003434,
        0.012272719414003434,
        0.012272719414003434,
        0.012272719414003434,
        0.012272719414003434,
        0.012272719414003434,
        0.012272719414003434,
        0.012272719414003434,
        0.012272719414003434,
        0.012272719414003434,
        0.012272719414003434,
        0.012272719414003434,
        0.012272719414003434,
        0.012272719414003434,
        0.012272719414003434,
        0.012272719414003434
    ]
}