{
    "avg_latency": 0.4059908939525485,
    "latencies": [
        0.4059908939525485
    ],
    "percentiles": {
        "10": 0.4059908939525485,
        "25": 0.4059908939525485,
        "50": 0.4059908939525485,
        "75": 0.4059908939525485,
        "90": 0.4059908939525485,
        "99": 0.4059908939525485
    },
    "avg_prefill_latency": 0.061342477798461914,
    "avg_decode_latency": 0.3347971439361572,
    "avg_decode_per_iter_latency": 0.010799907868908297,
    "prefill_latencies": [
        0.061342477798461914
    ],
    "decode_latencies": [
        0.3347971439361572
    ],
    "decode_per_iter_latencies": [
        0.010799907868908297
    ]
}