{
    "avg_latency": 0.47183432010933757,
    "latencies": [
        0.47183432010933757
    ],
    "percentiles": {
        "10": 0.47183432010933757,
        "25": 0.47183432010933757,
        "50": 0.47183432010933757,
        "75": 0.47183432010933757,
        "90": 0.47183432010933757,
        "99": 0.47183432010933757
    },
    "avg_prefill_latency": 0.11775612831115723,
    "avg_decode_latency": 0.34372425079345703,
    "avg_decode_per_iter_latency": 0.011087879057853453,
    "prefill_latencies": [
        0.11775612831115723
    ],
    "decode_latencies": [
        0.34372425079345703
    ],
    "decode_per_iter_latencies": [
        0.011087879057853453
    ]
}