{
    "avg_latency": 0.9438659669831395,
    "latencies": [
        0.9438659669831395
    ],
    "percentiles": {
        "10": 0.9438659669831395,
        "25": 0.9438659669831395,
        "50": 0.9438659669831395,
        "75": 0.9438659669831395,
        "90": 0.9438659669831395,
        "99": 0.9438659669831395
    },
    "avg_prefill_latency": 0.19408154487609863,
    "avg_decode_latency": 0.7210307121276855,
    "avg_decode_per_iter_latency": 0.023259055229925333,
    "prefill_latencies": [
        0.19408154487609863,
        0.19408154487609863,
        0.19408154487609863,
        0.19408154487609863,
        0.19408154487609863,
        0.19408154487609863,
        0.19408154487609863,
        0.19408154487609863,
        0.19408154487609863,
        0.19408154487609863,
        0.19408154487609863,
        0.19408154487609863,
        0.19408154487609863,
        0.19408154487609863,
        0.19408154487609863,
        0.19408154487609863,
        0.19408154487609863,
        0.19408154487609863,
        0.19408154487609863,
        0.19408154487609863,
        0.19408154487609863,
        0.19408154487609863,
        0.19408154487609863,
        0.19408154487609863,
        0.19408154487609863,
        0.19408154487609863,
        0.19408154487609863,
        0.19408154487609863,
        0.19408154487609863,
        0.19408154487609863,
        0.19408154487609863,
        0.19408154487609863,
        0.19408154487609863,
        0.19408154487609863,
        0.19408154487609863,
        0.19408154487609863,
        0.19408154487609863,
        0.19408154487609863,
        0.19408154487609863,
        0.19408154487609863,
        0.19408154487609863,
        0.19408154487609863,
        0.19408154487609863,
        0.19408154487609863,
        0.19408154487609863,
        0.19408154487609863,
        0.19408154487609863,
        0.19408154487609863,
        0.19408154487609863,
        0.19408154487609863,
        0.19408154487609863,
        0.19408154487609863,
        0.19408154487609863,
        0.19408154487609863,
        0.19408154487609863,
        0.19408154487609863,
        0.19408154487609863,
        0.19408154487609863,
        0.19408154487609863,
        0.19408154487609863,
        0.19408154487609863,
        0.19408154487609863,
        0.19408154487609863,
        0.19408154487609863,
        0.19408154487609863,
        0.19408154487609863,
        0.19408154487609863,
        0.19408154487609863,
        0.19408154487609863,
        0.19408154487609863,
        0.19408154487609863,
        0.19408154487609863,
        0.19408154487609863,
        0.19408154487609863,
        0.19408154487609863,
        0.19408154487609863,
        0.19408154487609863,
        0.19408154487609863,
        0.19408154487609863,
        0.19408154487609863,
        0.19408154487609863,
        0.19408154487609863,
        0.19408154487609863,
        0.19408154487609863,
        0.19408154487609863,
        0.19408154487609863,
        0.19408154487609863,
        0.19408154487609863,
        0.19408154487609863,
        0.19408154487609863,
        0.19408154487609863,
        0.19408154487609863,
        0.19408154487609863,
        0.19408154487609863,
        0.19408154487609863,
        0.19408154487609863,
        0.19408154487609863,
        0.19408154487609863,
        0.19408154487609863,
        0.19408154487609863,
        0.19408154487609863,
        0.19408154487609863,
        0.19408154487609863,
        0.19408154487609863,
        0.19408154487609863,
        0.19408154487609863,
        0.19408154487609863,
        0.19408154487609863,
        0.19408154487609863,
        0.19408154487609863,
        0.19408154487609863,
        0.19408154487609863,
        0.19408154487609863,
        0.19408154487609863,
        0.19408154487609863,
        0.19408154487609863,
        0.19408154487609863,
        0.19408154487609863,
        0.19408154487609863,
        0.19408154487609863,
        0.19408154487609863,
        0.19408154487609863,
        0.19408154487609863,
        0.19408154487609863,
        0.19408154487609863,
        0.19408154487609863,
        0.19408154487609863,
        0.19408154487609863
    ],
    "decode_latencies": [
        0.7210307121276855,
        0.7210307121276855,
        0.7210307121276855,
        0.7210307121276855,
        0.7210307121276855,
        0.7210307121276855,
        0.7210307121276855,
        0.7210307121276855,
        0.7210307121276855,
        0.7210307121276855,
        0.7210307121276855,
        0.7210307121276855,
        0.7210307121276855,
        0.7210307121276855,
        0.7210307121276855,
        0.7210307121276855,
        0.7210307121276855,
        0.7210307121276855,
        0.7210307121276855,
        0.7210307121276855,
        0.7210307121276855,
        0.7210307121276855,
        0.7210307121276855,
        0.7210307121276855,
        0.7210307121276855,
        0.7210307121276855,
        0.7210307121276855,
        0.7210307121276855,
        0.7210307121276855,
        0.7210307121276855,
        0.7210307121276855,
        0.7210307121276855,
        0.7210307121276855,
        0.7210307121276855,
        0.7210307121276855,
        0.7210307121276855,
        0.7210307121276855,
        0.7210307121276855,
        0.7210307121276855,
        0.7210307121276855,
        0.7210307121276855,
        0.7210307121276855,
        0.7210307121276855,
        0.7210307121276855,
        0.7210307121276855,
        0.7210307121276855,
        0.7210307121276855,
        0.7210307121276855,
        0.7210307121276855,
        0.7210307121276855,
        0.7210307121276855,
        0.7210307121276855,
        0.7210307121276855,
        0.7210307121276855,
        0.7210307121276855,
        0.7210307121276855,
        0.7210307121276855,
        0.7210307121276855,
        0.7210307121276855,
        0.7210307121276855,
        0.7210307121276855,
        0.7210307121276855,
        0.7210307121276855,
        0.7210307121276855,
        0.7210307121276855,
        0.7210307121276855,
        0.7210307121276855,
        0.7210307121276855,
        0.7210307121276855,
        0.7210307121276855,
        0.7210307121276855,
        0.7210307121276855,
        0.7210307121276855,
        0.7210307121276855,
        0.7210307121276855,
        0.7210307121276855,
        0.7210307121276855,
        0.7210307121276855,
        0.7210307121276855,
        0.7210307121276855,
        0.7210307121276855,
        0.7210307121276855,
        0.7210307121276855,
        0.7210307121276855,
        0.7210307121276855,
        0.7210307121276855,
        0.7210307121276855,
        0.7210307121276855,
        0.7210307121276855,
        0.7210307121276855,
        0.7210307121276855,
        0.7210307121276855,
        0.7210307121276855,
        0.7210307121276855,
        0.7210307121276855,
        0.7210307121276855,
        0.7210307121276855,
        0.7210307121276855,
        0.7210307121276855,
        0.7210307121276855,
        0.7210307121276855,
        0.7210307121276855,
        0.7210307121276855,
        0.7210307121276855,
        0.7210307121276855,
        0.7210307121276855,
        0.7210307121276855,
        0.7210307121276855,
        0.7210307121276855,
        0.7210307121276855,
        0.7210307121276855,
        0.7210307121276855,
        0.7210307121276855,
        0.7210307121276855,
        0.7210307121276855,
        0.7210307121276855,
        0.7210307121276855,
        0.7210307121276855,
        0.7210307121276855,
        0.7210307121276855,
        0.7210307121276855,
        0.7210307121276855,
        0.7210307121276855,
        0.7210307121276855,
        0.7210307121276855,
        0.7210307121276855,
        0.7210307121276855,
        0.7210307121276855
    ],