{
    "avg_latency": 23.23627500515431,
    "latencies": [
        23.23627500515431
    ],
    "percentiles": {
        "10": 23.23627500515431,
        "25": 23.23627500515431,
        "50": 23.23627500515431,
        "75": 23.23627500515431,
        "90": 23.23627500515431,
        "99": 23.23627500515431
    },
    "avg_prefill_latency": 6.206626534461975,
    "avg_decode_latency": 8.590340495109558,
    "avg_decode_per_iter_latency": 0.27710775790675996,
    "prefill_latencies": [
        6.665173530578613,
        6.665173530578613,
        6.665173530578613,
        6.665173530578613,
        6.665173530578613,
        6.665173530578613,
        6.665173530578613,
        6.665173530578613,
        6.665173530578613,
        6.665173530578613,
        6.665173530578613,
        6.665173530578613,
        6.665173530578613,
        6.665173530578613,
        6.665173530578613,
        6.665173530578613,
        6.665173530578613,
        6.665173530578613,
        6.665173530578613,
        6.665173530578613,
        6.665173530578613,
        6.665173530578613,
        6.665173530578613,
        6.665173530578613,
        6.665173530578613,
        6.665173530578613,
        6.665173530578613,
        6.665173530578613,
        6.665173530578613,
        6.665173530578613,
        6.665173530578613,
        6.665173530578613,
        6.423961162567139,
        6.423961162567139,
        6.423961162567139,
        6.423961162567139,
        6.423961162567139,
        6.423961162567139,
        6.423961162567139,
        6.423961162567139,
        6.423961162567139,
        6.423961162567139,
        6.423961162567139,
        6.423961162567139,
        6.423961162567139,
        6.423961162567139,
        6.423961162567139,
        6.423961162567139,
        6.423961162567139,
        6.423961162567139,
        6.423961162567139,
        6.423961162567139,
        6.423961162567139,
        6.423961162567139,
        6.423961162567139,
        6.423961162567139,
        6.423961162567139,
        6.423961162567139,
        6.423961162567139,
        6.423961162567139,
        6.423961162567139,
        6.423961162567139,
        6.423961162567139,
        6.423961162567139,
        6.17728066444397,
        6.17728066444397,
        6.17728066444397,
        6.17728066444397,
        6.17728066444397,
        6.17728066444397,
        6.17728066444397,
        6.17728066444397,
        6.17728066444397,
        6.17728066444397,
        6.17728066444397,
        6.17728066444397,
        6.17728066444397,
        6.17728066444397,
        6.17728066444397,
        6.17728066444397,
        6.17728066444397,
        6.17728066444397,
        6.17728066444397,
        6.17728066444397,
        6.17728066444397,
        6.17728066444397,
        6.17728066444397,
        6.17728066444397,
        6.17728066444397,
        6.17728066444397,
        6.17728066444397,
        6.17728066444397,
        6.17728066444397,
        6.17728066444397,
        6.17728066444397,
        6.17728066444397,
        5.560090780258179,
        5.560090780258179,
        5.560090780258179,
        5.560090780258179,
        5.560090780258179,
        5.560090780258179,
        5.560090780258179,
        5.560090780258179,
        5.560090780258179,
        5.560090780258179,
        5.560090780258179,
        5.560090780258179,
        5.560090780258179,
        5.560090780258179,
        5.560090780258179,
        5.560090780258179,
        5.560090780258179,
        5.560090780258179,
        5.560090780258179,
        5.560090780258179,
        5.560090780258179,
        5.560090780258179,
        5.560090780258179,
        5.560090780258179,
        5.560090780258179,
        5.560090780258179,
        5.560090780258179,
        5.560090780258179,
        5.560090780258179,
        5.560090780258179,
        5.560090780258179,
        5.560090780258179
    ],
    "decode_latencies": [
        16.48243808746338,
        16.48243808746338,
        16.48243808746338,
        16.48243808746338,
        16.48243808746338,
        16.48243808746338,
        16.48243808746338,
        16.48243808746338,
        16.48243808746338,
        16.48243808746338,
        16.48243808746338,
        16.48243808746338,
        16.48243808746338,
        16.48243808746338,
        16.48243808746338,
        16.48243808746338,
        16.48243808746338,
        16.48243808746338,
        16.48243808746338,
        16.48243808746338,
        16.48243808746338,
        16.48243808746338,
        16.48243808746338,
        16.48243808746338,
        16.48243808746338,
        16.48243808746338,
        16.48243808746338,
        16.48243808746338,
        16.48243808746338,
        16.48243808746338,
        16.48243808746338,
        16.48243808746338,
        11.154010772705078,
        11.154010772705078,
        11.154010772705078,
        11.154010772705078,
        11.154010772705078,
        11.154010772705078,
        11.154010772705078,
        11.154010772705078,
        11.154010772705078,
        11.154010772705078,
        11.154010772705078,
        11.154010772705078,
        11.154010772705078,
        11.154010772705078,
        11.154010772705078,
        11.154010772705078,
        11.154010772705078,
        11.154010772705078,
        11.154010772705078,
        11.154010772705078,
        11.154010772705078,
        11.154010772705078,
        11.154010772705078,
        11.154010772705078,
        11.154010772705078,
        11.154010772705078,
        11.154010772705078,
        11.154010772705078,
        11.154010772705078,
        11.154010772705078,
        11.154010772705078,
        11.154010772705078,
        5.836407661437988,
        5.836407661437988,
        5.836407661437988,
        5.836407661437988,
        5.836407661437988,
        5.836407661437988,
        5.836407661437988,
        5.836407661437988,
        5.836407661437988,
        5.836407661437988,
        5.836407661437988,
        5.836407661437988,
        5.836407661437988,
        5.836407661437988,
        5.836407661437988,
        5.836407661437988,
        5.836407661437988,
        5.836407661437988,
        5.836407661437988,
        5.836407661437988,
        5.836407661437988,
        5.836407661437988,
        5.836407661437988,
        5.836407661437988,
        5.836407661437988,
        5.836407661437988,
        5.836407661437988,
        5.836407661437988,
        5.836407661437988,
        5.836407661437988,
        5.836407661437988,
        5.836407661437988,
        0.8885054588317871,
        0.8885054588317871,
        0.8885054588317871,
        0.8885054588317871,
        0.8885054588317871,
        0.8885054588317871,
        0.8885054588317871,
        0.8885054588317871,
        0.8885054588317871,
        0.8885054588317871,
        0.8885054588317871,
        0.8885054588317871,
        0.8885054588317871,
        0.8885054588317871,
        0.8885054588317871,
        0.8885054588317871,
        0.8885054588317871,
        0.8885054588317871,
        0.8885054588317871,
        0.8885054588317871,
        0.8885054588317871,
        0.8885054588317871,
        0.8885054588317871,
        0.8885054588317871,
        0.8885054588317871,
        0.8885054588317871,
        0.8885054588317871,
        0.8885054588317871,
        0.8885054588317871,
        0.8885054588317871,
        0.8885054588317871,
        0.8885054588317871
    ],