{
    "avg_latency": 0.8832792690955102,
    "latencies": [
        0.8832792690955102
    ],
    "percentiles": {
        "10": 0.8832792690955102,
        "25": 0.8832792690955102,
        "50": 0.8832792690955102,
        "75": 0.8832792690955102,
        "90": 0.8832792690955102,
        "99": 0.8832792690955102
    },
    "avg_prefill_latency": 0.06248903274536133,
    "avg_decode_latency": 0.795835018157959,
    "avg_decode_per_iter_latency": 0.02567209735993416,
    "prefill_latencies": [
        0.06248903274536133
    ],
    "decode_latencies": [
        0.795835018157959
    ],
    "decode_per_iter_latencies": [
        0.02567209735993416
    ]
}