{
    "avg_latency": 0.8094028476625681,
    "latencies": [
        0.8094028476625681
    ],
    "percentiles": {
        "10": 0.8094028476625681,
        "25": 0.8094028476625681,
        "50": 0.8094028476625681,
        "75": 0.8094028476625681,
        "90": 0.8094028476625681,
        "99": 0.8094028476625681
    },
    "avg_prefill_latency": 0.3495628833770752,
    "avg_decode_latency": 0.4440159797668457,
    "avg_decode_per_iter_latency": 0.014323096121511152,
    "prefill_latencies": [
        0.3495628833770752,
        0.3495628833770752,
        0.3495628833770752,
        0.3495628833770752,
        0.3495628833770752,
        0.3495628833770752,
        0.3495628833770752,
        0.3495628833770752,
        0.3495628833770752,
        0.3495628833770752,
        0.3495628833770752,
        0.3495628833770752,
        0.3495628833770752,
        0.3495628833770752,
        0.3495628833770752,
        0.3495628833770752,
        0.3495628833770752,
        0.3495628833770752,
        0.3495628833770752,
        0.3495628833770752,
        0.3495628833770752,
        0.3495628833770752,
        0.3495628833770752,
        0.3495628833770752,
        0.3495628833770752,
        0.3495628833770752,
        0.3495628833770752,
        0.3495628833770752,
        0.3495628833770752,
        0.3495628833770752,
        0.3495628833770752,
        0.3495628833770752
    ],
    "decode_latencies": [
        0.4440159797668457,
        0.4440159797668457,
        0.4440159797668457,
        0.4440159797668457,
        0.4440159797668457,
        0.4440159797668457,
        0.4440159797668457,
        0.4440159797668457,
        0.4440159797668457,
        0.4440159797668457,
        0.4440159797668457,
        0.4440159797668457,
        0.4440159797668457,
        0.4440159797668457,
        0.4440159797668457,
        0.4440159797668457,
        0.4440159797668457,
        0.4440159797668457,
        0.4440159797668457,
        0.4440159797668457,
        0.4440159797668457,
        0.4440159797668457,
        0.4440159797668457,
        0.4440159797668457,
        0.4440159797668457,
        0.4440159797668457,
        0.4440159797668457,
        0.4440159797668457,
        0.4440159797668457,
        0.4440159797668457,
        0.4440159797668457,
        0.4440159797668457
    ],
    "decode_per_iter_latencies": [
        0.014323096121511152,
        0.014323096121511152,
        0.014323096121511152,
        0.014323096121511152,
        0.014323096121511152,
        0.014323096121511152,
        0.014323096121511152,
        0.014323096121511152,
        0.014323096121511152,
        0.014323096121511152,
        0.014323096121511152,
        0.014323096121511152,
        0.014323096121511152,
        0.014323096121511152,
        0.014323096121511152,
        0.014323096121511152,
        0.014323096121511152,
        0.014323096121511152,
        0.014323096121511152,
        0.014323096121511152,
        0.014323096121511152,
        0.014323096121511152,
        0.014323096121511152,
        0.014323096121511152,
        0.014323096121511152,
        0.014323096121511152,
        0.014323096121511152,
        0.014323096121511152,
        0.014323096121511152,
        0.014323096121511152,
        0.014323096121511152,
        0.014323096121511152
    ]
}