{
    "avg_latency": 11.65053994487971,
    "latencies": [
        11.65053994487971
    ],
    "percentiles": {
        "10": 11.65053994487971,
        "25": 11.65053994487971,
        "50": 11.65053994487971,
        "75": 11.65053994487971,
        "90": 11.65053994487971,
        "99": 11.65053994487971
    },
    "avg_prefill_latency": 5.517136454582214,
    "avg_decode_latency": 3.378937005996704,
    "avg_decode_per_iter_latency": 0.10899796793537751,
    "prefill_latencies": [
        5.637603521347046,
        5.637603521347046,
        5.637603521347046,
        5.637603521347046,
        5.637603521347046,
        5.637603521347046,
        5.637603521347046,
        5.637603521347046,
        5.637603521347046,
        5.637603521347046,
        5.637603521347046,
        5.637603521347046,
        5.637603521347046,
        5.637603521347046,
        5.637603521347046,
        5.637603521347046,
        5.637603521347046,
        5.637603521347046,
        5.637603521347046,
        5.637603521347046,
        5.637603521347046,
        5.637603521347046,
        5.637603521347046,
        5.637603521347046,
        5.637603521347046,
        5.637603521347046,
        5.637603521347046,
        5.637603521347046,
        5.637603521347046,
        5.637603521347046,
        5.637603521347046,
        5.637603521347046,
        5.637603521347046,
        5.637603521347046,
        5.637603521347046,
        5.637603521347046,
        5.637603521347046,
        5.637603521347046,
        5.637603521347046,
        5.637603521347046,
        5.637603521347046,
        5.637603521347046,
        5.637603521347046,
        5.637603521347046,
        5.637603521347046,
        5.637603521347046,
        5.637603521347046,
        5.637603521347046,
        5.637603521347046,
        5.637603521347046,
        5.637603521347046,
        5.637603521347046,
        5.637603521347046,
        5.637603521347046,
        5.637603521347046,
        5.637603521347046,
        5.637603521347046,
        5.637603521347046,
        5.637603521347046,
        5.637603521347046,
        5.637603521347046,
        5.637603521347046,
        5.637603521347046,
        5.637603521347046,
        5.396669387817383,
        5.396669387817383,
        5.396669387817383,
        5.396669387817383,
        5.396669387817383,
        5.396669387817383,
        5.396669387817383,
        5.396669387817383,
        5.396669387817383,
        5.396669387817383,
        5.396669387817383,
        5.396669387817383,
        5.396669387817383,
        5.396669387817383,
        5.396669387817383,
        5.396669387817383,
        5.396669387817383,
        5.396669387817383,
        5.396669387817383,
        5.396669387817383,
        5.396669387817383,
        5.396669387817383,
        5.396669387817383,
        5.396669387817383,
        5.396669387817383,
        5.396669387817383,
        5.396669387817383,
        5.396669387817383,
        5.396669387817383,
        5.396669387817383,
        5.396669387817383,
        5.396669387817383,
        5.396669387817383,
        5.396669387817383,
        5.396669387817383,
        5.396669387817383,
        5.396669387817383,
        5.396669387817383,
        5.396669387817383,
        5.396669387817383,
        5.396669387817383,
        5.396669387817383,
        5.396669387817383,
        5.396669387817383,
        5.396669387817383,
        5.396669387817383,
        5.396669387817383,
        5.396669387817383,
        5.396669387817383,
        5.396669387817383,
        5.396669387817383,
        5.396669387817383,
        5.396669387817383,
        5.396669387817383,
        5.396669387817383,
        5.396669387817383,
        5.396669387817383,
        5.396669387817383,
        5.396669387817383,
        5.396669387817383,
        5.396669387817383,
        5.396669387817383,
        5.396669387817383,
        5.396669387817383
    ],
    "decode_latencies": [
        5.956230640411377,
        5.956230640411377,
        5.956230640411377,
        5.956230640411377,
        5.956230640411377,
        5.956230640411377,
        5.956230640411377,
        5.956230640411377,
        5.956230640411377,
        5.956230640411377,
        5.956230640411377,
        5.956230640411377,
        5.956230640411377,
        5.956230640411377,
        5.956230640411377,
        5.956230640411377,
        5.956230640411377,
        5.956230640411377,
        5.956230640411377,
        5.956230640411377,
        5.956230640411377,
        5.956230640411377,
        5.956230640411377,
        5.956230640411377,
        5.956230640411377,
        5.956230640411377,
        5.956230640411377,
        5.956230640411377,
        5.956230640411377,
        5.956230640411377,
        5.956230640411377,
        5.956230640411377,
        5.956230640411377,
        5.956230640411377,
        5.956230640411377,
        5.956230640411377,
        5.956230640411377,
        5.956230640411377,
        5.956230640411377,
        5.956230640411377,
        5.956230640411377,
        5.956230640411377,
        5.956230640411377,
        5.956230640411377,
        5.956230640411377,
        5.956230640411377,
        5.956230640411377,
        5.956230640411377,
        5.956230640411377,
        5.956230640411377,
        5.956230640411377,
        5.956230640411377,
        5.956230640411377,
        5.956230640411377,
        5.956230640411377,
        5.956230640411377,
        5.956230640411377,
        5.956230640411377,
        5.956230640411377,
        5.956230640411377,
        5.956230640411377,
        5.956230640411377,
        5.956230640411377,
        5.956230640411377,
        0.8016433715820312,
        0.8016433715820312,
        0.8016433715820312,
        0.8016433715820312,
        0.8016433715820312,
        0.8016433715820312,
        0.8016433715820312,
        0.8016433715820312,
        0.8016433715820312,
        0.8016433715820312,
        0.8016433715820312,
        0.8016433715820312,
        0.8016433715820312,
        0.8016433715820312,
        0.8016433715820312,
        0.8016433715820312,
        0.8016433715820312,
        0.8016433715820312,
        0.8016433715820312,
        0.8016433715820312,
        0.8016433715820312,
        0.8016433715820312,
        0.8016433715820312,
        0.8016433715820312,
        0.8016433715820312,
        0.8016433715820312,
        0.8016433715820312,
        0.8016433715820312,
        0.8016433715820312,
        0.8016433715820312,
        0.8016433715820312,
        0.8016433715820312,
        0.8016433715820312,
        0.8016433715820312,
        0.8016433715820312,
        0.8016433715820312,
        0.8016433715820312,
        0.8016433715820312,
        0.8016433715820312,
        0.8016433715820312,
        0.8016433715820312,
        0.8016433715820312,
        0.8016433715820312,
        0.8016433715820312,
        0.8016433715820312,
        0.8016433715820312,
        0.8016433715820312,
        0.8016433715820312,
        0.8016433715820312,
        0.8016433715820312,
        0.8016433715820312,
        0.8016433715820312,
        0.8016433715820312,
        0.8016433715820312,
        0.8016433715820312,
        0.8016433715820312,
        0.8016433715820312,
        0.8016433715820312,
        0.8016433715820312,
        0.8016433715820312,
        0.8016433715820312,
        0.8016433715820312,
        0.8016433715820312,
        0.8016433715820312
    ],