{
    "avg_latency": 13.435434966348112,
    "latencies": [
        13.435434966348112
    ],
    "percentiles": {
        "10": 13.435434966348112,
        "25": 13.435434966348112,
        "50": 13.435434966348112,
        "75": 13.435434966348112,
        "90": 13.435434966348112,
        "99": 13.435434966348112
    },
    "avg_prefill_latency": 12.329228639602661,
    "avg_decode_latency": 1.0933096408843994,
    "avg_decode_per_iter_latency": 0.03526805293175482,
    "prefill_latencies": [
        12.329228639602661,
        12.329228639602661,
        12.329228639602661,
        12.329228639602661,
        12.329228639602661,
        12.329228639602661,
        12.329228639602661,
        12.329228639602661
    ],
    "decode_latencies": [
        1.0933096408843994,
        1.0933096408843994,
        1.0933096408843994,
        1.0933096408843994,
        1.0933096408843994,
        1.0933096408843994,
        1.0933096408843994,
        1.0933096408843994
    ],
    "decode_per_iter_latencies": [
        0.03526805293175482,
        0.03526805293175482,
        0.03526805293175482,
        0.03526805293175482,
        0.03526805293175482,
        0.03526805293175482,
        0.03526805293175482,
        0.03526805293175482
    ]
}