{
    "avg_latency": 1.1469773459248245,
    "latencies": [
        1.1469773459248245
    ],
    "percentiles": {
        "10": 1.1469773459248245,
        "25": 1.1469773459248245,
        "50": 1.1469773459248245,
        "75": 1.1469773459248245,
        "90": 1.1469773459248245,
        "99": 1.1469773459248245
    },
    "avg_prefill_latency": 0.6866023540496826,
    "avg_decode_latency": 0.44356775283813477,
    "avg_decode_per_iter_latency": 0.014308637188326928,
    "prefill_latencies": [
        0.6866023540496826,
        0.6866023540496826,
        0.6866023540496826,
        0.6866023540496826,
        0.6866023540496826,
        0.6866023540496826,
        0.6866023540496826,
        0.6866023540496826,
        0.6866023540496826,
        0.6866023540496826,
        0.6866023540496826,
        0.6866023540496826,
        0.6866023540496826,
        0.6866023540496826,
        0.6866023540496826,
        0.6866023540496826,
        0.6866023540496826,
        0.6866023540496826,
        0.6866023540496826,
        0.6866023540496826,
        0.6866023540496826,
        0.6866023540496826,
        0.6866023540496826,
        0.6866023540496826,
        0.6866023540496826,
        0.6866023540496826,
        0.6866023540496826,
        0.6866023540496826,
        0.6866023540496826,
        0.6866023540496826,
        0.6866023540496826,
        0.6866023540496826
    ],
    "decode_latencies": [
        0.44356775283813477,
        0.44356775283813477,
        0.44356775283813477,
        0.44356775283813477,
        0.44356775283813477,
        0.44356775283813477,
        0.44356775283813477,
        0.44356775283813477,
        0.44356775283813477,
        0.44356775283813477,
        0.44356775283813477,
        0.44356775283813477,
        0.44356775283813477,
        0.44356775283813477,
        0.44356775283813477,
        0.44356775283813477,
        0.44356775283813477,
        0.44356775283813477,
        0.44356775283813477,
        0.44356775283813477,
        0.44356775283813477,
        0.44356775283813477,
        0.44356775283813477,
        0.44356775283813477,
        0.44356775283813477,
        0.44356775283813477,
        0.44356775283813477,
        0.44356775283813477,
        0.44356775283813477,
        0.44356775283813477,
        0.44356775283813477,
        0.44356775283813477
    ],
    "decode_per_iter_latencies": [
        0.014308637188326928,
        0.014308637188326928,
        0.014308637188326928,
        0.014308637188326928,
        0.014308637188326928,
        0.014308637188326928,
        0.014308637188326928,
        0.014308637188326928,
        0.014308637188326928,
        0.014308637188326928,
        0.014308637188326928,
        0.014308637188326928,
        0.014308637188326928,
        0.014308637188326928,
        0.014308637188326928,
        0.014308637188326928,
        0.014308637188326928,
        0.014308637188326928,
        0.014308637188326928,
        0.014308637188326928,
        0.014308637188326928,
        0.014308637188326928,
        0.014308637188326928,
        0.014308637188326928,
        0.014308637188326928,
        0.014308637188326928,
        0.014308637188326928,
        0.014308637188326928,
        0.014308637188326928,
        0.014308637188326928,
        0.014308637188326928,
        0.014308637188326928
    ]
}