{
    "avg_latency": 1.8275987687520683,
    "latencies": [
        1.8275987687520683
    ],
    "percentiles": {
        "10": 1.8275987687520683,
        "25": 1.8275987687520683,
        "50": 1.8275987687520683,
        "75": 1.8275987687520683,
        "90": 1.8275987687520683,
        "99": 1.8275987687520683
    },
    "avg_prefill_latency": 1.3446331024169922,
    "avg_decode_latency": 0.4636995792388916,
    "avg_decode_per_iter_latency": 0.014958050943190051,
    "prefill_latencies": [
        1.3446331024169922,
        1.3446331024169922,
        1.3446331024169922,
        1.3446331024169922,
        1.3446331024169922,
        1.3446331024169922,
        1.3446331024169922,
        1.3446331024169922,
        1.3446331024169922,
        1.3446331024169922,
        1.3446331024169922,
        1.3446331024169922,
        1.3446331024169922,
        1.3446331024169922,
        1.3446331024169922,
        1.3446331024169922,
        1.3446331024169922,
        1.3446331024169922,
        1.3446331024169922,
        1.3446331024169922,
        1.3446331024169922,
        1.3446331024169922,
        1.3446331024169922,
        1.3446331024169922,
        1.3446331024169922,
        1.3446331024169922,
        1.3446331024169922,
        1.3446331024169922,
        1.3446331024169922,
        1.3446331024169922,
        1.3446331024169922,
        1.3446331024169922
    ],
    "decode_latencies": [
        0.4636995792388916,
        0.4636995792388916,
        0.4636995792388916,
        0.4636995792388916,
        0.4636995792388916,
        0.4636995792388916,
        0.4636995792388916,
        0.4636995792388916,
        0.4636995792388916,
        0.4636995792388916,
        0.4636995792388916,
        0.4636995792388916,
        0.4636995792388916,
        0.4636995792388916,
        0.4636995792388916,
        0.4636995792388916,
        0.4636995792388916,
        0.4636995792388916,
        0.4636995792388916,
        0.4636995792388916,
        0.4636995792388916,
        0.4636995792388916,
        0.4636995792388916,
        0.4636995792388916,
        0.4636995792388916,
        0.4636995792388916,
        0.4636995792388916,
        0.4636995792388916,
        0.4636995792388916,
        0.4636995792388916,
        0.4636995792388916,
        0.4636995792388916
    ],
    "decode_per_iter_latencies": [
        0.014958050943190051,
        0.014958050943190051,
        0.014958050943190051,
        0.014958050943190051,
        0.014958050943190051,
        0.014958050943190051,
        0.014958050943190051,
        0.014958050943190051,
        0.014958050943190051,
        0.014958050943190051,
        0.014958050943190051,
        0.014958050943190051,
        0.014958050943190051,
        0.014958050943190051,
        0.014958050943190051,
        0.014958050943190051,
        0.014958050943190051,
        0.014958050943190051,
        0.014958050943190051,
        0.014958050943190051,
        0.014958050943190051,
        0.014958050943190051,
        0.014958050943190051,
        0.014958050943190051,
        0.014958050943190051,
        0.014958050943190051,
        0.014958050943190051,
        0.014958050943190051,
        0.014958050943190051,
        0.014958050943190051,
        0.014958050943190051,
        0.014958050943190051
    ]
}