{
    "avg_latency": 1.6608109991066158,
    "latencies": [
        1.6608109991066158
    ],
    "percentiles": {
        "10": 1.6608109991066158,
        "25": 1.6608109991066158,
        "50": 1.6608109991066158,
        "75": 1.6608109991066158,
        "90": 1.6608109991066158,
        "99": 1.6608109991066158
    },
    "avg_prefill_latency": 0.4436187744140625,
    "avg_decode_latency": 1.2134408950805664,
    "avg_decode_per_iter_latency": 0.03914325468001827,
    "prefill_latencies": [
        0.4436187744140625
    ],
    "decode_latencies": [
        1.2134408950805664
    ],
    "decode_per_iter_latencies": [
        0.03914325468001827
    ]
}