{
    "avg_latency": 11.521377120632678,
    "latencies": [
        11.521377120632678
    ],
    "percentiles": {
        "10": 11.521377120632678,
        "25": 11.521377120632678,
        "50": 11.521377120632678,
        "75": 11.521377120632678,
        "90": 11.521377120632678,
        "99": 11.521377120632678
    },
    "avg_prefill_latency": 9.946189403533936,
    "avg_decode_latency": 1.5133311748504639,
    "avg_decode_per_iter_latency": 0.04881713467259562,
    "prefill_latencies": [
        9.946189403533936,
        9.946189403533936,
        9.946189403533936,
        9.946189403533936,
        9.946189403533936,
        9.946189403533936,
        9.946189403533936,
        9.946189403533936,
        9.946189403533936,
        9.946189403533936,
        9.946189403533936,
        9.946189403533936,
        9.946189403533936,
        9.946189403533936,
        9.946189403533936,
        9.946189403533936,
        9.946189403533936,
        9.946189403533936,
        9.946189403533936,
        9.946189403533936,
        9.946189403533936,
        9.946189403533936,
        9.946189403533936,
        9.946189403533936,
        9.946189403533936,
        9.946189403533936,
        9.946189403533936,
        9.946189403533936,
        9.946189403533936,
        9.946189403533936,
        9.946189403533936,
        9.946189403533936,
        9.946189403533936,
        9.946189403533936,
        9.946189403533936,
        9.946189403533936,
        9.946189403533936,
        9.946189403533936,
        9.946189403533936,
        9.946189403533936,
        9.946189403533936,
        9.946189403533936,
        9.946189403533936,
        9.946189403533936,
        9.946189403533936,
        9.946189403533936,
        9.946189403533936,
        9.946189403533936,
        9.946189403533936,
        9.946189403533936,
        9.946189403533936,
        9.946189403533936,
        9.946189403533936,
        9.946189403533936,
        9.946189403533936,
        9.946189403533936,
        9.946189403533936,
        9.946189403533936,
        9.946189403533936,
        9.946189403533936,
        9.946189403533936,
        9.946189403533936,
        9.946189403533936,
        9.946189403533936,
        9.946189403533936,
        9.946189403533936,
        9.946189403533936,
        9.946189403533936,
        9.946189403533936,
        9.946189403533936,
        9.946189403533936,
        9.946189403533936,
        9.946189403533936,
        9.946189403533936,
        9.946189403533936,
        9.946189403533936,
        9.946189403533936,
        9.946189403533936,
        9.946189403533936,
        9.946189403533936,
        9.946189403533936,
        9.946189403533936,
        9.946189403533936,
        9.946189403533936,
        9.946189403533936,
        9.946189403533936,
        9.946189403533936,
        9.946189403533936,
        9.946189403533936,
        9.946189403533936,
        9.946189403533936,
        9.946189403533936,
        9.946189403533936,
        9.946189403533936,
        9.946189403533936,
        9.946189403533936,
        9.946189403533936,
        9.946189403533936,
        9.946189403533936,
        9.946189403533936,
        9.946189403533936,
        9.946189403533936,
        9.946189403533936,
        9.946189403533936,
        9.946189403533936,
        9.946189403533936,
        9.946189403533936,
        9.946189403533936,
        9.946189403533936,
        9.946189403533936,
        9.946189403533936,
        9.946189403533936,
        9.946189403533936,
        9.946189403533936,
        9.946189403533936,
        9.946189403533936,
        9.946189403533936,
        9.946189403533936,
        9.946189403533936,
        9.946189403533936,
        9.946189403533936,
        9.946189403533936,
        9.946189403533936,
        9.946189403533936,
        9.946189403533936,
        9.946189403533936,
        9.946189403533936,
        9.946189403533936
    ],
    "decode_latencies": [
        1.5133311748504639,
        1.5133311748504639,
        1.5133311748504639,
        1.5133311748504639,
        1.5133311748504639,
        1.5133311748504639,
        1.5133311748504639,
        1.5133311748504639,
        1.5133311748504639,
        1.5133311748504639,
        1.5133311748504639,
        1.5133311748504639,
        1.5133311748504639,
        1.5133311748504639,
        1.5133311748504639,
        1.5133311748504639,
        1.5133311748504639,
        1.5133311748504639,
        1.5133311748504639,
        1.5133311748504639,
        1.5133311748504639,
        1.5133311748504639,
        1.5133311748504639,
        1.5133311748504639,
        1.5133311748504639,
        1.5133311748504639,
        1.5133311748504639,
        1.5133311748504639,
        1.5133311748504639,
        1.5133311748504639,
        1.5133311748504639,
        1.5133311748504639,
        1.5133311748504639,
        1.5133311748504639,
        1.5133311748504639,
        1.5133311748504639,
        1.5133311748504639,
        1.5133311748504639,
        1.5133311748504639,
        1.5133311748504639,
        1.5133311748504639,
        1.5133311748504639,
        1.5133311748504639,
        1.5133311748504639,
        1.5133311748504639,
        1.5133311748504639,
        1.5133311748504639,
        1.5133311748504639,
        1.5133311748504639,
        1.5133311748504639,
        1.5133311748504639,
        1.5133311748504639,
        1.5133311748504639,
        1.5133311748504639,
        1.5133311748504639,
        1.5133311748504639,
        1.5133311748504639,
        1.5133311748504639,
        1.5133311748504639,
        1.5133311748504639,
        1.5133311748504639,
        1.5133311748504639,
        1.5133311748504639,
        1.5133311748504639,
        1.5133311748504639,
        1.5133311748504639,
        1.5133311748504639,
        1.5133311748504639,
        1.5133311748504639,
        1.5133311748504639,
        1.5133311748504639,
        1.5133311748504639,
        1.5133311748504639,
        1.5133311748504639,
        1.5133311748504639,
        1.5133311748504639,
        1.5133311748504639,
        1.5133311748504639,
        1.5133311748504639,
        1.5133311748504639,
        1.5133311748504639,
        1.5133311748504639,
        1.5133311748504639,
        1.5133311748504639,
        1.5133311748504639,
        1.5133311748504639,
        1.5133311748504639,
        1.5133311748504639,
        1.5133311748504639,
        1.5133311748504639,
        1.5133311748504639,
        1.5133311748504639,
        1.5133311748504639,
        1.5133311748504639,
        1.5133311748504639,
        1.5133311748504639,
        1.5133311748504639,
        1.5133311748504639,
        1.5133311748504639,
        1.5133311748504639,
        1.5133311748504639,
        1.5133311748504639,
        1.5133311748504639,
        1.5133311748504639,
        1.5133311748504639,
        1.5133311748504639,
        1.5133311748504639,
        1.5133311748504639,
        1.5133311748504639,
        1.5133311748504639,
        1.5133311748504639,
        1.5133311748504639,
        1.5133311748504639,
        1.5133311748504639,
        1.5133311748504639,
        1.5133311748504639,
        1.5133311748504639,
        1.5133311748504639,
        1.5133311748504639,
        1.5133311748504639,
        1.5133311748504639,
        1.5133311748504639,
        1.5133311748504639,
        1.5133311748504639,
        1.5133311748504639,
        1.5133311748504639,
        1.5133311748504639,
        1.5133311748504639
    ],