{
    "avg_latency": 11.348611798137426,
    "latencies": [
        11.348611798137426
    ],
    "percentiles": {
        "10": 11.348611798137426,
        "25": 11.348611798137426,
        "50": 11.348611798137426,
        "75": 11.348611798137426,
        "90": 11.348611798137426,
        "99": 11.348611798137426
    },
    "avg_prefill_latency": 10.146820783615112,
    "avg_decode_latency": 1.154000997543335,
    "avg_decode_per_iter_latency": 0.03722583863043016,
    "prefill_latencies": [
        10.146820783615112,
        10.146820783615112,
        10.146820783615112,
        10.146820783615112,
        10.146820783615112,
        10.146820783615112,
        10.146820783615112,
        10.146820783615112,
        10.146820783615112,
        10.146820783615112,
        10.146820783615112,
        10.146820783615112,
        10.146820783615112,
        10.146820783615112,
        10.146820783615112,
        10.146820783615112,
        10.146820783615112,
        10.146820783615112,
        10.146820783615112,
        10.146820783615112,
        10.146820783615112,
        10.146820783615112,
        10.146820783615112,
        10.146820783615112,
        10.146820783615112,
        10.146820783615112,
        10.146820783615112,
        10.146820783615112,
        10.146820783615112,
        10.146820783615112,
        10.146820783615112,
        10.146820783615112,
        10.146820783615112,
        10.146820783615112,
        10.146820783615112,
        10.146820783615112,
        10.146820783615112,
        10.146820783615112,
        10.146820783615112,
        10.146820783615112,
        10.146820783615112,
        10.146820783615112,
        10.146820783615112,
        10.146820783615112,
        10.146820783615112,
        10.146820783615112,
        10.146820783615112,
        10.146820783615112,
        10.146820783615112,
        10.146820783615112,
        10.146820783615112,
        10.146820783615112,
        10.146820783615112,
        10.146820783615112,
        10.146820783615112,
        10.146820783615112,
        10.146820783615112,
        10.146820783615112,
        10.146820783615112,
        10.146820783615112,
        10.146820783615112,
        10.146820783615112,
        10.146820783615112,
        10.146820783615112
    ],
    "decode_latencies": [
        1.154000997543335,
        1.154000997543335,
        1.154000997543335,
        1.154000997543335,
        1.154000997543335,
        1.154000997543335,
        1.154000997543335,
        1.154000997543335,
        1.154000997543335,
        1.154000997543335,
        1.154000997543335,
        1.154000997543335,
        1.154000997543335,
        1.154000997543335,
        1.154000997543335,
        1.154000997543335,
        1.154000997543335,
        1.154000997543335,
        1.154000997543335,
        1.154000997543335,
        1.154000997543335,
        1.154000997543335,
        1.154000997543335,
        1.154000997543335,
        1.154000997543335,
        1.154000997543335,
        1.154000997543335,
        1.154000997543335,
        1.154000997543335,
        1.154000997543335,
        1.154000997543335,
        1.154000997543335,
        1.154000997543335,
        1.154000997543335,
        1.154000997543335,
        1.154000997543335,
        1.154000997543335,
        1.154000997543335,
        1.154000997543335,
        1.154000997543335,
        1.154000997543335,
        1.154000997543335,
        1.154000997543335,
        1.154000997543335,
        1.154000997543335,
        1.154000997543335,
        1.154000997543335,
        1.154000997543335,
        1.154000997543335,
        1.154000997543335,
        1.154000997543335,
        1.154000997543335,
        1.154000997543335,
        1.154000997543335,
        1.154000997543335,
        1.154000997543335,
        1.154000997543335,
        1.154000997543335,
        1.154000997543335,
        1.154000997543335,
        1.154000997543335,
        1.154000997543335,
        1.154000997543335,
        1.154000997543335
    ],
    "decode_per_iter_latencies": [
        0.03722583863043016,
        0.03722583863043016,
        0.03722583863043016,
        0.03722583863043016,
        0.03722583863043016,
        0.03722583863043016,
        0.03722583863043016,
        0.03722583863043016,
        0.03722583863043016,
        0.03722583863043016,
        0.03722583863043016,
        0.03722583863043016,
        0.03722583863043016,
        0.03722583863043016,
        0.03722583863043016,
        0.03722583863043016,
        0.03722583863043016,
        0.03722583863043016,
        0.03722583863043016,
        0.03722583863043016,
        0.03722583863043016,
        0.03722583863043016,
        0.03722583863043016,
        0.03722583863043016,
        0.03722583863043016,
        0.03722583863043016,
        0.03722583863043016,
        0.03722583863043016,
        0.03722583863043016,
        0.03722583863043016,
        0.03722583863043016,
        0.03722583863043016,
        0.03722583863043016,
        0.03722583863043016,
        0.03722583863043016,
        0.03722583863043016,
        0.03722583863043016,
        0.03722583863043016,
        0.03722583863043016,
        0.03722583863043016,
        0.03722583863043016,
        0.03722583863043016,
        0.03722583863043016,
        0.03722583863043016,
        0.03722583863043016,
        0.03722583863043016,
        0.03722583863043016,
        0.03722583863043016,
        0.03722583863043016,
        0.03722583863043016,
        0.03722583863043016,
        0.03722583863043016,
        0.03722583863043016,
        0.03722583863043016,
        0.03722583863043016,
        0.03722583863043016,
        0.03722583863043016,
        0.03722583863043016,
        0.03722583863043016,
        0.03722583863043016,
        0.03722583863043016,
        0.03722583863043016,
        0.03722583863043016,
        0.03722583863043016
    ]
}