{
    "avg_latency": 6.084622049238533,
    "latencies": [
        6.084622049238533
    ],
    "percentiles": {
        "10": 6.084622049238533,
        "25": 6.084622049238533,
        "50": 6.084622049238533,
        "75": 6.084622049238533,
        "90": 6.084622049238533,
        "99": 6.084622049238533
    },
    "avg_prefill_latency": 5.556268930435181,
    "avg_decode_latency": 0.4961583614349365,
    "avg_decode_per_iter_latency": 0.01600510843338505,
    "prefill_latencies": [
        5.556268930435181,
        5.556268930435181,
        5.556268930435181,
        5.556268930435181,
        5.556268930435181,
        5.556268930435181,
        5.556268930435181,
        5.556268930435181,
        5.556268930435181,
        5.556268930435181,
        5.556268930435181,
        5.556268930435181,
        5.556268930435181,
        5.556268930435181,
        5.556268930435181,
        5.556268930435181,
        5.556268930435181,
        5.556268930435181,
        5.556268930435181,
        5.556268930435181,
        5.556268930435181,
        5.556268930435181,
        5.556268930435181,
        5.556268930435181,
        5.556268930435181,
        5.556268930435181,
        5.556268930435181,
        5.556268930435181,
        5.556268930435181,
        5.556268930435181,
        5.556268930435181,
        5.556268930435181
    ],
    "decode_latencies": [
        0.4961583614349365,
        0.4961583614349365,
        0.4961583614349365,
        0.4961583614349365,
        0.4961583614349365,
        0.4961583614349365,
        0.4961583614349365,
        0.4961583614349365,
        0.4961583614349365,
        0.4961583614349365,
        0.4961583614349365,
        0.4961583614349365,
        0.4961583614349365,
        0.4961583614349365,
        0.4961583614349365,
        0.4961583614349365,
        0.4961583614349365,
        0.4961583614349365,
        0.4961583614349365,
        0.4961583614349365,
        0.4961583614349365,
        0.4961583614349365,
        0.4961583614349365,
        0.4961583614349365,
        0.4961583614349365,
        0.4961583614349365,
        0.4961583614349365,
        0.4961583614349365,
        0.4961583614349365,
        0.4961583614349365,
        0.4961583614349365,
        0.4961583614349365
    ],
    "decode_per_iter_latencies": [
        0.01600510843338505,
        0.01600510843338505,
        0.01600510843338505,
        0.01600510843338505,
        0.01600510843338505,
        0.01600510843338505,
        0.01600510843338505,
        0.01600510843338505,
        0.01600510843338505,
        0.01600510843338505,
        0.01600510843338505,
        0.01600510843338505,
        0.01600510843338505,
        0.01600510843338505,
        0.01600510843338505,
        0.01600510843338505,
        0.01600510843338505,
        0.01600510843338505,
        0.01600510843338505,
        0.01600510843338505,
        0.01600510843338505,
        0.01600510843338505,
        0.01600510843338505,
        0.01600510843338505,
        0.01600510843338505,
        0.01600510843338505,
        0.01600510843338505,
        0.01600510843338505,
        0.01600510843338505,
        0.01600510843338505,
        0.01600510843338505,
        0.01600510843338505
    ]
}