{
    "avg_latency": 1.8952127592638135,
    "latencies": [
        1.8952127592638135
    ],
    "percentiles": {
        "10": 1.8952127592638135,
        "25": 1.8952127592638135,
        "50": 1.8952127592638135,
        "75": 1.8952127592638135,
        "90": 1.8952127592638135,
        "99": 1.8952127592638135
    },
    "avg_prefill_latency": 1.3346378803253174,
    "avg_decode_latency": 0.5369505882263184,
    "avg_decode_per_iter_latency": 0.01732098671697801,
    "prefill_latencies": [
        1.3346378803253174,
        1.3346378803253174,
        1.3346378803253174,
        1.3346378803253174,
        1.3346378803253174,
        1.3346378803253174,
        1.3346378803253174,
        1.3346378803253174,
        1.3346378803253174,
        1.3346378803253174,
        1.3346378803253174,
        1.3346378803253174,
        1.3346378803253174,
        1.3346378803253174,
        1.3346378803253174,
        1.3346378803253174,
        1.3346378803253174,
        1.3346378803253174,
        1.3346378803253174,
        1.3346378803253174,
        1.3346378803253174,
        1.3346378803253174,
        1.3346378803253174,
        1.3346378803253174,
        1.3346378803253174,
        1.3346378803253174,
        1.3346378803253174,
        1.3346378803253174,
        1.3346378803253174,
        1.3346378803253174,
        1.3346378803253174,
        1.3346378803253174,
        1.3346378803253174,
        1.3346378803253174,
        1.3346378803253174,
        1.3346378803253174,
        1.3346378803253174,
        1.3346378803253174,
        1.3346378803253174,
        1.3346378803253174,
        1.3346378803253174,
        1.3346378803253174,
        1.3346378803253174,
        1.3346378803253174,
        1.3346378803253174,
        1.3346378803253174,
        1.3346378803253174,
        1.3346378803253174,
        1.3346378803253174,
        1.3346378803253174,
        1.3346378803253174,
        1.3346378803253174,
        1.3346378803253174,
        1.3346378803253174,
        1.3346378803253174,
        1.3346378803253174,
        1.3346378803253174,
        1.3346378803253174,
        1.3346378803253174,
        1.3346378803253174,
        1.3346378803253174,
        1.3346378803253174,
        1.3346378803253174,
        1.3346378803253174
    ],
    "decode_latencies": [
        0.5369505882263184,
        0.5369505882263184,
        0.5369505882263184,
        0.5369505882263184,
        0.5369505882263184,
        0.5369505882263184,
        0.5369505882263184,
        0.5369505882263184,
        0.5369505882263184,
        0.5369505882263184,
        0.5369505882263184,
        0.5369505882263184,
        0.5369505882263184,
        0.5369505882263184,
        0.5369505882263184,
        0.5369505882263184,
        0.5369505882263184,
        0.5369505882263184,
        0.5369505882263184,
        0.5369505882263184,
        0.5369505882263184,
        0.5369505882263184,
        0.5369505882263184,
        0.5369505882263184,
        0.5369505882263184,
        0.5369505882263184,
        0.5369505882263184,
        0.5369505882263184,
        0.5369505882263184,
        0.5369505882263184,
        0.5369505882263184,
        0.5369505882263184,
        0.5369505882263184,
        0.5369505882263184,
        0.5369505882263184,
        0.5369505882263184,
        0.5369505882263184,
        0.5369505882263184,
        0.5369505882263184,
        0.5369505882263184,
        0.5369505882263184,
        0.5369505882263184,
        0.5369505882263184,
        0.5369505882263184,
        0.5369505882263184,
        0.5369505882263184,
        0.5369505882263184,
        0.5369505882263184,
        0.5369505882263184,
        0.5369505882263184,
        0.5369505882263184,
        0.5369505882263184,
        0.5369505882263184,
        0.5369505882263184,
        0.5369505882263184,
        0.5369505882263184,
        0.5369505882263184,
        0.5369505882263184,
        0.5369505882263184,
        0.5369505882263184,
        0.5369505882263184,
        0.5369505882263184,
        0.5369505882263184,
        0.5369505882263184
    ],
    "decode_per_iter_latencies": [
        0.01732098671697801,
        0.01732098671697801,
        0.01732098671697801,
        0.01732098671697801,
        0.01732098671697801,
        0.01732098671697801,
        0.01732098671697801,
        0.01732098671697801,
        0.01732098671697801,
        0.01732098671697801,
        0.01732098671697801,
        0.01732098671697801,
        0.01732098671697801,
        0.01732098671697801,
        0.01732098671697801,
        0.01732098671697801,
        0.01732098671697801,
        0.01732098671697801,
        0.01732098671697801,
        0.01732098671697801,
        0.01732098671697801,
        0.01732098671697801,
        0.01732098671697801,
        0.01732098671697801,
        0.01732098671697801,
        0.01732098671697801,
        0.01732098671697801,
        0.01732098671697801,
        0.01732098671697801,
        0.01732098671697801,
        0.01732098671697801,
        0.01732098671697801,
        0.01732098671697801,
        0.01732098671697801,
        0.01732098671697801,
        0.01732098671697801,
        0.01732098671697801,
        0.01732098671697801,
        0.01732098671697801,
        0.01732098671697801,
        0.01732098671697801,
        0.01732098671697801,
        0.01732098671697801,
        0.01732098671697801,
        0.01732098671697801,
        0.01732098671697801,
        0.01732098671697801,
        0.01732098671697801,
        0.01732098671697801,
        0.01732098671697801,
        0.01732098671697801,
        0.01732098671697801,
        0.01732098671697801,
        0.01732098671697801,
        0.01732098671697801,
        0.01732098671697801,
        0.01732098671697801,
        0.01732098671697801,
        0.01732098671697801,
        0.01732098671697801,
        0.01732098671697801,
        0.01732098671697801,
        0.01732098671697801,
        0.01732098671697801
    ]
}