{
    "avg_latency": 6.238297498319298,
    "latencies": [
        6.238297498319298
    ],
    "percentiles": {
        "10": 6.238297498319298,
        "25": 6.238297498319298,
        "50": 6.238297498319298,
        "75": 6.238297498319298,
        "90": 6.238297498319298,
        "99": 6.238297498319298
    },
    "avg_prefill_latency": 5.333676815032959,
    "avg_decode_latency": 0.8726627826690674,
    "avg_decode_per_iter_latency": 0.028150412344163465,
    "prefill_latencies": [
        5.333676815032959,
        5.333676815032959,
        5.333676815032959,
        5.333676815032959,
        5.333676815032959,
        5.333676815032959,
        5.333676815032959,
        5.333676815032959,
        5.333676815032959,
        5.333676815032959,
        5.333676815032959,
        5.333676815032959,
        5.333676815032959,
        5.333676815032959,
        5.333676815032959,
        5.333676815032959
    ],
    "decode_latencies": [
        0.8726627826690674,
        0.8726627826690674,
        0.8726627826690674,
        0.8726627826690674,
        0.8726627826690674,
        0.8726627826690674,
        0.8726627826690674,
        0.8726627826690674,
        0.8726627826690674,
        0.8726627826690674,
        0.8726627826690674,
        0.8726627826690674,
        0.8726627826690674,
        0.8726627826690674,
        0.8726627826690674,
        0.8726627826690674
    ],
    "decode_per_iter_latencies": [
        0.028150412344163465,
        0.028150412344163465,
        0.028150412344163465,
        0.028150412344163465,
        0.028150412344163465,
        0.028150412344163465,
        0.028150412344163465,
        0.028150412344163465,
        0.028150412344163465,
        0.028150412344163465,
        0.028150412344163465,
        0.028150412344163465,
        0.028150412344163465,
        0.028150412344163465,
        0.028150412344163465,
        0.028150412344163465
    ]
}