{
    "avg_latency": 50.53998740389943,
    "latencies": [
        50.53998740389943
    ],
    "percentiles": {
        "10": 50.53998740389943,
        "25": 50.53998740389943,
        "50": 50.53998740389943,
        "75": 50.53998740389943,
        "90": 50.53998740389943,
        "99": 50.53998740389943
    },
    "avg_prefill_latency": 24.588963389396667,
    "avg_decode_latency": 13.628379583358765,
    "avg_decode_per_iter_latency": 0.4396251478502827,
    "prefill_latencies": [
        24.62598729133606,
        24.62598729133606,
        24.62598729133606,
        24.62598729133606,
        24.62598729133606,
        24.62598729133606,
        24.62598729133606,
        24.62598729133606,
        24.62598729133606,
        24.62598729133606,
        24.62598729133606,
        24.62598729133606,
        24.62598729133606,
        24.62598729133606,
        24.62598729133606,
        24.62598729133606,
        24.551939487457275,
        24.551939487457275,
        24.551939487457275,
        24.551939487457275,
        24.551939487457275,
        24.551939487457275,
        24.551939487457275,
        24.551939487457275,
        24.551939487457275,
        24.551939487457275,
        24.551939487457275,
        24.551939487457275,
        24.551939487457275,
        24.551939487457275,
        24.551939487457275,
        24.551939487457275
    ],
    "decode_latencies": [
        25.86313033103943,
        25.86313033103943,
        25.86313033103943,
        25.86313033103943,
        25.86313033103943,
        25.86313033103943,
        25.86313033103943,
        25.86313033103943,
        25.86313033103943,
        25.86313033103943,
        25.86313033103943,
        25.86313033103943,
        25.86313033103943,
        25.86313033103943,
        25.86313033103943,
        25.86313033103943,
        1.3936288356781006,
        1.3936288356781006,
        1.3936288356781006,
        1.3936288356781006,
        1.3936288356781006,
        1.3936288356781006,
        1.3936288356781006,
        1.3936288356781006,
        1.3936288356781006,
        1.3936288356781006,
        1.3936288356781006,
        1.3936288356781006,
        1.3936288356781006,
        1.3936288356781006,
        1.3936288356781006,
        1.3936288356781006
    ],
    "decode_per_iter_latencies": [
        0.8342945268077235,
        0.8342945268077235,
        0.8342945268077235,
        0.8342945268077235,
        0.8342945268077235,
        0.8342945268077235,
        0.8342945268077235,
        0.8342945268077235,
        0.8342945268077235,
        0.8342945268077235,
        0.8342945268077235,
        0.8342945268077235,
        0.8342945268077235,
        0.8342945268077235,
        0.8342945268077235,
        0.8342945268077235,
        0.04495576889284195,
        0.04495576889284195,
        0.04495576889284195,
        0.04495576889284195,
        0.04495576889284195,
        0.04495576889284195,
        0.04495576889284195,
        0.04495576889284195,
        0.04495576889284195,
        0.04495576889284195,
        0.04495576889284195,
        0.04495576889284195,
        0.04495576889284195,
        0.04495576889284195,
        0.04495576889284195,
        0.04495576889284195
    ]
}