{
    "avg_latency": 0.6551850321702659,
    "latencies": [
        0.6551850321702659
    ],
    "percentiles": {
        "10": 0.6551850321702659,
        "25": 0.6551850321702659,
        "50": 0.6551850321702659,
        "75": 0.6551850321702659,
        "90": 0.6551850321702659,
        "99": 0.6551850321702659
    },
    "avg_prefill_latency": 0.11000943183898926,
    "avg_decode_latency": 0.5260531902313232,
    "avg_decode_per_iter_latency": 0.016969457749397523,
    "prefill_latencies": [
        0.11000943183898926,
        0.11000943183898926,
        0.11000943183898926,
        0.11000943183898926,
        0.11000943183898926,
        0.11000943183898926,
        0.11000943183898926,
        0.11000943183898926,
        0.11000943183898926,
        0.11000943183898926,
        0.11000943183898926,
        0.11000943183898926,
        0.11000943183898926,
        0.11000943183898926,
        0.11000943183898926,
        0.11000943183898926,
        0.11000943183898926,
        0.11000943183898926,
        0.11000943183898926,
        0.11000943183898926,
        0.11000943183898926,
        0.11000943183898926,
        0.11000943183898926,
        0.11000943183898926,
        0.11000943183898926,
        0.11000943183898926,
        0.11000943183898926,
        0.11000943183898926,
        0.11000943183898926,
        0.11000943183898926,
        0.11000943183898926,
        0.11000943183898926,
        0.11000943183898926,
        0.11000943183898926,
        0.11000943183898926,
        0.11000943183898926,
        0.11000943183898926,
        0.11000943183898926,
        0.11000943183898926,
        0.11000943183898926,
        0.11000943183898926,
        0.11000943183898926,
        0.11000943183898926,
        0.11000943183898926,
        0.11000943183898926,
        0.11000943183898926,
        0.11000943183898926,
        0.11000943183898926,
        0.11000943183898926,
        0.11000943183898926,
        0.11000943183898926,
        0.11000943183898926,
        0.11000943183898926,
        0.11000943183898926,
        0.11000943183898926,
        0.11000943183898926,
        0.11000943183898926,
        0.11000943183898926,
        0.11000943183898926,
        0.11000943183898926,
        0.11000943183898926,
        0.11000943183898926,
        0.11000943183898926,
        0.11000943183898926
    ],
    "decode_latencies": [
        0.5260531902313232,
        0.5260531902313232,
        0.5260531902313232,
        0.5260531902313232,
        0.5260531902313232,
        0.5260531902313232,
        0.5260531902313232,
        0.5260531902313232,
        0.5260531902313232,
        0.5260531902313232,
        0.5260531902313232,
        0.5260531902313232,
        0.5260531902313232,
        0.5260531902313232,
        0.5260531902313232,
        0.5260531902313232,
        0.5260531902313232,
        0.5260531902313232,
        0.5260531902313232,
        0.5260531902313232,
        0.5260531902313232,
        0.5260531902313232,
        0.5260531902313232,
        0.5260531902313232,
        0.5260531902313232,
        0.5260531902313232,
        0.5260531902313232,
        0.5260531902313232,
        0.5260531902313232,
        0.5260531902313232,
        0.5260531902313232,
        0.5260531902313232,
        0.5260531902313232,
        0.5260531902313232,
        0.5260531902313232,
        0.5260531902313232,
        0.5260531902313232,
        0.5260531902313232,
        0.5260531902313232,
        0.5260531902313232,
        0.5260531902313232,
        0.5260531902313232,
        0.5260531902313232,
        0.5260531902313232,
        0.5260531902313232,
        0.5260531902313232,
        0.5260531902313232,
        0.5260531902313232,
        0.5260531902313232,
        0.5260531902313232,
        0.5260531902313232,
        0.5260531902313232,
        0.5260531902313232,
        0.5260531902313232,
        0.5260531902313232,
        0.5260531902313232,
        0.5260531902313232,
        0.5260531902313232,
        0.5260531902313232,
        0.5260531902313232,
        0.5260531902313232,
        0.5260531902313232,
        0.5260531902313232,
        0.5260531902313232
    ],
    "decode_per_iter_latencies": [
        0.016969457749397523,
        0.016969457749397523,
        0.016969457749397523,
        0.016969457749397523,
        0.016969457749397523,
        0.016969457749397523,
        0.016969457749397523,
        0.016969457749397523,
        0.016969457749397523,
        0.016969457749397523,
        0.016969457749397523,
        0.016969457749397523,
        0.016969457749397523,
        0.016969457749397523,
        0.016969457749397523,
        0.016969457749397523,
        0.016969457749397523,
        0.016969457749397523,
        0.016969457749397523,
        0.016969457749397523,
        0.016969457749397523,
        0.016969457749397523,
        0.016969457749397523,
        0.016969457749397523,
        0.016969457749397523,
        0.016969457749397523,
        0.016969457749397523,
        0.016969457749397523,
        0.016969457749397523,
        0.016969457749397523,
        0.016969457749397523,
        0.016969457749397523,
        0.016969457749397523,
        0.016969457749397523,
        0.016969457749397523,
        0.016969457749397523,
        0.016969457749397523,
        0.016969457749397523,
        0.016969457749397523,
        0.016969457749397523,
        0.016969457749397523,
        0.016969457749397523,
        0.016969457749397523,
        0.016969457749397523,
        0.016969457749397523,
        0.016969457749397523,
        0.016969457749397523,
        0.016969457749397523,
        0.016969457749397523,
        0.016969457749397523,
        0.016969457749397523,
        0.016969457749397523,
        0.016969457749397523,
        0.016969457749397523,
        0.016969457749397523,
        0.016969457749397523,
        0.016969457749397523,
        0.016969457749397523,
        0.016969457749397523,
        0.016969457749397523,
        0.016969457749397523,
        0.016969457749397523,
        0.016969457749397523,
        0.016969457749397523
    ]
}