{
    "elapsed_time": 2.4179419558495283,
    "num_requests": 1,
    "total_num_tokens": 98,
    "requests_per_second": 0.41357485756876095,
    "tokens_per_second": 40.53033604173857,
    "prefill_throughput": 32.124845235648564,
    "decode_throughput": 93.1570071260556,
    "prefill_tokens": 66,
    "decode_tokens": 32,
    "prefill_time": 2.0544846057891846,
    "decode_time": 0.3435060977935791,
    "prefill_latencies": [
        2.0544846057891846
    ],
    "decode_latencies": [
        0.3435060977935791
    ]
}