{
    "elapsed_time": 3.4265184639953077,
    "num_requests": 64,
    "total_num_tokens": 6442,
    "requests_per_second": 18.67785061498727,
    "tokens_per_second": 1880.0424009648125,
    "prefill_throughput": 31.287436358223616,
    "decode_throughput": 27.132797501039583,
    "prefill_tokens": 4394,
    "decode_tokens": 2048,
    "prefill_time": 140.43975830078125,
    "decode_time": 75.48060607910156,
    "prefill_latencies": [
        2.194371223449707,
        2.194371223449707,
        2.194371223449707,
        2.194371223449707,
        2.194371223449707,
        2.194371223449707,
        2.194371223449707,
        2.194371223449707,
        2.194371223449707,
        2.194371223449707,
        2.194371223449707,
        2.194371223449707,
        2.194371223449707,
        2.194371223449707,
        2.194371223449707,
        2.194371223449707,
        2.194371223449707,
        2.194371223449707,
        2.194371223449707,
        2.194371223449707,
        2.194371223449707,
        2.194371223449707,
        2.194371223449707,
        2.194371223449707,
        2.194371223449707,
        2.194371223449707,
        2.194371223449707,
        2.194371223449707,
        2.194371223449707,
        2.194371223449707,
        2.194371223449707,
        2.194371223449707,
        2.194371223449707,
        2.194371223449707,
        2.194371223449707,
        2.194371223449707,
        2.194371223449707,
        2.194371223449707,
        2.194371223449707,
        2.194371223449707,
        2.194371223449707,
        2.194371223449707,
        2.194371223449707,
        2.194371223449707,
        2.194371223449707,
        2.194371223449707,
        2.194371223449707,
        2.194371223449707,
        2.194371223449707,
        2.194371223449707,
        2.194371223449707,
        2.194371223449707,
        2.194371223449707,
        2.194371223449707,
        2.194371223449707,
        2.194371223449707,
        2.194371223449707,
        2.194371223449707,
        2.194371223449707,
        2.194371223449707,
        2.194371223449707,
        2.194371223449707,
        2.194371223449707,
        2.194371223449707
    ],
    "decode_latencies": [
        1.179384469985962,
        1.179384469985962,
        1.179384469985962,
        1.179384469985962,
        1.179384469985962,
        1.179384469985962,
        1.179384469985962,
        1.179384469985962,
        1.179384469985962,
        1.179384469985962,
        1.179384469985962,
        1.179384469985962,
        1.179384469985962,
        1.179384469985962,
        1.179384469985962,
        1.179384469985962,
        1.179384469985962,
        1.179384469985962,
        1.179384469985962,
        1.179384469985962,
        1.179384469985962,
        1.179384469985962,
        1.179384469985962,
        1.179384469985962,
        1.179384469985962,
        1.179384469985962,
        1.179384469985962,
        1.179384469985962,
        1.179384469985962,
        1.179384469985962,
        1.179384469985962,
        1.179384469985962,
        1.179384469985962,
        1.179384469985962,
        1.179384469985962,
        1.179384469985962,
        1.179384469985962,
        1.179384469985962,
        1.179384469985962,
        1.179384469985962,
        1.179384469985962,
        1.179384469985962,
        1.179384469985962,
        1.179384469985962,
        1.179384469985962,
        1.179384469985962,
        1.179384469985962,
        1.179384469985962,
        1.179384469985962,
        1.179384469985962,
        1.179384469985962,
        1.179384469985962,
        1.179384469985962,
        1.179384469985962,
        1.179384469985962,
        1.179384469985962,
        1.179384469985962,
        1.179384469985962,
        1.179384469985962,
        1.179384469985962,
        1.179384469985962,
        1.179384469985962,
        1.179384469985962,
        1.179384469985962
    ]
}