{
    "elapsed_time": 15.224680643063039,
    "num_requests": 8,
    "total_num_tokens": 68826,
    "requests_per_second": 0.5254625819455276,
    "tokens_per_second": 4520.68595812286,
    "prefill_throughput": 608.6953604217547,
    "decode_throughput": 33.11086233275919,
    "prefill_tokens": 68570,
    "decode_tokens": 256,
    "prefill_time": 112.6507682800293,
    "decode_time": 7.731601715087891
}