{
    "elapsed_time": 11.554676249157637,
    "num_requests": 128,
    "total_num_tokens": 141712,
    "requests_per_second": 11.077766026489188,
    "tokens_per_second": 12264.471712076842,
    "prefill_throughput": 110.97434973907168,
    "decode_throughput": 31.002138837242576,
    "prefill_tokens": 137616,
    "decode_tokens": 4096,
    "prefill_time": 1240.0703434944153,
    "decode_time": 132.11991667747498,
    "prefill_latencies": [
        10.112043142318726,
        10.112043142318726,
        10.112043142318726,
        10.112043142318726,
        10.112043142318726,
        10.112043142318726,
        10.112043142318726,
        10.112043142318726,
        10.112043142318726,
        10.112043142318726,
        10.112043142318726,
        10.112043142318726,
        10.112043142318726,
        10.112043142318726,
        10.112043142318726,
        10.112043142318726,
        10.112043142318726,
        10.112043142318726,
        10.112043142318726,
        10.112043142318726,
        10.112043142318726,
        10.112043142318726,
        10.112043142318726,
        10.112043142318726,
        10.112043142318726,
        10.112043142318726,
        10.112043142318726,
        10.112043142318726,
        10.112043142318726,
        10.112043142318726,
        10.112043142318726,
        10.112043142318726,
        10.112043142318726,
        10.112043142318726,
        10.112043142318726,
        10.112043142318726,
        10.112043142318726,
        10.112043142318726,
        10.112043142318726,
        10.112043142318726,
        10.112043142318726,
        10.112043142318726,
        10.112043142318726,
        10.112043142318726,
        10.112043142318726,
        10.112043142318726,
        10.112043142318726,
        10.112043142318726,
        10.112043142318726,
        10.112043142318726,
        10.112043142318726,
        10.112043142318726,
        10.112043142318726,
        10.112043142318726,
        10.112043142318726,
        10.112043142318726,
        10.112043142318726,
        10.112043142318726,
        10.112043142318726,
        10.112043142318726,
        10.112043142318726,
        10.112043142318726,
        10.112043142318726,
        10.112043142318726,
        10.112043142318726,
        10.112043142318726,
        10.112043142318726,
        10.112043142318726,
        10.112043142318726,
        10.112043142318726,
        10.112043142318726,
        10.112043142318726,
        10.112043142318726,
        10.112043142318726,
        10.112043142318726,
        10.112043142318726,
        10.112043142318726,
        10.112043142318726,
        10.112043142318726,
        10.112043142318726,
        10.112043142318726,
        10.112043142318726,
        10.112043142318726,
        10.112043142318726,
        10.112043142318726,
        10.112043142318726,
        10.112043142318726,
        10.112043142318726,
        10.112043142318726,
        10.112043142318726,
        10.112043142318726,
        10.112043142318726,
        10.112043142318726,
        10.112043142318726,
        10.112043142318726,
        10.112043142318726,
        10.112043142318726,
        10.112043142318726,
        10.112043142318726,
        10.112043142318726,
        10.112043142318726,
        10.112043142318726,
        10.112043142318726,
        10.112043142318726,
        10.112043142318726,
        10.112043142318726,
        10.112043142318726,
        10.112043142318726,
        10.112043142318726,
        10.112043142318726,
        10.112043142318726,
        10.112043142318726,
        10.112043142318726,
        10.112043142318726,
        10.112043142318726,
        10.112043142318726,
        10.112043142318726,
        10.112043142318726,
        10.112043142318726,
        10.112043142318726,
        10.112043142318726,
        2.3590176105499268,
        2.3590176105499268,
        2.3590176105499268,
        2.3590176105499268,
        2.3590176105499268,
        2.3590176105499268,
        2.3590176105499268
    ],
    "decode_latencies": [
        1.0475132465362549,
        1.0475132465362549,
        1.0475132465362549,
        1.0475132465362549,
        1.0475132465362549,
        1.0475132465362549,
        1.0475132465362549,
        1.0475132465362549,
        1.0475132465362549,
        1.0475132465362549,
        1.0475132465362549,
        1.0475132465362549,
        1.0475132465362549,
        1.0475132465362549,
        1.0475132465362549,
        1.0475132465362549,
        1.0475132465362549,
        1.0475132465362549,
        1.0475132465362549,
        1.0475132465362549,
        1.0475132465362549,
        1.0475132465362549,
        1.0475132465362549,
        1.0475132465362549,
        1.0475132465362549,
        1.0475132465362549,
        1.0475132465362549,
        1.0475132465362549,
        1.0475132465362549,
        1.0475132465362549,
        1.0475132465362549,
        1.0475132465362549,
        1.0475132465362549,
        1.0475132465362549,
        1.0475132465362549,
        1.0475132465362549,
        1.0475132465362549,
        1.0475132465362549,
        1.0475132465362549,
        1.0475132465362549,
        1.0475132465362549,
        1.0475132465362549,
        1.0475132465362549,
        1.0475132465362549,
        1.0475132465362549,
        1.0475132465362549,
        1.0475132465362549,
        1.0475132465362549,
        1.0475132465362549,
        1.0475132465362549,
        1.0475132465362549,
        1.0475132465362549,
        1.0475132465362549,
        1.0475132465362549,
        1.0475132465362549,
        1.0475132465362549,
        1.0475132465362549,
        1.0475132465362549,
        1.0475132465362549,
        1.0475132465362549,
        1.0475132465362549,
        1.0475132465362549,
        1.0475132465362549,
        1.0475132465362549,
        1.0475132465362549,
        1.0475132465362549,
        1.0475132465362549,
        1.0475132465362549,
        1.0475132465362549,
        1.0475132465362549,
        1.0475132465362549,
        1.0475132465362549,
        1.0475132465362549,
        1.0475132465362549,
        1.0475132465362549,
        1.0475132465362549,
        1.0475132465362549,
        1.0475132465362549,
        1.0475132465362549,
        1.0475132465362549,
        1.0475132465362549,
        1.0475132465362549,
        1.0475132465362549,
        1.0475132465362549,
        1.0475132465362549,
        1.0475132465362549,
        1.0475132465362549,
        1.0475132465362549,
        1.0475132465362549,
        1.0475132465362549,
        1.0475132465362549,
        1.0475132465362549,
        1.0475132465362549,
        1.0475132465362549,
        1.0475132465362549,
        1.0475132465362549,
        1.0475132465362549,
        1.0475132465362549,
        1.0475132465362549,
        1.0475132465362549,
        1.0475132465362549,
        1.0475132465362549,
        1.0475132465362549,
        1.0475132465362549,
        1.0475132465362549,
        1.0475132465362549,
        1.0475132465362549,
        1.0475132465362549,
        1.0475132465362549,
        1.0475132465362549,
        1.0475132465362549,
        1.0475132465362549,
        1.0475132465362549,
        1.0475132465362549,
        1.0475132465362549,
        1.0475132465362549,
        1.0475132465362549,
        1.0475132465362549,
        1.0475132465362549,
        1.0475132465362549,
        1.0475132465362549,
        0.7672591209411621,
        0.7672591209411621,
        0.7672591209411621,
        0.7672591209411621,
        0.7672591209411621,
        0.7672591209411621,
        0.7672591209411621
    ]
}