{
    "elapsed_time": 705.7294432809576,
    "num_requests": 64,
    "total_num_tokens": 2194724,
    "requests_per_second": 0.0906863113184878,
    "tokens_per_second": 3109.8659987837,
    "prefill_throughput": 1207.6834079842235,
    "decode_throughput": 0.6193693431704164,
    "prefill_tokens": 2192676,
    "decode_tokens": 2048,
    "prefill_time": 1815.6049718856812,
    "decode_time": 3306.589230775833
}