{
    "elapsed_time": 4.146996230818331,
    "num_requests": 8,
    "total_num_tokens": 34658,
    "requests_per_second": 1.9291071307343222,
    "tokens_per_second": 8357.374367123768,
    "prefill_throughput": 1172.8202900761562,
    "decode_throughput": 85.61660564152942,
    "prefill_tokens": 34402,
    "decode_tokens": 256,
    "prefill_time": 29.332712173461914,
    "decode_time": 2.9900741577148438,
    "prefill_latencies": [
        3.6665890216827393,
        3.6665890216827393,
        3.6665890216827393,
        3.6665890216827393,
        3.6665890216827393,
        3.6665890216827393,
        3.6665890216827393,
        3.6665890216827393
    ],
    "decode_latencies": [
        0.37375926971435547,
        0.37375926971435547,
        0.37375926971435547,
        0.37375926971435547,
        0.37375926971435547,
        0.37375926971435547,
        0.37375926971435547,
        0.37375926971435547
    ]
}