{
    "elapsed_time": 11.366989999078214,
    "num_requests": 512,
    "total_num_tokens": 51150,
    "requests_per_second": 45.042706999963904,
    "tokens_per_second": 4499.871998140926,
    "prefill_throughput": 20.174844308977242,
    "decode_throughput": 14.777999302266675,
    "prefill_tokens": 34766,
    "decode_tokens": 16384,
    "prefill_time": 1723.235107421875,
    "decode_time": 1108.6751098632812
}