{
    "elapsed_time": 2.4137085238471627,
    "num_requests": 1,
    "total_num_tokens": 298,
    "requests_per_second": 0.4143002314157302,
    "tokens_per_second": 123.46146896188759,
    "prefill_throughput": 129.65531161101902,
    "decode_throughput": 93.7682581178823,
    "prefill_tokens": 266,
    "decode_tokens": 32,
    "prefill_time": 2.051593542098999,
    "decode_time": 0.3412668704986572,
    "prefill_latencies": [
        2.051593542098999
    ],
    "decode_latencies": [
        0.3412668704986572
    ]
}