{
    "elapsed_time": 25.757022393867373,
    "num_requests": 128,
    "total_num_tokens": 140963,
    "requests_per_second": 4.969518527517226,
    "tokens_per_second": 5472.798751518833,
    "prefill_throughput": 48.965314483953904,
    "decode_throughput": 12.760380714487559,
    "prefill_tokens": 136867,
    "decode_tokens": 4096,
    "prefill_time": 2795.18270111084,
    "decode_time": 320.9935574531555
}