{
    "elapsed_time": 3.3614704329520464,
    "num_requests": 64,
    "total_num_tokens": 4281,
    "requests_per_second": 19.0392869062945,
    "tokens_per_second": 1273.5498007163555,
    "prefill_throughput": 16.383741367271295,
    "decode_throughput": 26.973108228062678,
    "prefill_tokens": 2233,
    "decode_tokens": 2048,
    "prefill_time": 136.2936553955078,
    "decode_time": 75.92747497558594,
    "prefill_latencies": [
        2.1295883655548096,
        2.1295883655548096,
        2.1295883655548096,
        2.1295883655548096,
        2.1295883655548096,
        2.1295883655548096,
        2.1295883655548096,
        2.1295883655548096,
        2.1295883655548096,
        2.1295883655548096,
        2.1295883655548096,
        2.1295883655548096,
        2.1295883655548096,
        2.1295883655548096,
        2.1295883655548096,
        2.1295883655548096,
        2.1295883655548096,
        2.1295883655548096,
        2.1295883655548096,
        2.1295883655548096,
        2.1295883655548096,
        2.1295883655548096,
        2.1295883655548096,
        2.1295883655548096,
        2.1295883655548096,
        2.1295883655548096,
        2.1295883655548096,
        2.1295883655548096,
        2.1295883655548096,
        2.1295883655548096,
        2.1295883655548096,
        2.1295883655548096,
        2.1295883655548096,
        2.1295883655548096,
        2.1295883655548096,
        2.1295883655548096,
        2.1295883655548096,
        2.1295883655548096,
        2.1295883655548096,
        2.1295883655548096,
        2.1295883655548096,
        2.1295883655548096,
        2.1295883655548096,
        2.1295883655548096,
        2.1295883655548096,
        2.1295883655548096,
        2.1295883655548096,
        2.1295883655548096,
        2.1295883655548096,
        2.1295883655548096,
        2.1295883655548096,
        2.1295883655548096,
        2.1295883655548096,
        2.1295883655548096,
        2.1295883655548096,
        2.1295883655548096,
        2.1295883655548096,
        2.1295883655548096,
        2.1295883655548096,
        2.1295883655548096,
        2.1295883655548096,
        2.1295883655548096,
        2.1295883655548096,
        2.1295883655548096
    ],
    "decode_latencies": [
        1.1863667964935303,
        1.1863667964935303,
        1.1863667964935303,
        1.1863667964935303,
        1.1863667964935303,
        1.1863667964935303,
        1.1863667964935303,
        1.1863667964935303,
        1.1863667964935303,
        1.1863667964935303,
        1.1863667964935303,
        1.1863667964935303,
        1.1863667964935303,
        1.1863667964935303,
        1.1863667964935303,
        1.1863667964935303,
        1.1863667964935303,
        1.1863667964935303,
        1.1863667964935303,
        1.1863667964935303,
        1.1863667964935303,
        1.1863667964935303,
        1.1863667964935303,
        1.1863667964935303,
        1.1863667964935303,
        1.1863667964935303,
        1.1863667964935303,
        1.1863667964935303,
        1.1863667964935303,
        1.1863667964935303,
        1.1863667964935303,
        1.1863667964935303,
        1.1863667964935303,
        1.1863667964935303,
        1.1863667964935303,
        1.1863667964935303,
        1.1863667964935303,
        1.1863667964935303,
        1.1863667964935303,
        1.1863667964935303,
        1.1863667964935303,
        1.1863667964935303,
        1.1863667964935303,
        1.1863667964935303,
        1.1863667964935303,
        1.1863667964935303,
        1.1863667964935303,
        1.1863667964935303,
        1.1863667964935303,
        1.1863667964935303,
        1.1863667964935303,
        1.1863667964935303,
        1.1863667964935303,
        1.1863667964935303,
        1.1863667964935303,
        1.1863667964935303,
        1.1863667964935303,
        1.1863667964935303,
        1.1863667964935303,
        1.1863667964935303,
        1.1863667964935303,
        1.1863667964935303,
        1.1863667964935303,
        1.1863667964935303
    ]
}