{
    "elapsed_time": 1.6758706057444215,
    "num_requests": 32,
    "total_num_tokens": 5368,
    "requests_per_second": 19.094552938820478,
    "tokens_per_second": 3203.1112554871356,
    "prefill_throughput": 179.84786789139196,
    "decode_throughput": 36.935904855549325,
    "prefill_tokens": 4344,
    "decode_tokens": 1024,
    "prefill_time": 24.15374755859375,
    "decode_time": 27.72370147705078
}