{
    "elapsed_time": 13.324508770834655,
    "num_requests": 64,
    "total_num_tokens": 70594,
    "requests_per_second": 4.803178946460403,
    "tokens_per_second": 5298.0564772879015,
    "prefill_throughput": 89.79293369494121,
    "decode_throughput": 27.44579976250863,
    "prefill_tokens": 68546,
    "decode_tokens": 2048,
    "prefill_time": 763.3785552978516,
    "decode_time": 74.61979675292969
}