{
    "elapsed_time": 441.92596597597003,
    "num_requests": 256,
    "total_num_tokens": 2201716,
    "requests_per_second": 0.5792825489098329,
    "tokens_per_second": 4982.092408029537,
    "prefill_throughput": 348.1228341632349,
    "decode_throughput": 1.2038474346448182,
    "prefill_tokens": 2193524,
    "decode_tokens": 8192,
    "prefill_time": 6301.0058081150055,
    "decode_time": 6804.84899020195
}