{
    "elapsed_time": 2.5965225570835173,
    "num_requests": 16,
    "total_num_tokens": 1587,
    "requests_per_second": 6.162087811003507,
    "tokens_per_second": 611.2020847539104,
    "prefill_throughput": 30.77746730222838,
    "decode_throughput": 82.92631160110669,
    "prefill_tokens": 1075,
    "decode_tokens": 512,
    "prefill_time": 34.92815017700195,
    "decode_time": 6.174156188964844,
    "prefill_latencies": [
        2.183009386062622,
        2.183009386062622,
        2.183009386062622,
        2.183009386062622,
        2.183009386062622,
        2.183009386062622,
        2.183009386062622,
        2.183009386062622,
        2.183009386062622,
        2.183009386062622,
        2.183009386062622,
        2.183009386062622,
        2.183009386062622,
        2.183009386062622,
        2.183009386062622,
        2.183009386062622
    ],
    "decode_latencies": [
        0.38588476181030273,
        0.38588476181030273,
        0.38588476181030273,
        0.38588476181030273,
        0.38588476181030273,
        0.38588476181030273,
        0.38588476181030273,
        0.38588476181030273,
        0.38588476181030273,
        0.38588476181030273,
        0.38588476181030273,
        0.38588476181030273,
        0.38588476181030273,
        0.38588476181030273,
        0.38588476181030273,
        0.38588476181030273
    ]
}