{
    "elapsed_time": 3.232949994970113,
    "num_requests": 128,
    "total_num_tokens": 12799,
    "requests_per_second": 39.59232286275535,
    "tokens_per_second": 3958.9229712531696,
    "prefill_throughput": 38.12549251126198,
    "decode_throughput": 23.354114009399574,
    "prefill_tokens": 8703,
    "decode_tokens": 4096,
    "prefill_time": 228.2724609375,
    "decode_time": 175.38665771484375,
    "prefill_latencies": [
        1.7833786010742188,
        1.7833786010742188,
        1.7833786010742188,
        1.7833786010742188,
        1.7833786010742188,
        1.7833786010742188,
        1.7833786010742188,
        1.7833786010742188,
        1.7833786010742188,
        1.7833786010742188,
        1.7833786010742188,
        1.7833786010742188,
        1.7833786010742188,
        1.7833786010742188,
        1.7833786010742188,
        1.7833786010742188,
        1.7833786010742188,
        1.7833786010742188,
        1.7833786010742188,
        1.7833786010742188,
        1.7833786010742188,
        1.7833786010742188,
        1.7833786010742188,
        1.7833786010742188,
        1.7833786010742188,
        1.7833786010742188,
        1.7833786010742188,
        1.7833786010742188,
        1.7833786010742188,
        1.7833786010742188,
        1.7833786010742188,
        1.7833786010742188,
        1.7833786010742188,
        1.7833786010742188,
        1.7833786010742188,
        1.7833786010742188,
        1.7833786010742188,
        1.7833786010742188,
        1.7833786010742188,
        1.7833786010742188,
        1.7833786010742188,
        1.7833786010742188,
        1.7833786010742188,
        1.7833786010742188,
        1.7833786010742188,
        1.7833786010742188,
        1.7833786010742188,
        1.7833786010742188,
        1.7833786010742188,
        1.7833786010742188,
        1.7833786010742188,
        1.7833786010742188,
        1.7833786010742188,
        1.7833786010742188,
        1.7833786010742188,
        1.7833786010742188,
        1.7833786010742188,
        1.7833786010742188,
        1.7833786010742188,
        1.7833786010742188,
        1.7833786010742188,
        1.7833786010742188,
        1.7833786010742188,
        1.7833786010742188,
        1.7833786010742188,
        1.7833786010742188,
        1.7833786010742188,
        1.7833786010742188,
        1.7833786010742188,
        1.7833786010742188,
        1.7833786010742188,
        1.7833786010742188,
        1.7833786010742188,
        1.7833786010742188,
        1.7833786010742188,
        1.7833786010742188,
        1.7833786010742188,
        1.7833786010742188,
        1.7833786010742188,
        1.7833786010742188,
        1.7833786010742188,
        1.7833786010742188,
        1.7833786010742188,
        1.7833786010742188,
        1.7833786010742188,
        1.7833786010742188,
        1.7833786010742188,
        1.7833786010742188,
        1.7833786010742188,
        1.7833786010742188,
        1.7833786010742188,
        1.7833786010742188,
        1.7833786010742188,
        1.7833786010742188,
        1.7833786010742188,
        1.7833786010742188,
        1.7833786010742188,
        1.7833786010742188,
        1.7833786010742188,
        1.7833786010742188,
        1.7833786010742188,
        1.7833786010742188,
        1.7833786010742188,
        1.7833786010742188,
        1.7833786010742188,
        1.7833786010742188,
        1.7833786010742188,
        1.7833786010742188,
        1.7833786010742188,
        1.7833786010742188,
        1.7833786010742188,
        1.7833786010742188,
        1.7833786010742188,
        1.7833786010742188,
        1.7833786010742188,
        1.7833786010742188,
        1.7833786010742188,
        1.7833786010742188,
        1.7833786010742188,
        1.7833786010742188,
        1.7833786010742188,
        1.7833786010742188,
        1.7833786010742188,
        1.7833786010742188,
        1.7833786010742188,
        1.7833786010742188,
        1.7833786010742188,
        1.7833786010742188
    ],
    "decode_latencies": [
        1.3702082633972168,
        1.3702082633972168,
        1.3702082633972168,
        1.3702082633972168,
        1.3702082633972168,
        1.3702082633972168,
        1.3702082633972168,
        1.3702082633972168,
        1.3702082633972168,
        1.3702082633972168,
        1.3702082633972168,
        1.3702082633972168,
        1.3702082633972168,
        1.3702082633972168,
        1.3702082633972168,
        1.3702082633972168,
        1.3702082633972168,
        1.3702082633972168,
        1.3702082633972168,
        1.3702082633972168,
        1.3702082633972168,
        1.3702082633972168,
        1.3702082633972168,
        1.3702082633972168,
        1.3702082633972168,
        1.3702082633972168,
        1.3702082633972168,
        1.3702082633972168,
        1.3702082633972168,
        1.3702082633972168,
        1.3702082633972168,
        1.3702082633972168,
        1.3702082633972168,
        1.3702082633972168,
        1.3702082633972168,
        1.3702082633972168,
        1.3702082633972168,
        1.3702082633972168,
        1.3702082633972168,
        1.3702082633972168,
        1.3702082633972168,
        1.3702082633972168,
        1.3702082633972168,
        1.3702082633972168,
        1.3702082633972168,
        1.3702082633972168,
        1.3702082633972168,
        1.3702082633972168,
        1.3702082633972168,
        1.3702082633972168,
        1.3702082633972168,
        1.3702082633972168,
        1.3702082633972168,
        1.3702082633972168,
        1.3702082633972168,
        1.3702082633972168,
        1.3702082633972168,
        1.3702082633972168,
        1.3702082633972168,
        1.3702082633972168,
        1.3702082633972168,
        1.3702082633972168,
        1.3702082633972168,
        1.3702082633972168,
        1.3702082633972168,
        1.3702082633972168,
        1.3702082633972168,
        1.3702082633972168,
        1.3702082633972168,
        1.3702082633972168,
        1.3702082633972168,
        1.3702082633972168,
        1.3702082633972168,
        1.3702082633972168,
        1.3702082633972168,
        1.3702082633972168,
        1.3702082633972168,
        1.3702082633972168,
        1.3702082633972168,
        1.3702082633972168,
        1.3702082633972168,
        1.3702082633972168,
        1.3702082633972168,
        1.3702082633972168,
        1.3702082633972168,
        1.3702082633972168,
        1.3702082633972168,
        1.3702082633972168,
        1.3702082633972168,
        1.3702082633972168,
        1.3702082633972168,
        1.3702082633972168,
        1.3702082633972168,
        1.3702082633972168,
        1.3702082633972168,
        1.3702082633972168,
        1.3702082633972168,
        1.3702082633972168,
        1.3702082633972168,
        1.3702082633972168,
        1.3702082633972168,
        1.3702082633972168,
        1.3702082633972168,
        1.3702082633972168,
        1.3702082633972168,
        1.3702082633972168,
        1.3702082633972168,
        1.3702082633972168,
        1.3702082633972168,
        1.3702082633972168,
        1.3702082633972168,
        1.3702082633972168,
        1.3702082633972168,
        1.3702082633972168,
        1.3702082633972168,
        1.3702082633972168,
        1.3702082633972168,
        1.3702082633972168,
        1.3702082633972168,
        1.3702082633972168,
        1.3702082633972168,
        1.3702082633972168,
        1.3702082633972168,
        1.3702082633972168,
        1.3702082633972168,
        1.3702082633972168,
        1.3702082633972168,
        1.3702082633972168
    ]
}