{
    "elapsed_time": 186.70050167804584,
    "num_requests": 1024,
    "total_num_tokens": 1130468,
    "requests_per_second": 5.484720130885499,
    "tokens_per_second": 6054.981051681512,
    "prefill_throughput": 53.945176962027084,
    "decode_throughput": 2.2173365081816945,
    "prefill_tokens": 1097700,
    "decode_tokens": 32768,
    "prefill_time": 20348.43635368347,
    "decode_time": 14778.090686321259
}