{
    "elapsed_time": 7.811320248059928,
    "num_requests": 64,
    "total_num_tokens": 36444,
    "requests_per_second": 8.193237246404724,
    "tokens_per_second": 4665.536534499591,
    "prefill_throughput": 81.48216601846298,
    "decode_throughput": 29.694798587670057,
    "prefill_tokens": 34396,
    "decode_tokens": 2048,
    "prefill_time": 422.1291809082031,
    "decode_time": 68.96830749511719
}