{
    "elapsed_time": 178.36890314798802,
    "num_requests": 16,
    "total_num_tokens": 549003,
    "requests_per_second": 0.0897017345379156,
    "tokens_per_second": 3077.907585407455,
    "prefill_throughput": 1236.9769609901775,
    "decode_throughput": 0.7625557784548616,
    "prefill_tokens": 548491,
    "decode_tokens": 512,
    "prefill_time": 443.41246223449707,
    "decode_time": 671.4262936115265
}