{
    "elapsed_time": 3.0040404400788248,
    "num_requests": 32,
    "total_num_tokens": 9649,
    "requests_per_second": 10.652319979807041,
    "tokens_per_second": 3212.0073589111917,
    "prefill_throughput": 108.08567873552789,
    "decode_throughput": 70.82968923488708,
    "prefill_tokens": 8625,
    "decode_tokens": 1024,
    "prefill_time": 79.79780578613281,
    "decode_time": 14.45721435546875,
    "prefill_latencies": [
        2.4936814308166504,
        2.4936814308166504,
        2.4936814308166504,
        2.4936814308166504,
        2.4936814308166504,
        2.4936814308166504,
        2.4936814308166504,
        2.4936814308166504,
        2.4936814308166504,
        2.4936814308166504,
        2.4936814308166504,
        2.4936814308166504,
        2.4936814308166504,
        2.4936814308166504,
        2.4936814308166504,
        2.4936814308166504,
        2.4936814308166504,
        2.4936814308166504,
        2.4936814308166504,
        2.4936814308166504,
        2.4936814308166504,
        2.4936814308166504,
        2.4936814308166504,
        2.4936814308166504,
        2.4936814308166504,
        2.4936814308166504,
        2.4936814308166504,
        2.4936814308166504,
        2.4936814308166504,
        2.4936814308166504,
        2.4936814308166504,
        2.4936814308166504
    ],
    "decode_latencies": [
        0.45178794860839844,
        0.45178794860839844,
        0.45178794860839844,
        0.45178794860839844,
        0.45178794860839844,
        0.45178794860839844,
        0.45178794860839844,
        0.45178794860839844,
        0.45178794860839844,
        0.45178794860839844,
        0.45178794860839844,
        0.45178794860839844,
        0.45178794860839844,
        0.45178794860839844,
        0.45178794860839844,
        0.45178794860839844,
        0.45178794860839844,
        0.45178794860839844,
        0.45178794860839844,
        0.45178794860839844,
        0.45178794860839844,
        0.45178794860839844,
        0.45178794860839844,
        0.45178794860839844,
        0.45178794860839844,
        0.45178794860839844,
        0.45178794860839844,
        0.45178794860839844,
        0.45178794860839844,
        0.45178794860839844,
        0.45178794860839844,
        0.45178794860839844
    ]
}