{
    "elapsed_time": 200.55489576095715,
    "num_requests": 256,
    "total_num_tokens": 1105611,
    "requests_per_second": 1.276458492966077,
    "tokens_per_second": 5512.759964323114,
    "prefill_throughput": 192.01236140695823,
    "decode_throughput": 1.3628058850837654,
    "prefill_tokens": 1097419,
    "decode_tokens": 8192,
    "prefill_time": 5715.355990409851,
    "decode_time": 6011.127549171448
}