{
    "elapsed_time": 7.608837604988366,
    "num_requests": 32,
    "total_num_tokens": 35063,
    "requests_per_second": 4.205635822615106,
    "tokens_per_second": 4608.194026511045,
    "prefill_throughput": 161.82426247626938,
    "decode_throughput": 35.24538207302656,
    "prefill_tokens": 34039,
    "decode_tokens": 1024,
    "prefill_time": 210.34546661376953,
    "decode_time": 29.053451538085938
}