{
    "elapsed_time": 2.429898419417441,
    "num_requests": 8,
    "total_num_tokens": 529,
    "requests_per_second": 3.292318697798886,
    "tokens_per_second": 217.70457389195133,
    "prefill_throughput": 16.685344658754538,
    "decode_throughput": 88.25056694486251,
    "prefill_tokens": 273,
    "decode_tokens": 256,
    "prefill_time": 16.361663818359375,
    "decode_time": 2.9008312225341797,
    "prefill_latencies": [
        2.045207977294922,
        2.045207977294922,
        2.045207977294922,
        2.045207977294922,
        2.045207977294922,
        2.045207977294922,
        2.045207977294922,
        2.045207977294922
    ],
    "decode_latencies": [
        0.36260390281677246,
        0.36260390281677246,
        0.36260390281677246,
        0.36260390281677246,
        0.36260390281677246,
        0.36260390281677246,
        0.36260390281677246,
        0.36260390281677246
    ]
}