{
    "elapsed_time": 4.199688388966024,
    "num_requests": 128,
    "total_num_tokens": 21389,
    "requests_per_second": 30.4784517671117,
    "tokens_per_second": 5092.996912865251,
    "prefill_throughput": 49.70660388323369,
    "decode_throughput": 23.208484260777723,
    "prefill_tokens": 17293,
    "decode_tokens": 4096,
    "prefill_time": 347.9014587402344,
    "decode_time": 176.4871826171875,
    "prefill_latencies": [
        2.717980146408081,
        2.717980146408081,
        2.717980146408081,
        2.717980146408081,
        2.717980146408081,
        2.717980146408081,
        2.717980146408081,
        2.717980146408081,
        2.717980146408081,
        2.717980146408081,
        2.717980146408081,
        2.717980146408081,
        2.717980146408081,
        2.717980146408081,
        2.717980146408081,
        2.717980146408081,
        2.717980146408081,
        2.717980146408081,
        2.717980146408081,
        2.717980146408081,
        2.717980146408081,
        2.717980146408081,
        2.717980146408081,
        2.717980146408081,
        2.717980146408081,
        2.717980146408081,
        2.717980146408081,
        2.717980146408081,
        2.717980146408081,
        2.717980146408081,
        2.717980146408081,
        2.717980146408081,
        2.717980146408081,
        2.717980146408081,
        2.717980146408081,
        2.717980146408081,
        2.717980146408081,
        2.717980146408081,
        2.717980146408081,
        2.717980146408081,
        2.717980146408081,
        2.717980146408081,
        2.717980146408081,
        2.717980146408081,
        2.717980146408081,
        2.717980146408081,
        2.717980146408081,
        2.717980146408081,
        2.717980146408081,
        2.717980146408081,
        2.717980146408081,
        2.717980146408081,
        2.717980146408081,
        2.717980146408081,
        2.717980146408081,
        2.717980146408081,
        2.717980146408081,
        2.717980146408081,
        2.717980146408081,
        2.717980146408081,
        2.717980146408081,
        2.717980146408081,
        2.717980146408081,
        2.717980146408081,
        2.717980146408081,
        2.717980146408081,
        2.717980146408081,
        2.717980146408081,
        2.717980146408081,
        2.717980146408081,
        2.717980146408081,
        2.717980146408081,
        2.717980146408081,
        2.717980146408081,
        2.717980146408081,
        2.717980146408081,
        2.717980146408081,
        2.717980146408081,
        2.717980146408081,
        2.717980146408081,
        2.717980146408081,
        2.717980146408081,
        2.717980146408081,
        2.717980146408081,
        2.717980146408081,
        2.717980146408081,
        2.717980146408081,
        2.717980146408081,
        2.717980146408081,
        2.717980146408081,
        2.717980146408081,
        2.717980146408081,
        2.717980146408081,
        2.717980146408081,
        2.717980146408081,
        2.717980146408081,
        2.717980146408081,
        2.717980146408081,
        2.717980146408081,
        2.717980146408081,
        2.717980146408081,
        2.717980146408081,
        2.717980146408081,
        2.717980146408081,
        2.717980146408081,
        2.717980146408081,
        2.717980146408081,
        2.717980146408081,
        2.717980146408081,
        2.717980146408081,
        2.717980146408081,
        2.717980146408081,
        2.717980146408081,
        2.717980146408081,
        2.717980146408081,
        2.717980146408081,
        2.717980146408081,
        2.717980146408081,
        2.717980146408081,
        2.717980146408081,
        2.717980146408081,
        2.717980146408081,
        2.717980146408081,
        2.717980146408081,
        2.717980146408081,
        2.717980146408081,
        2.717980146408081,
        2.717980146408081
    ],
    "decode_latencies": [
        1.3788061141967773,
        1.3788061141967773,
        1.3788061141967773,
        1.3788061141967773,
        1.3788061141967773,
        1.3788061141967773,
        1.3788061141967773,
        1.3788061141967773,
        1.3788061141967773,
        1.3788061141967773,
        1.3788061141967773,
        1.3788061141967773,
        1.3788061141967773,
        1.3788061141967773,
        1.3788061141967773,
        1.3788061141967773,
        1.3788061141967773,
        1.3788061141967773,
        1.3788061141967773,
        1.3788061141967773,
        1.3788061141967773,
        1.3788061141967773,
        1.3788061141967773,
        1.3788061141967773,
        1.3788061141967773,
        1.3788061141967773,
        1.3788061141967773,
        1.3788061141967773,
        1.3788061141967773,
        1.3788061141967773,
        1.3788061141967773,
        1.3788061141967773,
        1.3788061141967773,
        1.3788061141967773,
        1.3788061141967773,
        1.3788061141967773,
        1.3788061141967773,
        1.3788061141967773,
        1.3788061141967773,
        1.3788061141967773,
        1.3788061141967773,
        1.3788061141967773,
        1.3788061141967773,
        1.3788061141967773,
        1.3788061141967773,
        1.3788061141967773,
        1.3788061141967773,
        1.3788061141967773,
        1.3788061141967773,
        1.3788061141967773,
        1.3788061141967773,
        1.3788061141967773,
        1.3788061141967773,
        1.3788061141967773,
        1.3788061141967773,
        1.3788061141967773,
        1.3788061141967773,
        1.3788061141967773,
        1.3788061141967773,
        1.3788061141967773,
        1.3788061141967773,
        1.3788061141967773,
        1.3788061141967773,
        1.3788061141967773,
        1.3788061141967773,
        1.3788061141967773,
        1.3788061141967773,
        1.3788061141967773,
        1.3788061141967773,
        1.3788061141967773,
        1.3788061141967773,
        1.3788061141967773,
        1.3788061141967773,
        1.3788061141967773,
        1.3788061141967773,
        1.3788061141967773,
        1.3788061141967773,
        1.3788061141967773,
        1.3788061141967773,
        1.3788061141967773,
        1.3788061141967773,
        1.3788061141967773,
        1.3788061141967773,
        1.3788061141967773,
        1.3788061141967773,
        1.3788061141967773,
        1.3788061141967773,
        1.3788061141967773,
        1.3788061141967773,
        1.3788061141967773,
        1.3788061141967773,
        1.3788061141967773,
        1.3788061141967773,
        1.3788061141967773,
        1.3788061141967773,
        1.3788061141967773,
        1.3788061141967773,
        1.3788061141967773,
        1.3788061141967773,
        1.3788061141967773,
        1.3788061141967773,
        1.3788061141967773,
        1.3788061141967773,
        1.3788061141967773,
        1.3788061141967773,
        1.3788061141967773,
        1.3788061141967773,
        1.3788061141967773,
        1.3788061141967773,
        1.3788061141967773,
        1.3788061141967773,
        1.3788061141967773,
        1.3788061141967773,
        1.3788061141967773,
        1.3788061141967773,
        1.3788061141967773,
        1.3788061141967773,
        1.3788061141967773,
        1.3788061141967773,
        1.3788061141967773,
        1.3788061141967773,
        1.3788061141967773,
        1.3788061141967773,
        1.3788061141967773,
        1.3788061141967773,
        1.3788061141967773,
        1.3788061141967773,
        1.3788061141967773
    ]
}