{
    "elapsed_time": 2.3485307791270316,
    "num_requests": 16,
    "total_num_tokens": 1063,
    "requests_per_second": 6.8127699846230385,
    "tokens_per_second": 452.62340585339314,
    "prefill_throughput": 23.003159003159002,
    "decode_throughput": 39.378213873500556,
    "prefill_tokens": 551,
    "decode_tokens": 512,
    "prefill_time": 23.953231811523438,
    "decode_time": 13.002113342285156
}