{
    "elapsed_time": 64.30203499598429,
    "num_requests": 256,
    "total_num_tokens": 1104894,
    "requests_per_second": 3.9812114813471675,
    "tokens_per_second": 17182.877650279675,
    "prefill_throughput": 480.2273902591582,
    "decode_throughput": 1.2418248912065486,
    "prefill_tokens": 1096702,
    "decode_tokens": 8192,
    "prefill_time": 2283.713970184326,
    "decode_time": 6596.743275165558,
    "prefill_latencies": [
        10.530893564224243,
        10.530893564224243,
        10.530893564224243,
        10.530893564224243,
        10.530893564224243,
        10.530893564224243,
        10.530893564224243,
        10.530893564224243,
        10.530893564224243,
        10.530893564224243,
        10.530893564224243,
        10.530893564224243,
        10.530893564224243,
        10.530893564224243,
        10.530893564224243,
        10.530893564224243,
        10.530893564224243,
        10.530893564224243,
        10.530893564224243,
        10.530893564224243,
        10.530893564224243,
        10.530893564224243,
        10.530893564224243,
        10.530893564224243,
        10.530893564224243,
        10.530893564224243,
        10.530893564224243,
        10.530893564224243,
        10.530893564224243,
        10.530893564224243,
        10.069334030151367,
        10.069334030151367,
        10.069334030151367,
        10.069334030151367,
        10.069334030151367,
        10.069334030151367,
        10.069334030151367,
        10.069334030151367,
        10.069334030151367,
        10.069334030151367,
        10.069334030151367,
        10.069334030151367,
        10.069334030151367,
        10.069334030151367,
        10.069334030151367,
        10.069334030151367,
        10.069334030151367,
        10.069334030151367,
        10.069334030151367,
        10.069334030151367,
        10.069334030151367,
        10.069334030151367,
        10.069334030151367,
        10.069334030151367,
        10.069334030151367,
        10.069334030151367,
        10.069334030151367,
        10.069334030151367,
        10.069334030151367,
        10.069334030151367,
        9.915070295333862,
        9.915070295333862,
        9.915070295333862,
        9.915070295333862,
        9.915070295333862,
        9.915070295333862,
        9.915070295333862,
        9.915070295333862,
        9.915070295333862,
        9.915070295333862,
        9.915070295333862,
        9.915070295333862,
        9.915070295333862,
        9.915070295333862,
        9.915070295333862,
        9.915070295333862,
        9.915070295333862,
        9.915070295333862,
        9.915070295333862,
        9.915070295333862,
        9.915070295333862,
        9.915070295333862,
        9.915070295333862,
        9.915070295333862,
        9.915070295333862,
        9.915070295333862,
        9.915070295333862,
        9.915070295333862,
        9.915070295333862,
        9.915070295333862,
        7.6637122631073,
        7.6637122631073,
        7.6637122631073,
        7.6637122631073,
        7.6637122631073,
        7.6637122631073,
        7.6637122631073,
        7.6637122631073,
        7.6637122631073,
        7.6637122631073,
        7.6637122631073,
        7.6637122631073,
        7.6637122631073,
        7.6637122631073,
        7.6637122631073,
        7.6637122631073,
        7.6637122631073,
        7.6637122631073,
        7.6637122631073,
        7.6637122631073,
        7.6637122631073,
        7.6637122631073,
        7.6637122631073,
        7.6637122631073,
        7.6637122631073,
        7.6637122631073,
        7.6637122631073,
        7.6637122631073,
        7.6637122631073,
        7.6637122631073,
        8.673561811447144,
        8.673561811447144,
        8.673561811447144,
        8.673561811447144,
        8.673561811447144,
        8.673561811447144,
        8.673561811447144,
        8.673561811447144,
        8.673561811447144,
        8.673561811447144,
        8.673561811447144,
        8.673561811447144,
        8.673561811447144,
        8.673561811447144,
        8.673561811447144,
        8.673561811447144,
        8.673561811447144,
        8.673561811447144,
        8.673561811447144,
        8.673561811447144,
        8.673561811447144,
        8.673561811447144,
        8.673561811447144,
        8.673561811447144,
        8.673561811447144,
        8.673561811447144,
        8.673561811447144,
        8.673561811447144,
        8.673561811447144,
        8.673561811447144,
        10.517017602920532,
        10.517017602920532,
        10.517017602920532,
        10.517017602920532,
        10.517017602920532,
        10.517017602920532,
        10.517017602920532,
        10.517017602920532,
        10.517017602920532,
        10.517017602920532,
        10.517017602920532,
        10.517017602920532,
        10.517017602920532,
        10.517017602920532,
        10.517017602920532,
        10.517017602920532,
        10.517017602920532,
        10.517017602920532,
        10.517017602920532,
        10.517017602920532,
        10.517017602920532,
        10.517017602920532,
        10.517017602920532,
        10.517017602920532,
        10.517017602920532,
        10.517017602920532,
        10.517017602920532,
        10.517017602920532,
        10.517017602920532,
        10.517017602920532,
        8.24472451210022,
        8.24472451210022,
        8.24472451210022,
        8.24472451210022,
        8.24472451210022,
        8.24472451210022,
        8.24472451210022,
        8.24472451210022,
        8.24472451210022,
        8.24472451210022,
        8.24472451210022,
        8.24472451210022,
        8.24472451210022,
        8.24472451210022,
        8.24472451210022,
        8.24472451210022,
        8.24472451210022,
        8.24472451210022,
        8.24472451210022,
        8.24472451210022,
        8.24472451210022,
        8.24472451210022,
        8.24472451210022,
        8.24472451210022,
        8.24472451210022,
        8.24472451210022,
        8.24472451210022,
        8.24472451210022,
        8.24472451210022,
        8.24472451210022,
        7.799054145812988,
        7.799054145812988,
        7.799054145812988,
        7.799054145812988,
        7.799054145812988,
        7.799054145812988,
        7.799054145812988,
        7.799054145812988,
        7.799054145812988,
        7.799054145812988,
        7.799054145812988,
        7.799054145812988,
        7.799054145812988,
        7.799054145812988,
        7.799054145812988,
        7.799054145812988,
        7.799054145812988,
        7.799054145812988,
        7.799054145812988,
        7.799054145812988,
        7.799054145812988,
        7.799054145812988,
        7.799054145812988,
        7.799054145812988,
        7.799054145812988,
        7.799054145812988,
        7.799054145812988,
        7.799054145812988,
        7.799054145812988,
        7.799054145812988,
        5.08205771446228,
        5.08205771446228,
        5.08205771446228,
        5.08205771446228,
        5.08205771446228,
        5.08205771446228,
        5.08205771446228,
        5.08205771446228,
        5.08205771446228,
        5.08205771446228,
        5.08205771446228,
        5.08205771446228,
        5.08205771446228,
        5.08205771446228,
        5.08205771446228,
        5.08205771446228
    ],