{
    "elapsed_time": 2.473141591064632,
    "num_requests": 16,
    "total_num_tokens": 1075,
    "requests_per_second": 6.469504236153482,
    "tokens_per_second": 434.6698158665621,
    "prefill_throughput": 17.081445587242328,
    "decode_throughput": 82.56001141662756,
    "prefill_tokens": 563,
    "decode_tokens": 512,
    "prefill_time": 32.959739685058594,
    "decode_time": 6.201549530029297,
    "prefill_latencies": [
        2.059983730316162,
        2.059983730316162,
        2.059983730316162,
        2.059983730316162,
        2.059983730316162,
        2.059983730316162,
        2.059983730316162,
        2.059983730316162,
        2.059983730316162,
        2.059983730316162,
        2.059983730316162,
        2.059983730316162,
        2.059983730316162,
        2.059983730316162,
        2.059983730316162,
        2.059983730316162
    ],
    "decode_latencies": [
        0.38759684562683105,
        0.38759684562683105,
        0.38759684562683105,
        0.38759684562683105,
        0.38759684562683105,
        0.38759684562683105,
        0.38759684562683105,
        0.38759684562683105,
        0.38759684562683105,
        0.38759684562683105,
        0.38759684562683105,
        0.38759684562683105,
        0.38759684562683105,
        0.38759684562683105,
        0.38759684562683105,
        0.38759684562683105
    ]
}