{
    "elapsed_time": 3.4293653462082148,
    "num_requests": 32,
    "total_num_tokens": 18224,
    "requests_per_second": 9.33117261343467,
    "tokens_per_second": 5314.102803351045,
    "prefill_throughput": 186.0172587807166,
    "decode_throughput": 69.78370843621431,
    "prefill_tokens": 17200,
    "decode_tokens": 1024,
    "prefill_time": 92.46453857421875,
    "decode_time": 14.673912048339844,
    "prefill_latencies": [
        2.889516830444336,
        2.889516830444336,
        2.889516830444336,
        2.889516830444336,
        2.889516830444336,
        2.889516830444336,
        2.889516830444336,
        2.889516830444336,
        2.889516830444336,
        2.889516830444336,
        2.889516830444336,
        2.889516830444336,
        2.889516830444336,
        2.889516830444336,
        2.889516830444336,
        2.889516830444336,
        2.889516830444336,
        2.889516830444336,
        2.889516830444336,
        2.889516830444336,
        2.889516830444336,
        2.889516830444336,
        2.889516830444336,
        2.889516830444336,
        2.889516830444336,
        2.889516830444336,
        2.889516830444336,
        2.889516830444336,
        2.889516830444336,
        2.889516830444336,
        2.889516830444336,
        2.889516830444336
    ],
    "decode_latencies": [
        0.4585597515106201,
        0.4585597515106201,
        0.4585597515106201,
        0.4585597515106201,
        0.4585597515106201,
        0.4585597515106201,
        0.4585597515106201,
        0.4585597515106201,
        0.4585597515106201,
        0.4585597515106201,
        0.4585597515106201,
        0.4585597515106201,
        0.4585597515106201,
        0.4585597515106201,
        0.4585597515106201,
        0.4585597515106201,
        0.4585597515106201,
        0.4585597515106201,
        0.4585597515106201,
        0.4585597515106201,
        0.4585597515106201,
        0.4585597515106201,
        0.4585597515106201,
        0.4585597515106201,
        0.4585597515106201,
        0.4585597515106201,
        0.4585597515106201,
        0.4585597515106201,
        0.4585597515106201,
        0.4585597515106201,
        0.4585597515106201,
        0.4585597515106201
    ]
}