{
    "elapsed_time": 98.37661234289408,
    "num_requests": 256,
    "total_num_tokens": 556926,
    "requests_per_second": 2.602244516285088,
    "tokens_per_second": 5661.1626151429255,
    "prefill_throughput": 96.85733458959436,
    "decode_throughput": 1.6137869895492085,
    "prefill_tokens": 548734,
    "decode_tokens": 8192,
    "prefill_time": 5665.384065389633,
    "decode_time": 5076.258547782898
}