{
    "elapsed_time": 26.390505198854953,
    "num_requests": 256,
    "total_num_tokens": 145513,
    "requests_per_second": 9.700458481981144,
    "tokens_per_second": 5513.83912143954,
    "prefill_throughput": 24.729654681252928,
    "decode_throughput": 9.78976981869484,
    "prefill_tokens": 137321,
    "decode_tokens": 8192,
    "prefill_time": 5552.887889862061,
    "decode_time": 836.7918910980225
}