{
    "elapsed_time": 2.7803556891158223,
    "num_requests": 8,
    "total_num_tokens": 8800,
    "requests_per_second": 2.877329699691794,
    "tokens_per_second": 3165.0626696609734,
    "prefill_throughput": 450.9761840761249,
    "decode_throughput": 88.2982322949903,
    "prefill_tokens": 8544,
    "decode_tokens": 256,
    "prefill_time": 18.945568084716797,
    "decode_time": 2.8992652893066406,
    "prefill_latencies": [
        2.3681960105895996,
        2.3681960105895996,
        2.3681960105895996,
        2.3681960105895996,
        2.3681960105895996,
        2.3681960105895996,
        2.3681960105895996,
        2.3681960105895996
    ],
    "decode_latencies": [
        0.3624081611633301,
        0.3624081611633301,
        0.3624081611633301,
        0.3624081611633301,
        0.3624081611633301,
        0.3624081611633301,
        0.3624081611633301,
        0.3624081611633301
    ]
}