{
    "elapsed_time": 4.200139490887523,
    "num_requests": 16,
    "total_num_tokens": 34909,
    "requests_per_second": 3.8093972913787857,
    "tokens_per_second": 8311.390627796376,
    "prefill_throughput": 582.9926496882882,
    "decode_throughput": 81.16904759312948,
    "prefill_tokens": 34397,
    "decode_tokens": 512,
    "prefill_time": 59.0007438659668,
    "decode_time": 6.307823181152344,
    "prefill_latencies": [
        3.687546491622925,
        3.687546491622925,
        3.687546491622925,
        3.687546491622925,
        3.687546491622925,
        3.687546491622925,
        3.687546491622925,
        3.687546491622925,
        3.687546491622925,
        3.687546491622925,
        3.687546491622925,
        3.687546491622925,
        3.687546491622925,
        3.687546491622925,
        3.687546491622925,
        3.687546491622925
    ],
    "decode_latencies": [
        0.3942389488220215,
        0.3942389488220215,
        0.3942389488220215,
        0.3942389488220215,
        0.3942389488220215,
        0.3942389488220215,
        0.3942389488220215,
        0.3942389488220215,
        0.3942389488220215,
        0.3942389488220215,
        0.3942389488220215,
        0.3942389488220215,
        0.3942389488220215,
        0.3942389488220215,
        0.3942389488220215,
        0.3942389488220215
    ]
}