{
    "elapsed_time": 3.6396580329164863,
    "num_requests": 32,
    "total_num_tokens": 9573,
    "requests_per_second": 8.792034776508427,
    "tokens_per_second": 2630.192153609849,
    "prefill_throughput": 99.3009471272647,
    "decode_throughput": 36.332289887964066,
    "prefill_tokens": 8549,
    "decode_tokens": 1024,
    "prefill_time": 86.09182739257812,
    "decode_time": 28.184295654296875
}