{
    "elapsed_time": 2.503949735313654,
    "num_requests": 32,
    "total_num_tokens": 2147,
    "requests_per_second": 12.779809254434399,
    "tokens_per_second": 857.445327164708,
    "prefill_throughput": 22.11126576958078,
    "decode_throughput": 36.74168096993986,
    "prefill_tokens": 1123,
    "decode_tokens": 1024,
    "prefill_time": 50.78858947753906,
    "decode_time": 27.870254516601562
}