{
    "elapsed_time": 220.08068428514525,
    "num_requests": 128,
    "total_num_tokens": 1099328,
    "requests_per_second": 0.5816048801182303,
    "tokens_per_second": 4995.113512895421,
    "prefill_throughput": 350.743394131139,
    "decode_throughput": 1.2568097103318374,
    "prefill_tokens": 1095232,
    "decode_tokens": 4096,
    "prefill_time": 3122.6019315719604,
    "decode_time": 3259.0454754829407
}