{
    "elapsed_time": 2.2865729983896017,
    "num_requests": 8,
    "total_num_tokens": 525,
    "requests_per_second": 3.498685590022395,
    "tokens_per_second": 229.60124184521965,
    "prefill_throughput": 23.176038574180396,
    "decode_throughput": 40.049905975719,
    "prefill_tokens": 269,
    "decode_tokens": 256,
    "prefill_time": 11.606815338134766,
    "decode_time": 6.392024993896484
}