{
    "elapsed_time": 3.5739043662324548,
    "num_requests": 32,
    "total_num_tokens": 35226,
    "requests_per_second": 8.953793028808384,
    "tokens_per_second": 9856.447288525129,
    "prefill_throughput": 357.7834692795063,
    "decode_throughput": 69.4678893194547,
    "prefill_tokens": 34202,
    "decode_tokens": 1024,
    "prefill_time": 95.59413146972656,
    "decode_time": 14.740623474121094,
    "prefill_latencies": [
        2.987316608428955,
        2.987316608428955,
        2.987316608428955,
        2.987316608428955,
        2.987316608428955,
        2.987316608428955,
        2.987316608428955,
        2.987316608428955,
        2.987316608428955,
        2.987316608428955,
        2.987316608428955,
        2.987316608428955,
        2.987316608428955,
        2.987316608428955,
        2.987316608428955,
        2.987316608428955,
        2.987316608428955,
        2.987316608428955,
        2.987316608428955,
        2.987316608428955,
        2.987316608428955,
        2.987316608428955,
        2.987316608428955,
        2.987316608428955,
        2.987316608428955,
        2.987316608428955,
        2.987316608428955,
        2.987316608428955,
        2.987316608428955,
        2.987316608428955,
        2.987316608428955,
        2.987316608428955
    ],
    "decode_latencies": [
        0.4606444835662842,
        0.4606444835662842,
        0.4606444835662842,
        0.4606444835662842,
        0.4606444835662842,
        0.4606444835662842,
        0.4606444835662842,
        0.4606444835662842,
        0.4606444835662842,
        0.4606444835662842,
        0.4606444835662842,
        0.4606444835662842,
        0.4606444835662842,
        0.4606444835662842,
        0.4606444835662842,
        0.4606444835662842,
        0.4606444835662842,
        0.4606444835662842,
        0.4606444835662842,
        0.4606444835662842,
        0.4606444835662842,
        0.4606444835662842,
        0.4606444835662842,
        0.4606444835662842,
        0.4606444835662842,
        0.4606444835662842,
        0.4606444835662842,
        0.4606444835662842,
        0.4606444835662842,
        0.4606444835662842,
        0.4606444835662842,
        0.4606444835662842
    ]
}