{
    "elapsed_time": 15.455258002970368,
    "num_requests": 512,
    "total_num_tokens": 85439,
    "requests_per_second": 33.12788436799942,
    "tokens_per_second": 5528.151001010747,
    "prefill_throughput": 25.281132540417516,
    "decode_throughput": 14.5787789582579,
    "prefill_tokens": 69055,
    "decode_tokens": 16384,
    "prefill_time": 2731.483642578125,
    "decode_time": 1123.8252563476562
}