{
    "elapsed_time": 770.8189873690717,
    "num_requests": 1024,
    "total_num_tokens": 4423797,
    "requests_per_second": 1.3284571563228813,
    "tokens_per_second": 5739.086701923529,
    "prefill_throughput": 205.02154227793739,
    "decode_throughput": 1.257399088040749,
    "prefill_tokens": 4391029,
    "decode_tokens": 32768,
    "prefill_time": 21417.403026103973,
    "decode_time": 26060.142966270447
}