{
    "elapsed_time": 2.57538949418813,
    "num_requests": 32,
    "total_num_tokens": 3185,
    "requests_per_second": 12.4253050158876,
    "tokens_per_second": 1236.7061398625626,
    "prefill_throughput": 32.2297585578008,
    "decode_throughput": 71.9392231375723,
    "prefill_tokens": 2161,
    "decode_tokens": 1024,
    "prefill_time": 67.04983520507812,
    "decode_time": 14.234237670898438,
    "prefill_latencies": [
        2.0953073501586914,
        2.0953073501586914,
        2.0953073501586914,
        2.0953073501586914,
        2.0953073501586914,
        2.0953073501586914,
        2.0953073501586914,
        2.0953073501586914,
        2.0953073501586914,
        2.0953073501586914,
        2.0953073501586914,
        2.0953073501586914,
        2.0953073501586914,
        2.0953073501586914,
        2.0953073501586914,
        2.0953073501586914,
        2.0953073501586914,
        2.0953073501586914,
        2.0953073501586914,
        2.0953073501586914,
        2.0953073501586914,
        2.0953073501586914,
        2.0953073501586914,
        2.0953073501586914,
        2.0953073501586914,
        2.0953073501586914,
        2.0953073501586914,
        2.0953073501586914,
        2.0953073501586914,
        2.0953073501586914,
        2.0953073501586914,
        2.0953073501586914
    ],
    "decode_latencies": [
        0.44481992721557617,
        0.44481992721557617,
        0.44481992721557617,
        0.44481992721557617,
        0.44481992721557617,
        0.44481992721557617,
        0.44481992721557617,
        0.44481992721557617,
        0.44481992721557617,
        0.44481992721557617,
        0.44481992721557617,
        0.44481992721557617,
        0.44481992721557617,
        0.44481992721557617,
        0.44481992721557617,
        0.44481992721557617,
        0.44481992721557617,
        0.44481992721557617,
        0.44481992721557617,
        0.44481992721557617,
        0.44481992721557617,
        0.44481992721557617,
        0.44481992721557617,
        0.44481992721557617,
        0.44481992721557617,
        0.44481992721557617,
        0.44481992721557617,
        0.44481992721557617,
        0.44481992721557617,
        0.44481992721557617,
        0.44481992721557617,
        0.44481992721557617
    ]
}