{
    "elapsed_time": 21.396715049166232,
    "num_requests": 1024,
    "total_num_tokens": 102420,
    "requests_per_second": 47.857813577785734,
    "tokens_per_second": 4786.716080700015,
    "prefill_throughput": 22.216732853811145,
    "decode_throughput": 14.924589405608325,
    "prefill_tokens": 69652,
    "decode_tokens": 32768,
    "prefill_time": 3135.1144409179688,
    "decode_time": 2195.5712890625
}