{
    "elapsed_time": 3.5195223041810095,
    "num_requests": 8,
    "total_num_tokens": 8602,
    "requests_per_second": 2.273035744224839,
    "tokens_per_second": 2444.0816839777576,
    "prefill_throughput": 394.5711149236297,
    "decode_throughput": 39.293538120676125,
    "prefill_tokens": 8346,
    "decode_tokens": 256,
    "prefill_time": 21.152080535888672,
    "decode_time": 6.515066146850586
}