{
    "elapsed_time": 5.691603593062609,
    "num_requests": 32,
    "total_num_tokens": 69432,
    "requests_per_second": 5.622317063508114,
    "tokens_per_second": 12199.02244854673,
    "prefill_throughput": 425.9579831753128,
    "decode_throughput": 67.98763821778397,
    "prefill_tokens": 68408,
    "decode_tokens": 1024,
    "prefill_time": 160.5979995727539,
    "decode_time": 15.061561584472656,
    "prefill_latencies": [
        5.01868748664856,
        5.01868748664856,
        5.01868748664856,
        5.01868748664856,
        5.01868748664856,
        5.01868748664856,
        5.01868748664856,
        5.01868748664856,
        5.01868748664856,
        5.01868748664856,
        5.01868748664856,
        5.01868748664856,
        5.01868748664856,
        5.01868748664856,
        5.01868748664856,
        5.01868748664856,
        5.01868748664856,
        5.01868748664856,
        5.01868748664856,
        5.01868748664856,
        5.01868748664856,
        5.01868748664856,
        5.01868748664856,
        5.01868748664856,
        5.01868748664856,
        5.01868748664856,
        5.01868748664856,
        5.01868748664856,
        5.01868748664856,
        5.01868748664856,
        5.01868748664856,
        5.01868748664856
    ],
    "decode_latencies": [
        0.4706737995147705,
        0.4706737995147705,
        0.4706737995147705,
        0.4706737995147705,
        0.4706737995147705,
        0.4706737995147705,
        0.4706737995147705,
        0.4706737995147705,
        0.4706737995147705,
        0.4706737995147705,
        0.4706737995147705,
        0.4706737995147705,
        0.4706737995147705,
        0.4706737995147705,
        0.4706737995147705,
        0.4706737995147705,
        0.4706737995147705,
        0.4706737995147705,
        0.4706737995147705,
        0.4706737995147705,
        0.4706737995147705,
        0.4706737995147705,
        0.4706737995147705,
        0.4706737995147705,
        0.4706737995147705,
        0.4706737995147705,
        0.4706737995147705,
        0.4706737995147705,
        0.4706737995147705,
        0.4706737995147705,
        0.4706737995147705,
        0.4706737995147705
    ]
}