{
    "elapsed_time": 2.387072129175067,
    "num_requests": 1,
    "total_num_tokens": 1105,
    "requests_per_second": 0.41892324399329467,
    "tokens_per_second": 462.9101846125906,
    "prefill_throughput": 685.4662335599239,
    "decode_throughput": 40.80580764457546,
    "prefill_tokens": 1073,
    "decode_tokens": 32,
    "prefill_time": 1.5653579235076904,
    "decode_time": 0.7842020988464355
}