{
    "elapsed_time": 2.2805491387844086,
    "num_requests": 1,
    "total_num_tokens": 308,
    "requests_per_second": 0.43849088054863217,
    "tokens_per_second": 135.0551912089787,
    "prefill_throughput": 189.49033370512439,
    "decode_throughput": 40.567178777281754,
    "prefill_tokens": 276,
    "decode_tokens": 32,
    "prefill_time": 1.4565386772155762,
    "decode_time": 0.7888150215148926
}