{
    "elapsed_time": 2787.151455974672,
    "num_requests": 256,
    "total_num_tokens": 8785893,
    "requests_per_second": 0.09185004978872822,
    "tokens_per_second": 3152.284021439214,
    "prefill_throughput": 1253.147662380192,
    "decode_throughput": 0.6160725346517093,
    "prefill_tokens": 8777701,
    "decode_tokens": 8192,
    "prefill_time": 7004.522502422333,
    "decode_time": 13297.135546922684
}