{
    "elapsed_time": 7.713640538044274,
    "num_requests": 16,
    "total_num_tokens": 34724,
    "requests_per_second": 2.0742475516050765,
    "tokens_per_second": 4501.635748870917,
    "prefill_throughput": 318.56675102725103,
    "decode_throughput": 36.563727307671456,
    "prefill_tokens": 34212,
    "decode_tokens": 512,
    "prefill_time": 107.39350509643555,
    "decode_time": 14.002948760986328
}