{
    "elapsed_time": 2.4506462342105806,
    "num_requests": 8,
    "total_num_tokens": 804,
    "requests_per_second": 3.2644450628252413,
    "tokens_per_second": 328.07672881393677,
    "prefill_throughput": 33.143013500154,
    "decode_throughput": 88.881027069373,
    "prefill_tokens": 548,
    "decode_tokens": 256,
    "prefill_time": 16.534404754638672,
    "decode_time": 2.8802547454833984,
    "prefill_latencies": [
        2.066800594329834,
        2.066800594329834,
        2.066800594329834,
        2.066800594329834,
        2.066800594329834,
        2.066800594329834,
        2.066800594329834,
        2.066800594329834
    ],
    "decode_latencies": [
        0.3600318431854248,
        0.3600318431854248,
        0.3600318431854248,
        0.3600318431854248,
        0.3600318431854248,
        0.3600318431854248,
        0.3600318431854248,
        0.3600318431854248
    ]
}