{
    "elapsed_time": 18.84532469883561,
    "num_requests": 64,
    "total_num_tokens": 275867,
    "requests_per_second": 3.3960677792913985,
    "tokens_per_second": 14638.484844840317,
    "prefill_throughput": 450.2058598979229,
    "decode_throughput": 7.375869522247966,
    "prefill_tokens": 273819,
    "decode_tokens": 2048,
    "prefill_time": 608.2084317207336,
    "decode_time": 277.66217851638794,
    "prefill_latencies": [
        10.309982299804688,
        10.309982299804688,
        10.309982299804688,
        10.309982299804688,
        10.309982299804688,
        10.309982299804688,
        10.309982299804688,
        10.309982299804688,
        10.309982299804688,
        10.309982299804688,
        10.309982299804688,
        10.309982299804688,
        10.309982299804688,
        10.309982299804688,
        10.309982299804688,
        10.309982299804688,
        10.309982299804688,
        10.309982299804688,
        10.309982299804688,
        10.309982299804688,
        10.309982299804688,
        10.309982299804688,
        10.309982299804688,
        10.309982299804688,
        10.309982299804688,
        10.309982299804688,
        10.309982299804688,
        10.309982299804688,
        10.309982299804688,
        10.309982299804688,
        9.588653326034546,
        9.588653326034546,
        9.588653326034546,
        9.588653326034546,
        9.588653326034546,
        9.588653326034546,
        9.588653326034546,
        9.588653326034546,
        9.588653326034546,
        9.588653326034546,
        9.588653326034546,
        9.588653326034546,
        9.588653326034546,
        9.588653326034546,
        9.588653326034546,
        9.588653326034546,
        9.588653326034546,
        9.588653326034546,
        9.588653326034546,
        9.588653326034546,
        9.588653326034546,
        9.588653326034546,
        9.588653326034546,
        9.588653326034546,
        9.588653326034546,
        9.588653326034546,
        9.588653326034546,
        9.588653326034546,
        9.588653326034546,
        9.588653326034546,
        2.81234073638916,
        2.81234073638916,
        2.81234073638916,
        2.81234073638916
    ],
    "decode_latencies": [
        7.880890607833862,
        7.880890607833862,
        7.880890607833862,
        7.880890607833862,
        7.880890607833862,
        7.880890607833862,
        7.880890607833862,
        7.880890607833862,
        7.880890607833862,
        7.880890607833862,
        7.880890607833862,
        7.880890607833862,
        7.880890607833862,
        7.880890607833862,
        7.880890607833862,
        7.880890607833862,
        7.880890607833862,
        7.880890607833862,
        7.880890607833862,
        7.880890607833862,
        7.880890607833862,
        7.880890607833862,
        7.880890607833862,
        7.880890607833862,
        7.880890607833862,
        7.880890607833862,
        7.880890607833862,
        7.880890607833862,
        7.880890607833862,
        7.880890607833862,
        1.2896804809570312,
        1.2896804809570312,
        1.2896804809570312,
        1.2896804809570312,
        1.2896804809570312,
        1.2896804809570312,
        1.2896804809570312,
        1.2896804809570312,
        1.2896804809570312,
        1.2896804809570312,
        1.2896804809570312,
        1.2896804809570312,
        1.2896804809570312,
        1.2896804809570312,
        1.2896804809570312,
        1.2896804809570312,
        1.2896804809570312,
        1.2896804809570312,
        1.2896804809570312,
        1.2896804809570312,
        1.2896804809570312,
        1.2896804809570312,
        1.2896804809570312,
        1.2896804809570312,
        1.2896804809570312,
        1.2896804809570312,
        1.2896804809570312,
        1.2896804809570312,
        1.2896804809570312,
        1.2896804809570312,
        0.6362614631652832,
        0.6362614631652832,
        0.6362614631652832,
        0.6362614631652832
    ]
}