{
    "elapsed_time": 3.3405396351590753,
    "num_requests": 64,
    "total_num_tokens": 19265,
    "requests_per_second": 19.158581244300173,
    "tokens_per_second": 5767.032307366294,
    "prefill_throughput": 99.06516535966495,
    "decode_throughput": 59.647101120479675,
    "prefill_tokens": 17217,
    "decode_tokens": 2048,
    "prefill_time": 173.79469299316406,
    "decode_time": 34.33528137207031,
    "prefill_latencies": [
        2.7155420780181885,
        2.7155420780181885,
        2.7155420780181885,
        2.7155420780181885,
        2.7155420780181885,
        2.7155420780181885,
        2.7155420780181885,
        2.7155420780181885,
        2.7155420780181885,
        2.7155420780181885,
        2.7155420780181885,
        2.7155420780181885,
        2.7155420780181885,
        2.7155420780181885,
        2.7155420780181885,
        2.7155420780181885,
        2.7155420780181885,
        2.7155420780181885,
        2.7155420780181885,
        2.7155420780181885,
        2.7155420780181885,
        2.7155420780181885,
        2.7155420780181885,
        2.7155420780181885,
        2.7155420780181885,
        2.7155420780181885,
        2.7155420780181885,
        2.7155420780181885,
        2.7155420780181885,
        2.7155420780181885,
        2.7155420780181885,
        2.7155420780181885,
        2.7155420780181885,
        2.7155420780181885,
        2.7155420780181885,
        2.7155420780181885,
        2.7155420780181885,
        2.7155420780181885,
        2.7155420780181885,
        2.7155420780181885,
        2.7155420780181885,
        2.7155420780181885,
        2.7155420780181885,
        2.7155420780181885,
        2.7155420780181885,
        2.7155420780181885,
        2.7155420780181885,
        2.7155420780181885,
        2.7155420780181885,
        2.7155420780181885,
        2.7155420780181885,
        2.7155420780181885,
        2.7155420780181885,
        2.7155420780181885,
        2.7155420780181885,
        2.7155420780181885,
        2.7155420780181885,
        2.7155420780181885,
        2.7155420780181885,
        2.7155420780181885,
        2.7155420780181885,
        2.7155420780181885,
        2.7155420780181885,
        2.7155420780181885
    ],
    "decode_latencies": [
        0.5364887714385986,
        0.5364887714385986,
        0.5364887714385986,
        0.5364887714385986,
        0.5364887714385986,
        0.5364887714385986,
        0.5364887714385986,
        0.5364887714385986,
        0.5364887714385986,
        0.5364887714385986,
        0.5364887714385986,
        0.5364887714385986,
        0.5364887714385986,
        0.5364887714385986,
        0.5364887714385986,
        0.5364887714385986,
        0.5364887714385986,
        0.5364887714385986,
        0.5364887714385986,
        0.5364887714385986,
        0.5364887714385986,
        0.5364887714385986,
        0.5364887714385986,
        0.5364887714385986,
        0.5364887714385986,
        0.5364887714385986,
        0.5364887714385986,
        0.5364887714385986,
        0.5364887714385986,
        0.5364887714385986,
        0.5364887714385986,
        0.5364887714385986,
        0.5364887714385986,
        0.5364887714385986,
        0.5364887714385986,
        0.5364887714385986,
        0.5364887714385986,
        0.5364887714385986,
        0.5364887714385986,
        0.5364887714385986,
        0.5364887714385986,
        0.5364887714385986,
        0.5364887714385986,
        0.5364887714385986,
        0.5364887714385986,
        0.5364887714385986,
        0.5364887714385986,
        0.5364887714385986,
        0.5364887714385986,
        0.5364887714385986,
        0.5364887714385986,
        0.5364887714385986,
        0.5364887714385986,
        0.5364887714385986,
        0.5364887714385986,
        0.5364887714385986,
        0.5364887714385986,
        0.5364887714385986,
        0.5364887714385986,
        0.5364887714385986,
        0.5364887714385986,
        0.5364887714385986,
        0.5364887714385986,
        0.5364887714385986
    ]
}