{
    "elapsed_time": 2.499724998138845,
    "num_requests": 8,
    "total_num_tokens": 2411,
    "requests_per_second": 3.2003520411070623,
    "tokens_per_second": 964.5060963886409,
    "prefill_throughput": 127.73623202070931,
    "decode_throughput": 88.72479775136804,
    "prefill_tokens": 2155,
    "decode_tokens": 256,
    "prefill_time": 16.870702743530273,
    "decode_time": 2.885326385498047,
    "prefill_latencies": [
        2.108837842941284,
        2.108837842941284,
        2.108837842941284,
        2.108837842941284,
        2.108837842941284,
        2.108837842941284,
        2.108837842941284,
        2.108837842941284
    ],
    "decode_latencies": [
        0.36066579818725586,
        0.36066579818725586,
        0.36066579818725586,
        0.36066579818725586,
        0.36066579818725586,
        0.36066579818725586,
        0.36066579818725586,
        0.36066579818725586
    ]
}