{
    "elapsed_time": 2.5891407458111644,
    "num_requests": 1,
    "total_num_tokens": 4285,
    "requests_per_second": 0.3862285206464144,
    "tokens_per_second": 1654.9892109698856,
    "prefill_throughput": 1922.2571113020372,
    "decode_throughput": 93.33976472028196,
    "prefill_tokens": 4253,
    "decode_tokens": 32,
    "prefill_time": 2.21250319480896,
    "decode_time": 0.3428335189819336,
    "prefill_latencies": [
        2.21250319480896
    ],
    "decode_latencies": [
        0.3428335189819336
    ]
}