{
    "elapsed_time": 2.5316502400673926,
    "num_requests": 16,
    "total_num_tokens": 2665,
    "requests_per_second": 6.319988340717271,
    "tokens_per_second": 1052.6730580007204,
    "prefill_throughput": 63.867697428843144,
    "decode_throughput": 81.41315540458571,
    "prefill_tokens": 2153,
    "decode_tokens": 512,
    "prefill_time": 33.71031188964844,
    "decode_time": 6.288909912109375,
    "prefill_latencies": [
        2.1068944931030273,
        2.1068944931030273,
        2.1068944931030273,
        2.1068944931030273,
        2.1068944931030273,
        2.1068944931030273,
        2.1068944931030273,
        2.1068944931030273,
        2.1068944931030273,
        2.1068944931030273,
        2.1068944931030273,
        2.1068944931030273,
        2.1068944931030273,
        2.1068944931030273,
        2.1068944931030273,
        2.1068944931030273
    ],
    "decode_latencies": [
        0.39305686950683594,
        0.39305686950683594,
        0.39305686950683594,
        0.39305686950683594,
        0.39305686950683594,
        0.39305686950683594,
        0.39305686950683594,
        0.39305686950683594,
        0.39305686950683594,
        0.39305686950683594,
        0.39305686950683594,
        0.39305686950683594,
        0.39305686950683594,
        0.39305686950683594,
        0.39305686950683594,
        0.39305686950683594
    ]
}