{
    "elapsed_time": 19.026543607003987,
    "num_requests": 128,
    "total_num_tokens": 278479,
    "requests_per_second": 6.727443651556401,
    "tokens_per_second": 14636.342036263868,
    "prefill_throughput": 221.24664899704138,
    "decode_throughput": 7.321835104973717,
    "prefill_tokens": 274383,
    "decode_tokens": 4096,
    "prefill_time": 1240.167935848236,
    "decode_time": 559.4225957393646,
    "prefill_latencies": [
        10.560649871826172,
        10.560649871826172,
        10.560649871826172,
        10.560649871826172,
        10.560649871826172,
        10.560649871826172,
        10.560649871826172,
        10.560649871826172,
        10.560649871826172,
        10.560649871826172,
        10.560649871826172,
        10.560649871826172,
        10.560649871826172,
        10.560649871826172,
        10.560649871826172,
        10.560649871826172,
        10.560649871826172,
        10.560649871826172,
        10.560649871826172,
        10.560649871826172,
        10.560649871826172,
        10.560649871826172,
        10.560649871826172,
        10.560649871826172,
        10.560649871826172,
        10.560649871826172,
        10.560649871826172,
        10.560649871826172,
        10.560649871826172,
        10.560649871826172,
        10.560649871826172,
        10.560649871826172,
        10.560649871826172,
        10.560649871826172,
        10.560649871826172,
        10.560649871826172,
        10.560649871826172,
        10.560649871826172,
        10.560649871826172,
        10.560649871826172,
        10.560649871826172,
        10.560649871826172,
        10.560649871826172,
        10.560649871826172,
        10.560649871826172,
        10.560649871826172,
        10.560649871826172,
        10.560649871826172,
        10.560649871826172,
        10.560649871826172,
        10.560649871826172,
        10.560649871826172,
        10.560649871826172,
        10.560649871826172,
        10.560649871826172,
        10.560649871826172,
        10.560649871826172,
        10.560649871826172,
        10.560649871826172,
        10.560649871826172,
        10.560649871826172,
        9.515630722045898,
        9.515630722045898,
        9.515630722045898,
        9.515630722045898,
        9.515630722045898,
        9.515630722045898,
        9.515630722045898,
        9.515630722045898,
        9.515630722045898,
        9.515630722045898,
        9.515630722045898,
        9.515630722045898,
        9.515630722045898,
        9.515630722045898,
        9.515630722045898,
        9.515630722045898,
        9.515630722045898,
        9.515630722045898,
        9.515630722045898,
        9.515630722045898,
        9.515630722045898,
        9.515630722045898,
        9.515630722045898,
        9.515630722045898,
        9.515630722045898,
        9.515630722045898,
        9.515630722045898,
        9.515630722045898,
        9.515630722045898,
        9.515630722045898,
        9.515630722045898,
        9.515630722045898,
        9.515630722045898,
        9.515630722045898,
        9.515630722045898,
        9.515630722045898,
        9.515630722045898,
        9.515630722045898,
        9.515630722045898,
        9.515630722045898,
        9.515630722045898,
        9.515630722045898,
        9.515630722045898,
        9.515630722045898,
        9.515630722045898,
        9.515630722045898,
        9.515630722045898,
        9.515630722045898,
        9.515630722045898,
        9.515630722045898,
        9.515630722045898,
        9.515630722045898,
        9.515630722045898,
        9.515630722045898,
        9.515630722045898,
        9.515630722045898,
        9.515630722045898,
        9.515630722045898,
        9.515630722045898,
        9.515630722045898,
        9.515630722045898,
        2.585803270339966,
        2.585803270339966,
        2.585803270339966,
        2.585803270339966,
        2.585803270339966,
        2.585803270339966
    ],
    "decode_latencies": [
        7.789379358291626,
        7.789379358291626,
        7.789379358291626,
        7.789379358291626,
        7.789379358291626,
        7.789379358291626,
        7.789379358291626,
        7.789379358291626,
        7.789379358291626,
        7.789379358291626,
        7.789379358291626,
        7.789379358291626,
        7.789379358291626,
        7.789379358291626,
        7.789379358291626,
        7.789379358291626,
        7.789379358291626,
        7.789379358291626,
        7.789379358291626,
        7.789379358291626,
        7.789379358291626,
        7.789379358291626,
        7.789379358291626,
        7.789379358291626,
        7.789379358291626,
        7.789379358291626,
        7.789379358291626,
        7.789379358291626,
        7.789379358291626,
        7.789379358291626,
        7.789379358291626,
        7.789379358291626,
        7.789379358291626,
        7.789379358291626,
        7.789379358291626,
        7.789379358291626,
        7.789379358291626,
        7.789379358291626,
        7.789379358291626,
        7.789379358291626,
        7.789379358291626,
        7.789379358291626,
        7.789379358291626,
        7.789379358291626,
        7.789379358291626,
        7.789379358291626,
        7.789379358291626,
        7.789379358291626,
        7.789379358291626,
        7.789379358291626,
        7.789379358291626,
        7.789379358291626,
        7.789379358291626,
        7.789379358291626,
        7.789379358291626,
        7.789379358291626,
        7.789379358291626,
        7.789379358291626,
        7.789379358291626,
        7.789379358291626,
        7.789379358291626,
        1.3014302253723145,
        1.3014302253723145,
        1.3014302253723145,
        1.3014302253723145,
        1.3014302253723145,
        1.3014302253723145,
        1.3014302253723145,
        1.3014302253723145,
        1.3014302253723145,
        1.3014302253723145,
        1.3014302253723145,
        1.3014302253723145,
        1.3014302253723145,
        1.3014302253723145,
        1.3014302253723145,
        1.3014302253723145,
        1.3014302253723145,
        1.3014302253723145,
        1.3014302253723145,
        1.3014302253723145,
        1.3014302253723145,
        1.3014302253723145,
        1.3014302253723145,
        1.3014302253723145,
        1.3014302253723145,
        1.3014302253723145,
        1.3014302253723145,
        1.3014302253723145,
        1.3014302253723145,
        1.3014302253723145,
        1.3014302253723145,
        1.3014302253723145,
        1.3014302253723145,
        1.3014302253723145,
        1.3014302253723145,
        1.3014302253723145,
        1.3014302253723145,
        1.3014302253723145,
        1.3014302253723145,
        1.3014302253723145,
        1.3014302253723145,
        1.3014302253723145,
        1.3014302253723145,
        1.3014302253723145,
        1.3014302253723145,
        1.3014302253723145,
        1.3014302253723145,
        1.3014302253723145,
        1.3014302253723145,
        1.3014302253723145,
        1.3014302253723145,
        1.3014302253723145,
        1.3014302253723145,
        1.3014302253723145,
        1.3014302253723145,
        1.3014302253723145,
        1.3014302253723145,
        1.3014302253723145,
        1.3014302253723145,
        1.3014302253723145,
        1.3014302253723145,
        0.813868522644043,
        0.813868522644043,
        0.813868522644043,
        0.813868522644043,
        0.813868522644043,
        0.813868522644043
    ]
}