{
    "elapsed_time": 2.589173021260649,
    "num_requests": 8,
    "total_num_tokens": 4559,
    "requests_per_second": 3.0897896487832472,
    "tokens_per_second": 1760.7938761003531,
    "prefill_throughput": 245.99269047709913,
    "decode_throughput": 87.6874401393406,
    "prefill_tokens": 4303,
    "decode_tokens": 256,
    "prefill_time": 17.492389678955078,
    "decode_time": 2.9194602966308594,
    "prefill_latencies": [
        2.1865487098693848,
        2.1865487098693848,
        2.1865487098693848,
        2.1865487098693848,
        2.1865487098693848,
        2.1865487098693848,
        2.1865487098693848,
        2.1865487098693848
    ],
    "decode_latencies": [
        0.3649325370788574,
        0.3649325370788574,
        0.3649325370788574,
        0.3649325370788574,
        0.3649325370788574,
        0.3649325370788574,
        0.3649325370788574,
        0.3649325370788574
    ]
}