{
    "elapsed_time": 6.0380563591606915,
    "num_requests": 128,
    "total_num_tokens": 72759,
    "requests_per_second": 21.19887466863466,
    "tokens_per_second": 12050.069703243666,
    "prefill_throughput": 106.11642895342266,
    "decode_throughput": 42.72603464044361,
    "prefill_tokens": 68663,
    "decode_tokens": 4096,
    "prefill_time": 647.0534362792969,
    "decode_time": 95.86660766601562,
    "prefill_latencies": [
        5.055104970932007,
        5.055104970932007,
        5.055104970932007,
        5.055104970932007,
        5.055104970932007,
        5.055104970932007,
        5.055104970932007,
        5.055104970932007,
        5.055104970932007,
        5.055104970932007,
        5.055104970932007,
        5.055104970932007,
        5.055104970932007,
        5.055104970932007,
        5.055104970932007,
        5.055104970932007,
        5.055104970932007,
        5.055104970932007,
        5.055104970932007,
        5.055104970932007,
        5.055104970932007,
        5.055104970932007,
        5.055104970932007,
        5.055104970932007,
        5.055104970932007,
        5.055104970932007,
        5.055104970932007,
        5.055104970932007,
        5.055104970932007,
        5.055104970932007,
        5.055104970932007,
        5.055104970932007,
        5.055104970932007,
        5.055104970932007,
        5.055104970932007,
        5.055104970932007,
        5.055104970932007,
        5.055104970932007,
        5.055104970932007,
        5.055104970932007,
        5.055104970932007,
        5.055104970932007,
        5.055104970932007,
        5.055104970932007,
        5.055104970932007,
        5.055104970932007,
        5.055104970932007,
        5.055104970932007,
        5.055104970932007,
        5.055104970932007,
        5.055104970932007,
        5.055104970932007,
        5.055104970932007,
        5.055104970932007,
        5.055104970932007,
        5.055104970932007,
        5.055104970932007,
        5.055104970932007,
        5.055104970932007,
        5.055104970932007,
        5.055104970932007,
        5.055104970932007,
        5.055104970932007,
        5.055104970932007,
        5.055104970932007,
        5.055104970932007,
        5.055104970932007,
        5.055104970932007,
        5.055104970932007,
        5.055104970932007,
        5.055104970932007,
        5.055104970932007,
        5.055104970932007,
        5.055104970932007,
        5.055104970932007,
        5.055104970932007,
        5.055104970932007,
        5.055104970932007,
        5.055104970932007,
        5.055104970932007,
        5.055104970932007,
        5.055104970932007,
        5.055104970932007,
        5.055104970932007,
        5.055104970932007,
        5.055104970932007,
        5.055104970932007,
        5.055104970932007,
        5.055104970932007,
        5.055104970932007,
        5.055104970932007,
        5.055104970932007,
        5.055104970932007,
        5.055104970932007,
        5.055104970932007,
        5.055104970932007,
        5.055104970932007,
        5.055104970932007,
        5.055104970932007,
        5.055104970932007,
        5.055104970932007,
        5.055104970932007,
        5.055104970932007,
        5.055104970932007,
        5.055104970932007,
        5.055104970932007,
        5.055104970932007,
        5.055104970932007,
        5.055104970932007,
        5.055104970932007,
        5.055104970932007,
        5.055104970932007,
        5.055104970932007,
        5.055104970932007,
        5.055104970932007,
        5.055104970932007,
        5.055104970932007,
        5.055104970932007,
        5.055104970932007,
        5.055104970932007,
        5.055104970932007,
        5.055104970932007,
        5.055104970932007,
        5.055104970932007,
        5.055104970932007,
        5.055104970932007,
        5.055104970932007,
        5.055104970932007
    ],
    "decode_latencies": [
        0.7489578723907471,
        0.7489578723907471,
        0.7489578723907471,
        0.7489578723907471,
        0.7489578723907471,
        0.7489578723907471,
        0.7489578723907471,
        0.7489578723907471,
        0.7489578723907471,
        0.7489578723907471,
        0.7489578723907471,
        0.7489578723907471,
        0.7489578723907471,
        0.7489578723907471,
        0.7489578723907471,
        0.7489578723907471,
        0.7489578723907471,
        0.7489578723907471,
        0.7489578723907471,
        0.7489578723907471,
        0.7489578723907471,
        0.7489578723907471,
        0.7489578723907471,
        0.7489578723907471,
        0.7489578723907471,
        0.7489578723907471,
        0.7489578723907471,
        0.7489578723907471,
        0.7489578723907471,
        0.7489578723907471,
        0.7489578723907471,
        0.7489578723907471,
        0.7489578723907471,
        0.7489578723907471,
        0.7489578723907471,
        0.7489578723907471,
        0.7489578723907471,
        0.7489578723907471,
        0.7489578723907471,
        0.7489578723907471,
        0.7489578723907471,
        0.7489578723907471,
        0.7489578723907471,
        0.7489578723907471,
        0.7489578723907471,
        0.7489578723907471,
        0.7489578723907471,
        0.7489578723907471,
        0.7489578723907471,
        0.7489578723907471,
        0.7489578723907471,
        0.7489578723907471,
        0.7489578723907471,
        0.7489578723907471,
        0.7489578723907471,
        0.7489578723907471,
        0.7489578723907471,
        0.7489578723907471,
        0.7489578723907471,
        0.7489578723907471,
        0.7489578723907471,
        0.7489578723907471,
        0.7489578723907471,
        0.7489578723907471,
        0.7489578723907471,
        0.7489578723907471,
        0.7489578723907471,
        0.7489578723907471,
        0.7489578723907471,
        0.7489578723907471,
        0.7489578723907471,
        0.7489578723907471,
        0.7489578723907471,
        0.7489578723907471,
        0.7489578723907471,
        0.7489578723907471,
        0.7489578723907471,
        0.7489578723907471,
        0.7489578723907471,
        0.7489578723907471,
        0.7489578723907471,
        0.7489578723907471,
        0.7489578723907471,
        0.7489578723907471,
        0.7489578723907471,
        0.7489578723907471,
        0.7489578723907471,
        0.7489578723907471,
        0.7489578723907471,
        0.7489578723907471,
        0.7489578723907471,
        0.7489578723907471,
        0.7489578723907471,
        0.7489578723907471,
        0.7489578723907471,
        0.7489578723907471,
        0.7489578723907471,
        0.7489578723907471,
        0.7489578723907471,
        0.7489578723907471,
        0.7489578723907471,
        0.7489578723907471,
        0.7489578723907471,
        0.7489578723907471,
        0.7489578723907471,
        0.7489578723907471,
        0.7489578723907471,
        0.7489578723907471,
        0.7489578723907471,
        0.7489578723907471,
        0.7489578723907471,
        0.7489578723907471,
        0.7489578723907471,
        0.7489578723907471,
        0.7489578723907471,
        0.7489578723907471,
        0.7489578723907471,
        0.7489578723907471,
        0.7489578723907471,
        0.7489578723907471,
        0.7489578723907471,
        0.7489578723907471,
        0.7489578723907471,
        0.7489578723907471,
        0.7489578723907471,
        0.7489578723907471,
        0.7489578723907471,
        0.7489578723907471
    ]
}