{
    "elapsed_time": 3.349087545182556,
    "num_requests": 8,
    "total_num_tokens": 17305,
    "requests_per_second": 2.38871032544595,
    "tokens_per_second": 5167.07902273027,
    "prefill_throughput": 733.2969398632571,
    "decode_throughput": 86.43226653169043,
    "prefill_tokens": 17049,
    "decode_tokens": 256,
    "prefill_time": 23.24979019165039,
    "decode_time": 2.9618568420410156,
    "prefill_latencies": [
        2.906223773956299,
        2.906223773956299,
        2.906223773956299,
        2.906223773956299,
        2.906223773956299,
        2.906223773956299,
        2.906223773956299,
        2.906223773956299
    ],
    "decode_latencies": [
        0.37023210525512695,
        0.37023210525512695,
        0.37023210525512695,
        0.37023210525512695,
        0.37023210525512695,
        0.37023210525512695,
        0.37023210525512695,
        0.37023210525512695
    ]
}