{
    "elapsed_time": 6.242614971939474,
    "num_requests": 64,
    "total_num_tokens": 70930,
    "requests_per_second": 10.252113943864824,
    "tokens_per_second": 11362.225656848937,
    "prefill_throughput": 223.27995827458793,
    "decode_throughput": 26.52899659319382,
    "prefill_tokens": 68882,
    "decode_tokens": 2048,
    "prefill_time": 308.50059509277344,
    "decode_time": 77.19854736328125,
    "prefill_latencies": [
        4.820321798324585,
        4.820321798324585,
        4.820321798324585,
        4.820321798324585,
        4.820321798324585,
        4.820321798324585,
        4.820321798324585,
        4.820321798324585,
        4.820321798324585,
        4.820321798324585,
        4.820321798324585,
        4.820321798324585,
        4.820321798324585,
        4.820321798324585,
        4.820321798324585,
        4.820321798324585,
        4.820321798324585,
        4.820321798324585,
        4.820321798324585,
        4.820321798324585,
        4.820321798324585,
        4.820321798324585,
        4.820321798324585,
        4.820321798324585,
        4.820321798324585,
        4.820321798324585,
        4.820321798324585,
        4.820321798324585,
        4.820321798324585,
        4.820321798324585,
        4.820321798324585,
        4.820321798324585,
        4.820321798324585,
        4.820321798324585,
        4.820321798324585,
        4.820321798324585,
        4.820321798324585,
        4.820321798324585,
        4.820321798324585,
        4.820321798324585,
        4.820321798324585,
        4.820321798324585,
        4.820321798324585,
        4.820321798324585,
        4.820321798324585,
        4.820321798324585,
        4.820321798324585,
        4.820321798324585,
        4.820321798324585,
        4.820321798324585,
        4.820321798324585,
        4.820321798324585,
        4.820321798324585,
        4.820321798324585,
        4.820321798324585,
        4.820321798324585,
        4.820321798324585,
        4.820321798324585,
        4.820321798324585,
        4.820321798324585,
        4.820321798324585,
        4.820321798324585,
        4.820321798324585,
        4.820321798324585
    ],
    "decode_latencies": [
        1.2062273025512695,
        1.2062273025512695,
        1.2062273025512695,
        1.2062273025512695,
        1.2062273025512695,
        1.2062273025512695,
        1.2062273025512695,
        1.2062273025512695,
        1.2062273025512695,
        1.2062273025512695,
        1.2062273025512695,
        1.2062273025512695,
        1.2062273025512695,
        1.2062273025512695,
        1.2062273025512695,
        1.2062273025512695,
        1.2062273025512695,
        1.2062273025512695,
        1.2062273025512695,
        1.2062273025512695,
        1.2062273025512695,
        1.2062273025512695,
        1.2062273025512695,
        1.2062273025512695,
        1.2062273025512695,
        1.2062273025512695,
        1.2062273025512695,
        1.2062273025512695,
        1.2062273025512695,
        1.2062273025512695,
        1.2062273025512695,
        1.2062273025512695,
        1.2062273025512695,
        1.2062273025512695,
        1.2062273025512695,
        1.2062273025512695,
        1.2062273025512695,
        1.2062273025512695,
        1.2062273025512695,
        1.2062273025512695,
        1.2062273025512695,
        1.2062273025512695,
        1.2062273025512695,
        1.2062273025512695,
        1.2062273025512695,
        1.2062273025512695,
        1.2062273025512695,
        1.2062273025512695,
        1.2062273025512695,
        1.2062273025512695,
        1.2062273025512695,
        1.2062273025512695,
        1.2062273025512695,
        1.2062273025512695,
        1.2062273025512695,
        1.2062273025512695,
        1.2062273025512695,
        1.2062273025512695,
        1.2062273025512695,
        1.2062273025512695,
        1.2062273025512695,
        1.2062273025512695,
        1.2062273025512695,
        1.2062273025512695
    ]
}