{
    "elapsed_time": 5.542063545901328,
    "num_requests": 16,
    "total_num_tokens": 69427,
    "requests_per_second": 2.8870112851435836,
    "tokens_per_second": 12527.283280853973,
    "prefill_throughput": 872.2270019830436,
    "decode_throughput": 79.01100238885468,
    "prefill_tokens": 68915,
    "decode_tokens": 512,
    "prefill_time": 79.01039505004883,
    "decode_time": 6.480110168457031,
    "prefill_latencies": [
        4.938149690628052,
        4.938149690628052,
        4.938149690628052,
        4.938149690628052,
        4.938149690628052,
        4.938149690628052,
        4.938149690628052,
        4.938149690628052,
        4.938149690628052,
        4.938149690628052,
        4.938149690628052,
        4.938149690628052,
        4.938149690628052,
        4.938149690628052,
        4.938149690628052,
        4.938149690628052
    ],
    "decode_latencies": [
        0.40500688552856445,
        0.40500688552856445,
        0.40500688552856445,
        0.40500688552856445,
        0.40500688552856445,
        0.40500688552856445,
        0.40500688552856445,
        0.40500688552856445,
        0.40500688552856445,
        0.40500688552856445,
        0.40500688552856445,
        0.40500688552856445,
        0.40500688552856445,
        0.40500688552856445,
        0.40500688552856445,
        0.40500688552856445
    ]
}