{
    "elapsed_time": 19.00671272398904,
    "num_requests": 256,
    "total_num_tokens": 282843,
    "requests_per_second": 13.468925622098418,
    "tokens_per_second": 14881.216131762434,
    "prefill_throughput": 113.87487955028378,
    "decode_throughput": 6.74844197783145,
    "prefill_tokens": 274651,
    "decode_tokens": 8192,
    "prefill_time": 2411.866436958313,
    "decode_time": 1213.909821987152,
    "prefill_latencies": [
        10.128629207611084,
        10.128629207611084,
        10.128629207611084,
        10.128629207611084,
        10.128629207611084,
        10.128629207611084,
        10.128629207611084,
        10.128629207611084,
        10.128629207611084,
        10.128629207611084,
        10.128629207611084,
        10.128629207611084,
        10.128629207611084,
        10.128629207611084,
        10.128629207611084,
        10.128629207611084,
        10.128629207611084,
        10.128629207611084,
        10.128629207611084,
        10.128629207611084,
        10.128629207611084,
        10.128629207611084,
        10.128629207611084,
        10.128629207611084,
        10.128629207611084,
        10.128629207611084,
        10.128629207611084,
        10.128629207611084,
        10.128629207611084,
        10.128629207611084,
        10.128629207611084,
        10.128629207611084,
        10.128629207611084,
        10.128629207611084,
        10.128629207611084,
        10.128629207611084,
        10.128629207611084,
        10.128629207611084,
        10.128629207611084,
        10.128629207611084,
        10.128629207611084,
        10.128629207611084,
        10.128629207611084,
        10.128629207611084,
        10.128629207611084,
        10.128629207611084,
        10.128629207611084,
        10.128629207611084,
        10.128629207611084,
        10.128629207611084,
        10.128629207611084,
        10.128629207611084,
        10.128629207611084,
        10.128629207611084,
        10.128629207611084,
        10.128629207611084,
        10.128629207611084,
        10.128629207611084,
        10.128629207611084,
        10.128629207611084,
        10.128629207611084,
        10.128629207611084,
        10.128629207611084,
        10.128629207611084,
        10.128629207611084,
        10.128629207611084,
        10.128629207611084,
        10.128629207611084,
        10.128629207611084,
        10.128629207611084,
        10.128629207611084,
        10.128629207611084,
        10.128629207611084,
        10.128629207611084,
        10.128629207611084,
        10.128629207611084,
        10.128629207611084,
        10.128629207611084,
        10.128629207611084,
        10.128629207611084,
        10.128629207611084,
        10.128629207611084,
        10.128629207611084,
        10.128629207611084,
        10.128629207611084,
        10.128629207611084,
        10.128629207611084,
        10.128629207611084,
        10.128629207611084,
        10.128629207611084,
        10.128629207611084,
        10.128629207611084,
        10.128629207611084,
        10.128629207611084,
        10.128629207611084,
        10.128629207611084,
        10.128629207611084,
        10.128629207611084,
        10.128629207611084,
        10.128629207611084,
        10.128629207611084,
        10.128629207611084,
        10.128629207611084,
        10.128629207611084,
        10.128629207611084,
        10.128629207611084,
        10.128629207611084,
        10.128629207611084,
        10.128629207611084,
        10.128629207611084,
        10.128629207611084,
        10.128629207611084,
        10.128629207611084,
        10.128629207611084,
        10.128629207611084,
        10.128629207611084,
        10.128629207611084,
        10.128629207611084,
        10.128629207611084,
        10.128629207611084,
        10.128629207611084,
        10.128629207611084,
        9.384009838104248,
        9.384009838104248,
        9.384009838104248,
        9.384009838104248,
        9.384009838104248,
        9.384009838104248,
        9.384009838104248,
        9.384009838104248,
        9.384009838104248,
        9.384009838104248,
        9.384009838104248,
        9.384009838104248,
        9.384009838104248,
        9.384009838104248,
        9.384009838104248,
        9.384009838104248,
        9.384009838104248,
        9.384009838104248,
        9.384009838104248,
        9.384009838104248,
        9.384009838104248,
        9.384009838104248,
        9.384009838104248,
        9.384009838104248,
        9.384009838104248,
        9.384009838104248,
        9.384009838104248,
        9.384009838104248,
        9.384009838104248,
        9.384009838104248,
        9.384009838104248,
        9.384009838104248,
        9.384009838104248,
        9.384009838104248,
        9.384009838104248,
        9.384009838104248,
        9.384009838104248,
        9.384009838104248,
        9.384009838104248,
        9.384009838104248,
        9.384009838104248,
        9.384009838104248,
        9.384009838104248,
        9.384009838104248,
        9.384009838104248,
        9.384009838104248,
        9.384009838104248,
        9.384009838104248,
        9.384009838104248,
        9.384009838104248,
        9.384009838104248,
        9.384009838104248,
        9.384009838104248,
        9.384009838104248,
        9.384009838104248,
        9.384009838104248,
        9.384009838104248,
        9.384009838104248,
        9.384009838104248,
        9.384009838104248,
        9.384009838104248,
        9.384009838104248,
        9.384009838104248,
        9.384009838104248,
        9.384009838104248,
        9.384009838104248,
        9.384009838104248,
        9.384009838104248,
        9.384009838104248,
        9.384009838104248,
        9.384009838104248,
        9.384009838104248,
        9.384009838104248,
        9.384009838104248,
        9.384009838104248,
        9.384009838104248,
        9.384009838104248,
        9.384009838104248,
        9.384009838104248,
        9.384009838104248,
        9.384009838104248,
        9.384009838104248,
        9.384009838104248,
        9.384009838104248,
        9.384009838104248,
        9.384009838104248,
        9.384009838104248,
        9.384009838104248,
        9.384009838104248,
        9.384009838104248,
        9.384009838104248,
        9.384009838104248,
        9.384009838104248,
        9.384009838104248,
        9.384009838104248,
        9.384009838104248,
        9.384009838104248,
        9.384009838104248,
        9.384009838104248,
        9.384009838104248,
        9.384009838104248,
        9.384009838104248,
        9.384009838104248,
        9.384009838104248,
        9.384009838104248,
        9.384009838104248,
        9.384009838104248,
        9.384009838104248,
        9.384009838104248,
        9.384009838104248,
        9.384009838104248,
        9.384009838104248,
        9.384009838104248,
        9.384009838104248,
        9.384009838104248,
        9.384009838104248,
        9.384009838104248,
        9.384009838104248,
        9.384009838104248,
        9.384009838104248,
        9.384009838104248,
        9.384009838104248,
        2.61037278175354,
        2.61037278175354,
        2.61037278175354,
        2.61037278175354,
        2.61037278175354,
        2.61037278175354,
        2.61037278175354,
        2.61037278175354,
        2.61037278175354,
        2.61037278175354,
        2.61037278175354,
        2.61037278175354
    ],