{
    "elapsed_time": 2.6154684857465327,
    "num_requests": 16,
    "total_num_tokens": 4835,
    "requests_per_second": 6.1174508839219,
    "tokens_per_second": 1848.6171889851491,
    "prefill_throughput": 123.5834652140306,
    "decode_throughput": 81.9218500417795,
    "prefill_tokens": 4323,
    "decode_tokens": 512,
    "prefill_time": 34.98040771484375,
    "decode_time": 6.249858856201172,
    "prefill_latencies": [
        2.1862754821777344,
        2.1862754821777344,
        2.1862754821777344,
        2.1862754821777344,
        2.1862754821777344,
        2.1862754821777344,
        2.1862754821777344,
        2.1862754821777344,
        2.1862754821777344,
        2.1862754821777344,
        2.1862754821777344,
        2.1862754821777344,
        2.1862754821777344,
        2.1862754821777344,
        2.1862754821777344,
        2.1862754821777344
    ],
    "decode_latencies": [
        0.39061617851257324,
        0.39061617851257324,
        0.39061617851257324,
        0.39061617851257324,
        0.39061617851257324,
        0.39061617851257324,
        0.39061617851257324,
        0.39061617851257324,
        0.39061617851257324,
        0.39061617851257324,
        0.39061617851257324,
        0.39061617851257324,
        0.39061617851257324,
        0.39061617851257324,
        0.39061617851257324,
        0.39061617851257324
    ]
}