{
    "elapsed_time": 3.6207954450510442,
    "num_requests": 64,
    "total_num_tokens": 10617,
    "requests_per_second": 17.675674025572512,
    "tokens_per_second": 2932.2286113984896,
    "prefill_throughput": 56.63213214924241,
    "decode_throughput": 26.87161568974951,
    "prefill_tokens": 8569,
    "decode_tokens": 2048,
    "prefill_time": 151.3098602294922,
    "decode_time": 76.21424865722656,
    "prefill_latencies": [
        2.3642165660858154,
        2.3642165660858154,
        2.3642165660858154,
        2.3642165660858154,
        2.3642165660858154,
        2.3642165660858154,
        2.3642165660858154,
        2.3642165660858154,
        2.3642165660858154,
        2.3642165660858154,
        2.3642165660858154,
        2.3642165660858154,
        2.3642165660858154,
        2.3642165660858154,
        2.3642165660858154,
        2.3642165660858154,
        2.3642165660858154,
        2.3642165660858154,
        2.3642165660858154,
        2.3642165660858154,
        2.3642165660858154,
        2.3642165660858154,
        2.3642165660858154,
        2.3642165660858154,
        2.3642165660858154,
        2.3642165660858154,
        2.3642165660858154,
        2.3642165660858154,
        2.3642165660858154,
        2.3642165660858154,
        2.3642165660858154,
        2.3642165660858154,
        2.3642165660858154,
        2.3642165660858154,
        2.3642165660858154,
        2.3642165660858154,
        2.3642165660858154,
        2.3642165660858154,
        2.3642165660858154,
        2.3642165660858154,
        2.3642165660858154,
        2.3642165660858154,
        2.3642165660858154,
        2.3642165660858154,
        2.3642165660858154,
        2.3642165660858154,
        2.3642165660858154,
        2.3642165660858154,
        2.3642165660858154,
        2.3642165660858154,
        2.3642165660858154,
        2.3642165660858154,
        2.3642165660858154,
        2.3642165660858154,
        2.3642165660858154,
        2.3642165660858154,
        2.3642165660858154,
        2.3642165660858154,
        2.3642165660858154,
        2.3642165660858154,
        2.3642165660858154,
        2.3642165660858154,
        2.3642165660858154,
        2.3642165660858154
    ],
    "decode_latencies": [
        1.190847635269165,
        1.190847635269165,
        1.190847635269165,
        1.190847635269165,
        1.190847635269165,
        1.190847635269165,
        1.190847635269165,
        1.190847635269165,
        1.190847635269165,
        1.190847635269165,
        1.190847635269165,
        1.190847635269165,
        1.190847635269165,
        1.190847635269165,
        1.190847635269165,
        1.190847635269165,
        1.190847635269165,
        1.190847635269165,
        1.190847635269165,
        1.190847635269165,
        1.190847635269165,
        1.190847635269165,
        1.190847635269165,
        1.190847635269165,
        1.190847635269165,
        1.190847635269165,
        1.190847635269165,
        1.190847635269165,
        1.190847635269165,
        1.190847635269165,
        1.190847635269165,
        1.190847635269165,
        1.190847635269165,
        1.190847635269165,
        1.190847635269165,
        1.190847635269165,
        1.190847635269165,
        1.190847635269165,
        1.190847635269165,
        1.190847635269165,
        1.190847635269165,
        1.190847635269165,
        1.190847635269165,
        1.190847635269165,
        1.190847635269165,
        1.190847635269165,
        1.190847635269165,
        1.190847635269165,
        1.190847635269165,
        1.190847635269165,
        1.190847635269165,
        1.190847635269165,
        1.190847635269165,
        1.190847635269165,
        1.190847635269165,
        1.190847635269165,
        1.190847635269165,
        1.190847635269165,
        1.190847635269165,
        1.190847635269165,
        1.190847635269165,
        1.190847635269165,
        1.190847635269165,
        1.190847635269165
    ]
}