{
    "elapsed_time": 2.6263229148462415,
    "num_requests": 1,
    "total_num_tokens": 571,
    "requests_per_second": 0.38076049001710255,
    "tokens_per_second": 217.41423979976557,
    "prefill_throughput": 238.24120267485895,
    "decode_throughput": 93.61182170907587,
    "prefill_tokens": 539,
    "decode_tokens": 32,
    "prefill_time": 2.2624130249023438,
    "decode_time": 0.34183716773986816,
    "prefill_latencies": [
        2.2624130249023438
    ],
    "decode_latencies": [
        0.34183716773986816
    ]
}