{
    "elapsed_time": 5.096269597765058,
    "num_requests": 128,
    "total_num_tokens": 38566,
    "requests_per_second": 25.116410649886678,
    "tokens_per_second": 7567.496040027575,
    "prefill_throughput": 75.46574155214313,
    "decode_throughput": 23.22725280217442,
    "prefill_tokens": 34470,
    "decode_tokens": 4096,
    "prefill_time": 456.7635498046875,
    "decode_time": 176.34457397460938,
    "prefill_latencies": [
        3.568465232849121,
        3.568465232849121,
        3.568465232849121,
        3.568465232849121,
        3.568465232849121,
        3.568465232849121,
        3.568465232849121,
        3.568465232849121,
        3.568465232849121,
        3.568465232849121,
        3.568465232849121,
        3.568465232849121,
        3.568465232849121,
        3.568465232849121,
        3.568465232849121,
        3.568465232849121,
        3.568465232849121,
        3.568465232849121,
        3.568465232849121,
        3.568465232849121,
        3.568465232849121,
        3.568465232849121,
        3.568465232849121,
        3.568465232849121,
        3.568465232849121,
        3.568465232849121,
        3.568465232849121,
        3.568465232849121,
        3.568465232849121,
        3.568465232849121,
        3.568465232849121,
        3.568465232849121,
        3.568465232849121,
        3.568465232849121,
        3.568465232849121,
        3.568465232849121,
        3.568465232849121,
        3.568465232849121,
        3.568465232849121,
        3.568465232849121,
        3.568465232849121,
        3.568465232849121,
        3.568465232849121,
        3.568465232849121,
        3.568465232849121,
        3.568465232849121,
        3.568465232849121,
        3.568465232849121,
        3.568465232849121,
        3.568465232849121,
        3.568465232849121,
        3.568465232849121,
        3.568465232849121,
        3.568465232849121,
        3.568465232849121,
        3.568465232849121,
        3.568465232849121,
        3.568465232849121,
        3.568465232849121,
        3.568465232849121,
        3.568465232849121,
        3.568465232849121,
        3.568465232849121,
        3.568465232849121,
        3.568465232849121,
        3.568465232849121,
        3.568465232849121,
        3.568465232849121,
        3.568465232849121,
        3.568465232849121,
        3.568465232849121,
        3.568465232849121,
        3.568465232849121,
        3.568465232849121,
        3.568465232849121,
        3.568465232849121,
        3.568465232849121,
        3.568465232849121,
        3.568465232849121,
        3.568465232849121,
        3.568465232849121,
        3.568465232849121,
        3.568465232849121,
        3.568465232849121,
        3.568465232849121,
        3.568465232849121,
        3.568465232849121,
        3.568465232849121,
        3.568465232849121,
        3.568465232849121,
        3.568465232849121,
        3.568465232849121,
        3.568465232849121,
        3.568465232849121,
        3.568465232849121,
        3.568465232849121,
        3.568465232849121,
        3.568465232849121,
        3.568465232849121,
        3.568465232849121,
        3.568465232849121,
        3.568465232849121,
        3.568465232849121,
        3.568465232849121,
        3.568465232849121,
        3.568465232849121,
        3.568465232849121,
        3.568465232849121,
        3.568465232849121,
        3.568465232849121,
        3.568465232849121,
        3.568465232849121,
        3.568465232849121,
        3.568465232849121,
        3.568465232849121,
        3.568465232849121,
        3.568465232849121,
        3.568465232849121,
        3.568465232849121,
        3.568465232849121,
        3.568465232849121,
        3.568465232849121,
        3.568465232849121,
        3.568465232849121,
        3.568465232849121,
        3.568465232849121,
        3.568465232849121,
        3.568465232849121
    ],
    "decode_latencies": [
        1.3776919841766357,
        1.3776919841766357,
        1.3776919841766357,
        1.3776919841766357,
        1.3776919841766357,
        1.3776919841766357,
        1.3776919841766357,
        1.3776919841766357,
        1.3776919841766357,
        1.3776919841766357,
        1.3776919841766357,
        1.3776919841766357,
        1.3776919841766357,
        1.3776919841766357,
        1.3776919841766357,
        1.3776919841766357,
        1.3776919841766357,
        1.3776919841766357,
        1.3776919841766357,
        1.3776919841766357,
        1.3776919841766357,
        1.3776919841766357,
        1.3776919841766357,
        1.3776919841766357,
        1.3776919841766357,
        1.3776919841766357,
        1.3776919841766357,
        1.3776919841766357,
        1.3776919841766357,
        1.3776919841766357,
        1.3776919841766357,
        1.3776919841766357,
        1.3776919841766357,
        1.3776919841766357,
        1.3776919841766357,
        1.3776919841766357,
        1.3776919841766357,
        1.3776919841766357,
        1.3776919841766357,
        1.3776919841766357,
        1.3776919841766357,
        1.3776919841766357,
        1.3776919841766357,
        1.3776919841766357,
        1.3776919841766357,
        1.3776919841766357,
        1.3776919841766357,
        1.3776919841766357,
        1.3776919841766357,
        1.3776919841766357,
        1.3776919841766357,
        1.3776919841766357,
        1.3776919841766357,
        1.3776919841766357,
        1.3776919841766357,
        1.3776919841766357,
        1.3776919841766357,
        1.3776919841766357,
        1.3776919841766357,
        1.3776919841766357,
        1.3776919841766357,
        1.3776919841766357,
        1.3776919841766357,
        1.3776919841766357,
        1.3776919841766357,
        1.3776919841766357,
        1.3776919841766357,
        1.3776919841766357,
        1.3776919841766357,
        1.3776919841766357,
        1.3776919841766357,
        1.3776919841766357,
        1.3776919841766357,
        1.3776919841766357,
        1.3776919841766357,
        1.3776919841766357,
        1.3776919841766357,
        1.3776919841766357,
        1.3776919841766357,
        1.3776919841766357,
        1.3776919841766357,
        1.3776919841766357,
        1.3776919841766357,
        1.3776919841766357,
        1.3776919841766357,
        1.3776919841766357,
        1.3776919841766357,
        1.3776919841766357,
        1.3776919841766357,
        1.3776919841766357,
        1.3776919841766357,
        1.3776919841766357,
        1.3776919841766357,
        1.3776919841766357,
        1.3776919841766357,
        1.3776919841766357,
        1.3776919841766357,
        1.3776919841766357,
        1.3776919841766357,
        1.3776919841766357,
        1.3776919841766357,
        1.3776919841766357,
        1.3776919841766357,
        1.3776919841766357,
        1.3776919841766357,
        1.3776919841766357,
        1.3776919841766357,
        1.3776919841766357,
        1.3776919841766357,
        1.3776919841766357,
        1.3776919841766357,
        1.3776919841766357,
        1.3776919841766357,
        1.3776919841766357,
        1.3776919841766357,
        1.3776919841766357,
        1.3776919841766357,
        1.3776919841766357,
        1.3776919841766357,
        1.3776919841766357,
        1.3776919841766357,
        1.3776919841766357,
        1.3776919841766357,
        1.3776919841766357,
        1.3776919841766357,
        1.3776919841766357,
        1.3776919841766357,
        1.3776919841766357
    ]
}