{
    "elapsed_time": 3.366600861772895,
    "num_requests": 16,
    "total_num_tokens": 17676,
    "requests_per_second": 4.752568141259904,
    "tokens_per_second": 5250.39965405688,
    "prefill_throughput": 370.0962202218452,
    "decode_throughput": 81.41231589871995,
    "prefill_tokens": 17164,
    "decode_tokens": 512,
    "prefill_time": 46.37712860107422,
    "decode_time": 6.288974761962891,
    "prefill_latencies": [
        2.8985705375671387,
        2.8985705375671387,
        2.8985705375671387,
        2.8985705375671387,
        2.8985705375671387,
        2.8985705375671387,
        2.8985705375671387,
        2.8985705375671387,
        2.8985705375671387,
        2.8985705375671387,
        2.8985705375671387,
        2.8985705375671387,
        2.8985705375671387,
        2.8985705375671387,
        2.8985705375671387,
        2.8985705375671387
    ],
    "decode_latencies": [
        0.39306092262268066,
        0.39306092262268066,
        0.39306092262268066,
        0.39306092262268066,
        0.39306092262268066,
        0.39306092262268066,
        0.39306092262268066,
        0.39306092262268066,
        0.39306092262268066,
        0.39306092262268066,
        0.39306092262268066,
        0.39306092262268066,
        0.39306092262268066,
        0.39306092262268066,
        0.39306092262268066,
        0.39306092262268066
    ]
}