{
    "elapsed_time": 35.3017618409358,
    "num_requests": 256,
    "total_num_tokens": 557450,
    "requests_per_second": 7.251762706731065,
    "tokens_per_second": 15790.996565887626,
    "prefill_throughput": 222.81854446116293,
    "decode_throughput": 2.686747579320015,
    "prefill_tokens": 549258,
    "decode_tokens": 8192,
    "prefill_time": 2465.0461716651917,
    "decode_time": 3049.0396876335144,
    "prefill_latencies": [
        11.091187238693237,
        11.091187238693237,
        11.091187238693237,
        11.091187238693237,
        11.091187238693237,
        11.091187238693237,
        11.091187238693237,
        11.091187238693237,
        11.091187238693237,
        11.091187238693237,
        11.091187238693237,
        11.091187238693237,
        11.091187238693237,
        11.091187238693237,
        11.091187238693237,
        11.091187238693237,
        11.091187238693237,
        11.091187238693237,
        11.091187238693237,
        11.091187238693237,
        11.091187238693237,
        11.091187238693237,
        11.091187238693237,
        11.091187238693237,
        11.091187238693237,
        11.091187238693237,
        11.091187238693237,
        11.091187238693237,
        11.091187238693237,
        11.091187238693237,
        11.091187238693237,
        11.091187238693237,
        11.091187238693237,
        11.091187238693237,
        11.091187238693237,
        11.091187238693237,
        11.091187238693237,
        11.091187238693237,
        11.091187238693237,
        11.091187238693237,
        11.091187238693237,
        11.091187238693237,
        11.091187238693237,
        11.091187238693237,
        11.091187238693237,
        11.091187238693237,
        11.091187238693237,
        11.091187238693237,
        11.091187238693237,
        11.091187238693237,
        11.091187238693237,
        11.091187238693237,
        11.091187238693237,
        11.091187238693237,
        11.091187238693237,
        11.091187238693237,
        11.091187238693237,
        11.091187238693237,
        11.091187238693237,
        11.091187238693237,
        11.091187238693237,
        10.055234670639038,
        10.055234670639038,
        10.055234670639038,
        10.055234670639038,
        10.055234670639038,
        10.055234670639038,
        10.055234670639038,
        10.055234670639038,
        10.055234670639038,
        10.055234670639038,
        10.055234670639038,
        10.055234670639038,
        10.055234670639038,
        10.055234670639038,
        10.055234670639038,
        10.055234670639038,
        10.055234670639038,
        10.055234670639038,
        10.055234670639038,
        10.055234670639038,
        10.055234670639038,
        10.055234670639038,
        10.055234670639038,
        10.055234670639038,
        10.055234670639038,
        10.055234670639038,
        10.055234670639038,
        10.055234670639038,
        10.055234670639038,
        10.055234670639038,
        10.055234670639038,
        10.055234670639038,
        10.055234670639038,
        10.055234670639038,
        10.055234670639038,
        10.055234670639038,
        10.055234670639038,
        10.055234670639038,
        10.055234670639038,
        10.055234670639038,
        10.055234670639038,
        10.055234670639038,
        10.055234670639038,
        10.055234670639038,
        10.055234670639038,
        10.055234670639038,
        10.055234670639038,
        10.055234670639038,
        10.055234670639038,
        10.055234670639038,
        10.055234670639038,
        10.055234670639038,
        10.055234670639038,
        10.055234670639038,
        10.055234670639038,
        10.055234670639038,
        10.055234670639038,
        10.055234670639038,
        10.055234670639038,
        10.055234670639038,
        10.055234670639038,
        9.884295463562012,
        9.884295463562012,
        9.884295463562012,
        9.884295463562012,
        9.884295463562012,
        9.884295463562012,
        9.884295463562012,
        9.884295463562012,
        9.884295463562012,
        9.884295463562012,
        9.884295463562012,
        9.884295463562012,
        9.884295463562012,
        9.884295463562012,
        9.884295463562012,
        9.884295463562012,
        9.884295463562012,
        9.884295463562012,
        9.884295463562012,
        9.884295463562012,
        9.884295463562012,
        9.884295463562012,
        9.884295463562012,
        9.884295463562012,
        9.884295463562012,
        9.884295463562012,
        9.884295463562012,
        9.884295463562012,
        9.884295463562012,
        9.884295463562012,
        9.884295463562012,
        9.884295463562012,
        9.884295463562012,
        9.884295463562012,
        9.884295463562012,
        9.884295463562012,
        9.884295463562012,
        9.884295463562012,
        9.884295463562012,
        9.884295463562012,
        9.884295463562012,
        9.884295463562012,
        9.884295463562012,
        9.884295463562012,
        9.884295463562012,
        9.884295463562012,
        9.884295463562012,
        9.884295463562012,
        9.884295463562012,
        9.884295463562012,
        9.884295463562012,
        9.884295463562012,
        9.884295463562012,
        9.884295463562012,
        9.884295463562012,
        9.884295463562012,
        9.884295463562012,
        9.884295463562012,
        9.884295463562012,
        9.884295463562012,
        9.884295463562012,
        8.88193416595459,
        8.88193416595459,
        8.88193416595459,
        8.88193416595459,
        8.88193416595459,
        8.88193416595459,
        8.88193416595459,
        8.88193416595459,
        8.88193416595459,
        8.88193416595459,
        8.88193416595459,
        8.88193416595459,
        8.88193416595459,
        8.88193416595459,
        8.88193416595459,
        8.88193416595459,
        8.88193416595459,
        8.88193416595459,
        8.88193416595459,
        8.88193416595459,
        8.88193416595459,
        8.88193416595459,
        8.88193416595459,
        8.88193416595459,
        8.88193416595459,
        8.88193416595459,
        8.88193416595459,
        8.88193416595459,
        8.88193416595459,
        8.88193416595459,
        8.88193416595459,
        8.88193416595459,
        8.88193416595459,
        8.88193416595459,
        8.88193416595459,
        8.88193416595459,
        8.88193416595459,
        8.88193416595459,
        8.88193416595459,
        8.88193416595459,
        8.88193416595459,
        8.88193416595459,
        8.88193416595459,
        8.88193416595459,
        8.88193416595459,
        8.88193416595459,
        8.88193416595459,
        8.88193416595459,
        8.88193416595459,
        8.88193416595459,
        8.88193416595459,
        8.88193416595459,
        8.88193416595459,
        8.88193416595459,
        8.88193416595459,
        8.88193416595459,
        8.88193416595459,
        8.88193416595459,
        8.88193416595459,
        8.88193416595459,
        8.88193416595459,
        2.5312023162841797,
        2.5312023162841797,
        2.5312023162841797,
        2.5312023162841797,
        2.5312023162841797,
        2.5312023162841797,
        2.5312023162841797,
        2.5312023162841797,
        2.5312023162841797,
        2.5312023162841797,
        2.5312023162841797,
        2.5312023162841797
    ],