{
    "elapsed_time": 11.395920759998262,
    "num_requests": 64,
    "total_num_tokens": 138754,
    "requests_per_second": 5.6160446661450605,
    "tokens_per_second": 12175.760337598307,
    "prefill_throughput": 216.46690965231872,
    "decode_throughput": 39.504232147288754,
    "prefill_tokens": 136706,
    "decode_tokens": 2048,
    "prefill_time": 631.5330145359039,
    "decode_time": 51.842546701431274,
    "prefill_latencies": [
        10.205236434936523,
        10.205236434936523,
        10.205236434936523,
        10.205236434936523,
        10.205236434936523,
        10.205236434936523,
        10.205236434936523,
        10.205236434936523,
        10.205236434936523,
        10.205236434936523,
        10.205236434936523,
        10.205236434936523,
        10.205236434936523,
        10.205236434936523,
        10.205236434936523,
        10.205236434936523,
        10.205236434936523,
        10.205236434936523,
        10.205236434936523,
        10.205236434936523,
        10.205236434936523,
        10.205236434936523,
        10.205236434936523,
        10.205236434936523,
        10.205236434936523,
        10.205236434936523,
        10.205236434936523,
        10.205236434936523,
        10.205236434936523,
        10.205236434936523,
        10.205236434936523,
        10.205236434936523,
        10.205236434936523,
        10.205236434936523,
        10.205236434936523,
        10.205236434936523,
        10.205236434936523,
        10.205236434936523,
        10.205236434936523,
        10.205236434936523,
        10.205236434936523,
        10.205236434936523,
        10.205236434936523,
        10.205236434936523,
        10.205236434936523,
        10.205236434936523,
        10.205236434936523,
        10.205236434936523,
        10.205236434936523,
        10.205236434936523,
        10.205236434936523,
        10.205236434936523,
        10.205236434936523,
        10.205236434936523,
        10.205236434936523,
        10.205236434936523,
        10.205236434936523,
        10.205236434936523,
        10.205236434936523,
        10.205236434936523,
        10.205236434936523,
        3.004530668258667,
        3.004530668258667,
        3.004530668258667
    ],
    "decode_latencies": [
        0.8210783004760742,
        0.8210783004760742,
        0.8210783004760742,
        0.8210783004760742,
        0.8210783004760742,
        0.8210783004760742,
        0.8210783004760742,
        0.8210783004760742,
        0.8210783004760742,
        0.8210783004760742,
        0.8210783004760742,
        0.8210783004760742,
        0.8210783004760742,
        0.8210783004760742,
        0.8210783004760742,
        0.8210783004760742,
        0.8210783004760742,
        0.8210783004760742,
        0.8210783004760742,
        0.8210783004760742,
        0.8210783004760742,
        0.8210783004760742,
        0.8210783004760742,
        0.8210783004760742,
        0.8210783004760742,
        0.8210783004760742,
        0.8210783004760742,
        0.8210783004760742,
        0.8210783004760742,
        0.8210783004760742,
        0.8210783004760742,
        0.8210783004760742,
        0.8210783004760742,
        0.8210783004760742,
        0.8210783004760742,
        0.8210783004760742,
        0.8210783004760742,
        0.8210783004760742,
        0.8210783004760742,
        0.8210783004760742,
        0.8210783004760742,
        0.8210783004760742,
        0.8210783004760742,
        0.8210783004760742,
        0.8210783004760742,
        0.8210783004760742,
        0.8210783004760742,
        0.8210783004760742,
        0.8210783004760742,
        0.8210783004760742,
        0.8210783004760742,
        0.8210783004760742,
        0.8210783004760742,
        0.8210783004760742,
        0.8210783004760742,
        0.8210783004760742,
        0.8210783004760742,
        0.8210783004760742,
        0.8210783004760742,
        0.8210783004760742,
        0.8210783004760742,
        0.585590124130249,
        0.585590124130249,
        0.585590124130249
    ]
}