{
    "elapsed_time": 33.86050786357373,
    "num_requests": 128,
    "total_num_tokens": 553311,
    "requests_per_second": 3.7802150078705443,
    "tokens_per_second": 16340.894892342647,
    "prefill_throughput": 466.03079959155895,
    "decode_throughput": 2.9409098556152804,
    "prefill_tokens": 549215,
    "decode_tokens": 4096,
    "prefill_time": 1178.4950704574585,
    "decode_time": 1392.7662529945374,
    "prefill_latencies": [
        10.528841972351074,
        10.528841972351074,
        10.528841972351074,
        10.528841972351074,
        10.528841972351074,
        10.528841972351074,
        10.528841972351074,
        10.528841972351074,
        10.528841972351074,
        10.528841972351074,
        10.528841972351074,
        10.528841972351074,
        10.528841972351074,
        10.528841972351074,
        10.528841972351074,
        10.528841972351074,
        10.528841972351074,
        10.528841972351074,
        10.528841972351074,
        10.528841972351074,
        10.528841972351074,
        10.528841972351074,
        10.528841972351074,
        10.528841972351074,
        10.528841972351074,
        10.528841972351074,
        10.528841972351074,
        10.528841972351074,
        10.528841972351074,
        10.528841972351074,
        10.48364543914795,
        10.48364543914795,
        10.48364543914795,
        10.48364543914795,
        10.48364543914795,
        10.48364543914795,
        10.48364543914795,
        10.48364543914795,
        10.48364543914795,
        10.48364543914795,
        10.48364543914795,
        10.48364543914795,
        10.48364543914795,
        10.48364543914795,
        10.48364543914795,
        10.48364543914795,
        10.48364543914795,
        10.48364543914795,
        10.48364543914795,
        10.48364543914795,
        10.48364543914795,
        10.48364543914795,
        10.48364543914795,
        10.48364543914795,
        10.48364543914795,
        10.48364543914795,
        10.48364543914795,
        10.48364543914795,
        10.48364543914795,
        10.48364543914795,
        10.358320713043213,
        10.358320713043213,
        10.358320713043213,
        10.358320713043213,
        10.358320713043213,
        10.358320713043213,
        10.358320713043213,
        10.358320713043213,
        10.358320713043213,
        10.358320713043213,
        10.358320713043213,
        10.358320713043213,
        10.358320713043213,
        10.358320713043213,
        10.358320713043213,
        10.358320713043213,
        10.358320713043213,
        10.358320713043213,
        10.358320713043213,
        10.358320713043213,
        10.358320713043213,
        10.358320713043213,
        10.358320713043213,
        10.358320713043213,
        10.358320713043213,
        10.358320713043213,
        10.358320713043213,
        10.358320713043213,
        10.358320713043213,
        10.358320713043213,
        7.51312255859375,
        7.51312255859375,
        7.51312255859375,
        7.51312255859375,
        7.51312255859375,
        7.51312255859375,
        7.51312255859375,
        7.51312255859375,
        7.51312255859375,
        7.51312255859375,
        7.51312255859375,
        7.51312255859375,
        7.51312255859375,
        7.51312255859375,
        7.51312255859375,
        7.51312255859375,
        7.51312255859375,
        7.51312255859375,
        7.51312255859375,
        7.51312255859375,
        7.51312255859375,
        7.51312255859375,
        7.51312255859375,
        7.51312255859375,
        7.51312255859375,
        7.51312255859375,
        7.51312255859375,
        7.51312255859375,
        7.51312255859375,
        7.51312255859375,
        1.4971437454223633,
        1.4971437454223633,
        1.4971437454223633,
        1.4971437454223633,
        1.4971437454223633,
        1.4971437454223633,
        1.4971437454223633,
        1.4971437454223633
    ],
    "decode_latencies": [
        22.072588682174683,
        22.072588682174683,
        22.072588682174683,
        22.072588682174683,
        22.072588682174683,
        22.072588682174683,
        22.072588682174683,
        22.072588682174683,
        22.072588682174683,
        22.072588682174683,
        22.072588682174683,
        22.072588682174683,
        22.072588682174683,
        22.072588682174683,
        22.072588682174683,
        22.072588682174683,
        22.072588682174683,
        22.072588682174683,
        22.072588682174683,
        22.072588682174683,
        22.072588682174683,
        22.072588682174683,
        22.072588682174683,
        22.072588682174683,
        22.072588682174683,
        22.072588682174683,
        22.072588682174683,
        22.072588682174683,
        22.072588682174683,
        22.072588682174683,
        14.516278743743896,
        14.516278743743896,
        14.516278743743896,
        14.516278743743896,
        14.516278743743896,
        14.516278743743896,
        14.516278743743896,
        14.516278743743896,
        14.516278743743896,
        14.516278743743896,
        14.516278743743896,
        14.516278743743896,
        14.516278743743896,
        14.516278743743896,
        14.516278743743896,
        14.516278743743896,
        14.516278743743896,
        14.516278743743896,
        14.516278743743896,
        14.516278743743896,
        14.516278743743896,
        14.516278743743896,
        14.516278743743896,
        14.516278743743896,
        14.516278743743896,
        14.516278743743896,
        14.516278743743896,
        14.516278743743896,
        14.516278743743896,
        14.516278743743896,
        7.284531831741333,
        7.284531831741333,
        7.284531831741333,
        7.284531831741333,
        7.284531831741333,
        7.284531831741333,
        7.284531831741333,
        7.284531831741333,
        7.284531831741333,
        7.284531831741333,
        7.284531831741333,
        7.284531831741333,
        7.284531831741333,
        7.284531831741333,
        7.284531831741333,
        7.284531831741333,
        7.284531831741333,
        7.284531831741333,
        7.284531831741333,
        7.284531831741333,
        7.284531831741333,
        7.284531831741333,
        7.284531831741333,
        7.284531831741333,
        7.284531831741333,
        7.284531831741333,
        7.284531831741333,
        7.284531831741333,
        7.284531831741333,
        7.284531831741333,
        2.3143017292022705,
        2.3143017292022705,
        2.3143017292022705,
        2.3143017292022705,
        2.3143017292022705,
        2.3143017292022705,
        2.3143017292022705,
        2.3143017292022705,
        2.3143017292022705,
        2.3143017292022705,
        2.3143017292022705,
        2.3143017292022705,
        2.3143017292022705,
        2.3143017292022705,
        2.3143017292022705,
        2.3143017292022705,
        2.3143017292022705,
        2.3143017292022705,
        2.3143017292022705,
        2.3143017292022705,
        2.3143017292022705,
        2.3143017292022705,
        2.3143017292022705,
        2.3143017292022705,
        2.3143017292022705,
        2.3143017292022705,
        2.3143017292022705,
        2.3143017292022705,
        2.3143017292022705,
        2.3143017292022705,
        0.8919029235839844,
        0.8919029235839844,
        0.8919029235839844,
        0.8919029235839844,
        0.8919029235839844,
        0.8919029235839844,
        0.8919029235839844,
        0.8919029235839844
    ]
}