{
    "elapsed_time": 2.465619233902544,
    "num_requests": 8,
    "total_num_tokens": 1328,
    "requests_per_second": 3.244621022580897,
    "tokens_per_second": 538.607089748429,
    "prefill_throughput": 64.47716407126715,
    "decode_throughput": 88.55345593266075,
    "prefill_tokens": 1072,
    "decode_tokens": 256,
    "prefill_time": 16.626041412353516,
    "decode_time": 2.890909194946289,
    "prefill_latencies": [
        2.0782551765441895,
        2.0782551765441895,
        2.0782551765441895,
        2.0782551765441895,
        2.0782551765441895,
        2.0782551765441895,
        2.0782551765441895,
        2.0782551765441895
    ],
    "decode_latencies": [
        0.36136364936828613,
        0.36136364936828613,
        0.36136364936828613,
        0.36136364936828613,
        0.36136364936828613,
        0.36136364936828613,
        0.36136364936828613,
        0.36136364936828613
    ]
}