{
    "elapsed_time": 2.6761420140974224,
    "num_requests": 32,
    "total_num_tokens": 5350,
    "requests_per_second": 11.957511907600532,
    "tokens_per_second": 1999.146522051964,
    "prefill_throughput": 61.91586820952907,
    "decode_throughput": 71.82138849543362,
    "prefill_tokens": 4326,
    "decode_tokens": 1024,
    "prefill_time": 69.86900329589844,
    "decode_time": 14.257591247558594,
    "prefill_latencies": [
        2.183406352996826,
        2.183406352996826,
        2.183406352996826,
        2.183406352996826,
        2.183406352996826,
        2.183406352996826,
        2.183406352996826,
        2.183406352996826,
        2.183406352996826,
        2.183406352996826,
        2.183406352996826,
        2.183406352996826,
        2.183406352996826,
        2.183406352996826,
        2.183406352996826,
        2.183406352996826,
        2.183406352996826,
        2.183406352996826,
        2.183406352996826,
        2.183406352996826,
        2.183406352996826,
        2.183406352996826,
        2.183406352996826,
        2.183406352996826,
        2.183406352996826,
        2.183406352996826,
        2.183406352996826,
        2.183406352996826,
        2.183406352996826,
        2.183406352996826,
        2.183406352996826,
        2.183406352996826
    ],
    "decode_latencies": [
        0.44554972648620605,
        0.44554972648620605,
        0.44554972648620605,
        0.44554972648620605,
        0.44554972648620605,
        0.44554972648620605,
        0.44554972648620605,
        0.44554972648620605,
        0.44554972648620605,
        0.44554972648620605,
        0.44554972648620605,
        0.44554972648620605,
        0.44554972648620605,
        0.44554972648620605,
        0.44554972648620605,
        0.44554972648620605,
        0.44554972648620605,
        0.44554972648620605,
        0.44554972648620605,
        0.44554972648620605,
        0.44554972648620605,
        0.44554972648620605,
        0.44554972648620605,
        0.44554972648620605,
        0.44554972648620605,
        0.44554972648620605,
        0.44554972648620605,
        0.44554972648620605,
        0.44554972648620605,
        0.44554972648620605,
        0.44554972648620605,
        0.44554972648620605
    ]
}