{
    "elapsed_time": 10.785495919175446,
    "num_requests": 32,
    "total_num_tokens": 137917,
    "requests_per_second": 2.966947485753294,
    "tokens_per_second": 12787.265512269907,
    "prefill_throughput": 467.1536570673645,
    "decode_throughput": 39.43309573036672,
    "prefill_tokens": 136893,
    "decode_tokens": 1024,
    "prefill_time": 293.03634452819824,
    "decode_time": 25.968034744262695,
    "prefill_latencies": [
        9.599900007247925,
        9.599900007247925,
        9.599900007247925,
        9.599900007247925,
        9.599900007247925,
        9.599900007247925,
        9.599900007247925,
        9.599900007247925,
        9.599900007247925,
        9.599900007247925,
        9.599900007247925,
        9.599900007247925,
        9.599900007247925,
        9.599900007247925,
        9.599900007247925,
        9.599900007247925,
        9.599900007247925,
        9.599900007247925,
        9.599900007247925,
        9.599900007247925,
        9.599900007247925,
        9.599900007247925,
        9.599900007247925,
        9.599900007247925,
        9.599900007247925,
        9.599900007247925,
        9.599900007247925,
        9.599900007247925,
        9.599900007247925,
        9.599900007247925,
        2.519672155380249,
        2.519672155380249
    ],
    "decode_latencies": [
        0.8320343494415283,
        0.8320343494415283,
        0.8320343494415283,
        0.8320343494415283,
        0.8320343494415283,
        0.8320343494415283,
        0.8320343494415283,
        0.8320343494415283,
        0.8320343494415283,
        0.8320343494415283,
        0.8320343494415283,
        0.8320343494415283,
        0.8320343494415283,
        0.8320343494415283,
        0.8320343494415283,
        0.8320343494415283,
        0.8320343494415283,
        0.8320343494415283,
        0.8320343494415283,
        0.8320343494415283,
        0.8320343494415283,
        0.8320343494415283,
        0.8320343494415283,
        0.8320343494415283,
        0.8320343494415283,
        0.8320343494415283,
        0.8320343494415283,
        0.8320343494415283,
        0.8320343494415283,
        0.8320343494415283,
        0.5035021305084229,
        0.5035021305084229
    ]
}