{
    "elapsed_time": 2.8068456212058663,
    "num_requests": 16,
    "total_num_tokens": 9065,
    "requests_per_second": 5.70034913182227,
    "tokens_per_second": 3229.604054998055,
    "prefill_throughput": 225.82919707529265,
    "decode_throughput": 82.55909730906424,
    "prefill_tokens": 8553,
    "decode_tokens": 512,
    "prefill_time": 37.873756408691406,
    "decode_time": 6.201618194580078,
    "prefill_latencies": [
        2.367109775543213,
        2.367109775543213,
        2.367109775543213,
        2.367109775543213,
        2.367109775543213,
        2.367109775543213,
        2.367109775543213,
        2.367109775543213,
        2.367109775543213,
        2.367109775543213,
        2.367109775543213,
        2.367109775543213,
        2.367109775543213,
        2.367109775543213,
        2.367109775543213,
        2.367109775543213
    ],
    "decode_latencies": [
        0.3876011371612549,
        0.3876011371612549,
        0.3876011371612549,
        0.3876011371612549,
        0.3876011371612549,
        0.3876011371612549,
        0.3876011371612549,
        0.3876011371612549,
        0.3876011371612549,
        0.3876011371612549,
        0.3876011371612549,
        0.3876011371612549,
        0.3876011371612549,
        0.3876011371612549,
        0.3876011371612549,
        0.3876011371612549
    ]
}