{
    "elapsed_time": 3.6400640881620347,
    "num_requests": 128,
    "total_num_tokens": 8534,
    "requests_per_second": 35.16421604121553,
    "tokens_per_second": 2344.464216372917,
    "prefill_throughput": 15.759654204033579,
    "decode_throughput": 23.293487640115597,
    "prefill_tokens": 4438,
    "decode_tokens": 4096,
    "prefill_time": 281.60516357421875,
    "decode_time": 175.8431396484375,
    "prefill_latencies": [
        2.200040340423584,
        2.200040340423584,
        2.200040340423584,
        2.200040340423584,
        2.200040340423584,
        2.200040340423584,
        2.200040340423584,
        2.200040340423584,
        2.200040340423584,
        2.200040340423584,
        2.200040340423584,
        2.200040340423584,
        2.200040340423584,
        2.200040340423584,
        2.200040340423584,
        2.200040340423584,
        2.200040340423584,
        2.200040340423584,
        2.200040340423584,
        2.200040340423584,
        2.200040340423584,
        2.200040340423584,
        2.200040340423584,
        2.200040340423584,
        2.200040340423584,
        2.200040340423584,
        2.200040340423584,
        2.200040340423584,
        2.200040340423584,
        2.200040340423584,
        2.200040340423584,
        2.200040340423584,
        2.200040340423584,
        2.200040340423584,
        2.200040340423584,
        2.200040340423584,
        2.200040340423584,
        2.200040340423584,
        2.200040340423584,
        2.200040340423584,
        2.200040340423584,
        2.200040340423584,
        2.200040340423584,
        2.200040340423584,
        2.200040340423584,
        2.200040340423584,
        2.200040340423584,
        2.200040340423584,
        2.200040340423584,
        2.200040340423584,
        2.200040340423584,
        2.200040340423584,
        2.200040340423584,
        2.200040340423584,
        2.200040340423584,
        2.200040340423584,
        2.200040340423584,
        2.200040340423584,
        2.200040340423584,
        2.200040340423584,
        2.200040340423584,
        2.200040340423584,
        2.200040340423584,
        2.200040340423584,
        2.200040340423584,
        2.200040340423584,
        2.200040340423584,
        2.200040340423584,
        2.200040340423584,
        2.200040340423584,
        2.200040340423584,
        2.200040340423584,
        2.200040340423584,
        2.200040340423584,
        2.200040340423584,
        2.200040340423584,
        2.200040340423584,
        2.200040340423584,
        2.200040340423584,
        2.200040340423584,
        2.200040340423584,
        2.200040340423584,
        2.200040340423584,
        2.200040340423584,
        2.200040340423584,
        2.200040340423584,
        2.200040340423584,
        2.200040340423584,
        2.200040340423584,
        2.200040340423584,
        2.200040340423584,
        2.200040340423584,
        2.200040340423584,
        2.200040340423584,
        2.200040340423584,
        2.200040340423584,
        2.200040340423584,
        2.200040340423584,
        2.200040340423584,
        2.200040340423584,
        2.200040340423584,
        2.200040340423584,
        2.200040340423584,
        2.200040340423584,
        2.200040340423584,
        2.200040340423584,
        2.200040340423584,
        2.200040340423584,
        2.200040340423584,
        2.200040340423584,
        2.200040340423584,
        2.200040340423584,
        2.200040340423584,
        2.200040340423584,
        2.200040340423584,
        2.200040340423584,
        2.200040340423584,
        2.200040340423584,
        2.200040340423584,
        2.200040340423584,
        2.200040340423584,
        2.200040340423584,
        2.200040340423584,
        2.200040340423584,
        2.200040340423584,
        2.200040340423584,
        2.200040340423584,
        2.200040340423584
    ],
    "decode_latencies": [
        1.373774528503418,
        1.373774528503418,
        1.373774528503418,
        1.373774528503418,
        1.373774528503418,
        1.373774528503418,
        1.373774528503418,
        1.373774528503418,
        1.373774528503418,
        1.373774528503418,
        1.373774528503418,
        1.373774528503418,
        1.373774528503418,
        1.373774528503418,
        1.373774528503418,
        1.373774528503418,
        1.373774528503418,
        1.373774528503418,
        1.373774528503418,
        1.373774528503418,
        1.373774528503418,
        1.373774528503418,
        1.373774528503418,
        1.373774528503418,
        1.373774528503418,
        1.373774528503418,
        1.373774528503418,
        1.373774528503418,
        1.373774528503418,
        1.373774528503418,
        1.373774528503418,
        1.373774528503418,
        1.373774528503418,
        1.373774528503418,
        1.373774528503418,
        1.373774528503418,
        1.373774528503418,
        1.373774528503418,
        1.373774528503418,
        1.373774528503418,
        1.373774528503418,
        1.373774528503418,
        1.373774528503418,
        1.373774528503418,
        1.373774528503418,
        1.373774528503418,
        1.373774528503418,
        1.373774528503418,
        1.373774528503418,
        1.373774528503418,
        1.373774528503418,
        1.373774528503418,
        1.373774528503418,
        1.373774528503418,
        1.373774528503418,
        1.373774528503418,
        1.373774528503418,
        1.373774528503418,
        1.373774528503418,
        1.373774528503418,
        1.373774528503418,
        1.373774528503418,
        1.373774528503418,
        1.373774528503418,
        1.373774528503418,
        1.373774528503418,
        1.373774528503418,
        1.373774528503418,
        1.373774528503418,
        1.373774528503418,
        1.373774528503418,
        1.373774528503418,
        1.373774528503418,
        1.373774528503418,
        1.373774528503418,
        1.373774528503418,
        1.373774528503418,
        1.373774528503418,
        1.373774528503418,
        1.373774528503418,
        1.373774528503418,
        1.373774528503418,
        1.373774528503418,
        1.373774528503418,
        1.373774528503418,
        1.373774528503418,
        1.373774528503418,
        1.373774528503418,
        1.373774528503418,
        1.373774528503418,
        1.373774528503418,
        1.373774528503418,
        1.373774528503418,
        1.373774528503418,
        1.373774528503418,
        1.373774528503418,
        1.373774528503418,
        1.373774528503418,
        1.373774528503418,
        1.373774528503418,
        1.373774528503418,
        1.373774528503418,
        1.373774528503418,
        1.373774528503418,
        1.373774528503418,
        1.373774528503418,
        1.373774528503418,
        1.373774528503418,
        1.373774528503418,
        1.373774528503418,
        1.373774528503418,
        1.373774528503418,
        1.373774528503418,
        1.373774528503418,
        1.373774528503418,
        1.373774528503418,
        1.373774528503418,
        1.373774528503418,
        1.373774528503418,
        1.373774528503418,
        1.373774528503418,
        1.373774528503418,
        1.373774528503418,
        1.373774528503418,
        1.373774528503418,
        1.373774528503418,
        1.373774528503418,
        1.373774528503418
    ]
}