{
    "elapsed_time": 2.7601427980698645,
    "num_requests": 32,
    "total_num_tokens": 2128,
    "requests_per_second": 11.593603063717293,
    "tokens_per_second": 770.9746037371999,
    "prefill_throughput": 15.181764779385528,
    "decode_throughput": 70.18382805873746,
    "prefill_tokens": 1104,
    "decode_tokens": 1024,
    "prefill_time": 72.71881866455078,
    "decode_time": 14.590255737304688,
    "prefill_latencies": [
        2.272463083267212,
        2.272463083267212,
        2.272463083267212,
        2.272463083267212,
        2.272463083267212,
        2.272463083267212,
        2.272463083267212,
        2.272463083267212,
        2.272463083267212,
        2.272463083267212,
        2.272463083267212,
        2.272463083267212,
        2.272463083267212,
        2.272463083267212,
        2.272463083267212,
        2.272463083267212,
        2.272463083267212,
        2.272463083267212,
        2.272463083267212,
        2.272463083267212,
        2.272463083267212,
        2.272463083267212,
        2.272463083267212,
        2.272463083267212,
        2.272463083267212,
        2.272463083267212,
        2.272463083267212,
        2.272463083267212,
        2.272463083267212,
        2.272463083267212,
        2.272463083267212,
        2.272463083267212
    ],
    "decode_latencies": [
        0.4559454917907715,
        0.4559454917907715,
        0.4559454917907715,
        0.4559454917907715,
        0.4559454917907715,
        0.4559454917907715,
        0.4559454917907715,
        0.4559454917907715,
        0.4559454917907715,
        0.4559454917907715,
        0.4559454917907715,
        0.4559454917907715,
        0.4559454917907715,
        0.4559454917907715,
        0.4559454917907715,
        0.4559454917907715,
        0.4559454917907715,
        0.4559454917907715,
        0.4559454917907715,
        0.4559454917907715,
        0.4559454917907715,
        0.4559454917907715,
        0.4559454917907715,
        0.4559454917907715,
        0.4559454917907715,
        0.4559454917907715,
        0.4559454917907715,
        0.4559454917907715,
        0.4559454917907715,
        0.4559454917907715,
        0.4559454917907715,
        0.4559454917907715
    ]
}