{
    "elapsed_time": 4.885150218848139,
    "num_requests": 64,
    "total_num_tokens": 36443,
    "requests_per_second": 13.100927736689016,
    "tokens_per_second": 7459.954836064966,
    "prefill_throughput": 150.72971397399098,
    "decode_throughput": 26.984594073220723,
    "prefill_tokens": 34395,
    "decode_tokens": 2048,
    "prefill_time": 228.18991088867188,
    "decode_time": 75.89515686035156,
    "prefill_latencies": [
        3.565467357635498,
        3.565467357635498,
        3.565467357635498,
        3.565467357635498,
        3.565467357635498,
        3.565467357635498,
        3.565467357635498,
        3.565467357635498,
        3.565467357635498,
        3.565467357635498,
        3.565467357635498,
        3.565467357635498,
        3.565467357635498,
        3.565467357635498,
        3.565467357635498,
        3.565467357635498,
        3.565467357635498,
        3.565467357635498,
        3.565467357635498,
        3.565467357635498,
        3.565467357635498,
        3.565467357635498,
        3.565467357635498,
        3.565467357635498,
        3.565467357635498,
        3.565467357635498,
        3.565467357635498,
        3.565467357635498,
        3.565467357635498,
        3.565467357635498,
        3.565467357635498,
        3.565467357635498,
        3.565467357635498,
        3.565467357635498,
        3.565467357635498,
        3.565467357635498,
        3.565467357635498,
        3.565467357635498,
        3.565467357635498,
        3.565467357635498,
        3.565467357635498,
        3.565467357635498,
        3.565467357635498,
        3.565467357635498,
        3.565467357635498,
        3.565467357635498,
        3.565467357635498,
        3.565467357635498,
        3.565467357635498,
        3.565467357635498,
        3.565467357635498,
        3.565467357635498,
        3.565467357635498,
        3.565467357635498,
        3.565467357635498,
        3.565467357635498,
        3.565467357635498,
        3.565467357635498,
        3.565467357635498,
        3.565467357635498,
        3.565467357635498,
        3.565467357635498,
        3.565467357635498,
        3.565467357635498
    ],
    "decode_latencies": [
        1.1858618259429932,
        1.1858618259429932,
        1.1858618259429932,
        1.1858618259429932,
        1.1858618259429932,
        1.1858618259429932,
        1.1858618259429932,
        1.1858618259429932,
        1.1858618259429932,
        1.1858618259429932,
        1.1858618259429932,
        1.1858618259429932,
        1.1858618259429932,
        1.1858618259429932,
        1.1858618259429932,
        1.1858618259429932,
        1.1858618259429932,
        1.1858618259429932,
        1.1858618259429932,
        1.1858618259429932,
        1.1858618259429932,
        1.1858618259429932,
        1.1858618259429932,
        1.1858618259429932,
        1.1858618259429932,
        1.1858618259429932,
        1.1858618259429932,
        1.1858618259429932,
        1.1858618259429932,
        1.1858618259429932,
        1.1858618259429932,
        1.1858618259429932,
        1.1858618259429932,
        1.1858618259429932,
        1.1858618259429932,
        1.1858618259429932,
        1.1858618259429932,
        1.1858618259429932,
        1.1858618259429932,
        1.1858618259429932,
        1.1858618259429932,
        1.1858618259429932,
        1.1858618259429932,
        1.1858618259429932,
        1.1858618259429932,
        1.1858618259429932,
        1.1858618259429932,
        1.1858618259429932,
        1.1858618259429932,
        1.1858618259429932,
        1.1858618259429932,
        1.1858618259429932,
        1.1858618259429932,
        1.1858618259429932,
        1.1858618259429932,
        1.1858618259429932,
        1.1858618259429932,
        1.1858618259429932,
        1.1858618259429932,
        1.1858618259429932,
        1.1858618259429932,
        1.1858618259429932,
        1.1858618259429932,
        1.1858618259429932
    ]
}