{
    "elapsed_time": 56.95608990918845,
    "num_requests": 32,
    "total_num_tokens": 275513,
    "requests_per_second": 0.5618363207695828,
    "tokens_per_second": 4837.2878201309395,
    "prefill_throughput": 338.2211922398188,
    "decode_throughput": 1.985971974822844,
    "prefill_tokens": 274489,
    "decode_tokens": 1024,
    "prefill_time": 811.5665318965912,
    "decode_time": 515.6165409088135
}