{
    "elapsed_time": 3.5859589129686356,
    "num_requests": 16,
    "total_num_tokens": 9104,
    "requests_per_second": 4.461846994993705,
    "tokens_per_second": 2538.790940151418,
    "prefill_throughput": 200.19949790604565,
    "decode_throughput": 38.1715262100226,
    "prefill_tokens": 8592,
    "decode_tokens": 512,
    "prefill_time": 42.91719055175781,
    "decode_time": 13.413139343261719
}