{
    "elapsed_time": 0.9789113318547606,
    "num_requests": 1,
    "total_num_tokens": 168,
    "requests_per_second": 1.021542980920736,
    "tokens_per_second": 171.61922079468366,
    "prefill_throughput": 854.4085221366454,
    "decode_throughput": 40.755451612178376,
    "prefill_tokens": 136,
    "decode_tokens": 32,
    "prefill_time": 0.15917444229125977,
    "decode_time": 0.7851710319519043
}