{
    "elapsed_time": 1008.3478268263862,
    "num_requests": 256,
    "total_num_tokens": 4397105,
    "requests_per_second": 0.25388064831330986,
    "tokens_per_second": 4360.702609772251,
    "prefill_throughput": 668.2852914146513,
    "decode_throughput": 0.9898753805436272,
    "prefill_tokens": 4388913,
    "decode_tokens": 8192,
    "prefill_time": 6567.424206972122,
    "decode_time": 8275.789216518402
}