{
    "elapsed_time": 2.8980391239747405,
    "num_requests": 8,
    "total_num_tokens": 4553,
    "requests_per_second": 2.760487232148812,
    "tokens_per_second": 1571.0622959966927,
    "prefill_throughput": 264.31235160873524,
    "decode_throughput": 39.357890742616384,
    "prefill_tokens": 4297,
    "decode_tokens": 256,
    "prefill_time": 16.257280349731445,
    "decode_time": 6.504413604736328
}