{
    "elapsed_time": 7.6744164801202714,
    "num_requests": 256,
    "total_num_tokens": 42719,
    "requests_per_second": 33.35758499204985,
    "tokens_per_second": 5566.416692481944,
    "prefill_throughput": 25.377402449210013,
    "decode_throughput": 14.818618780217792,
    "prefill_tokens": 34527,
    "decode_tokens": 8192,
    "prefill_time": 1360.5411376953125,
    "decode_time": 552.8180541992188
}