{
    "elapsed_time": 2.2583984322845936,
    "num_requests": 1,
    "total_num_tokens": 101,
    "requests_per_second": 0.4427916640857747,
    "tokens_per_second": 44.72195807266325,
    "prefill_throughput": 47.935855619490574,
    "decode_throughput": 40.78255952418934,
    "prefill_tokens": 69,
    "decode_tokens": 32,
    "prefill_time": 1.4394235610961914,
    "decode_time": 0.784649133682251
}