{
    "elapsed_time": 51.55709997005761,
    "num_requests": 512,
    "total_num_tokens": 291061,
    "requests_per_second": 9.930736994465361,
    "tokens_per_second": 5645.410625675942,
    "prefill_throughput": 25.470266398022204,
    "decode_throughput": 9.736385217866205,
    "prefill_tokens": 274677,
    "decode_tokens": 16384,
    "prefill_time": 10784.221715927124,
    "decode_time": 1682.7600421905518
}