{
    "elapsed_time": 2.3011904270388186,
    "num_requests": 128,
    "total_num_tokens": 8504,
    "requests_per_second": 55.6233845300282,
    "tokens_per_second": 3695.4786097137485,
    "prefill_throughput": 43.37079068683692,
    "decode_throughput": 22.48559453474537,
    "prefill_tokens": 4408,
    "decode_tokens": 4096,
    "prefill_time": 101.63522338867188,
    "decode_time": 182.16107177734375
}