{
    "elapsed_time": 1711.8870489778928,
    "num_requests": 1024,
    "total_num_tokens": 8803358,
    "requests_per_second": 0.5981703060440782,
    "tokens_per_second": 5142.487645581625,
    "prefill_throughput": 362.860172519003,
    "decode_throughput": 1.1484428313970108,
    "prefill_tokens": 8770590,
    "decode_tokens": 32768,
    "prefill_time": 24170.715510368347,
    "decode_time": 28532.547815322876
}