{
    "elapsed_time": 6.150567218195647,
    "num_requests": 1,
    "total_num_tokens": 17032,
    "requests_per_second": 0.16258663055362294,
    "tokens_per_second": 2769.1754915893057,
    "prefill_throughput": 3303.0535071820386,
    "decode_throughput": 33.68608564421902,
    "prefill_tokens": 17000,
    "decode_tokens": 32,
    "prefill_time": 5.146752834320068,
    "decode_time": 0.9499471187591553
}