{
    "elapsed_time": 33.626720177941024,
    "num_requests": 8,
    "total_num_tokens": 137722,
    "requests_per_second": 0.23790604488533984,
    "tokens_per_second": 4095.6120392123466,
    "prefill_throughput": 671.9709962938605,
    "decode_throughput": 7.351191640148203,
    "prefill_tokens": 137466,
    "decode_tokens": 256,
    "prefill_time": 204.57132935523987,
    "decode_time": 34.82428598403931
}