{
    "elapsed_time": 29.503728272859007,
    "num_requests": 16,
    "total_num_tokens": 137720,
    "requests_per_second": 0.542304343777416,
    "tokens_per_second": 4667.884639064108,
    "prefill_throughput": 343.49623070329596,
    "decode_throughput": 12.206148647945454,
    "prefill_tokens": 137208,
    "decode_tokens": 512,
    "prefill_time": 399.4454312324524,
    "decode_time": 41.946072816848755
}