{
    "elapsed_time": 5.046664006076753,
    "num_requests": 256,
    "total_num_tokens": 16989,
    "requests_per_second": 50.72657892258076,
    "tokens_per_second": 3366.382223889549,
    "prefill_throughput": 12.427466061811211,
    "decode_throughput": 14.908417867078242,
    "prefill_tokens": 8797,
    "decode_tokens": 8192,
    "prefill_time": 707.8675537109375,
    "decode_time": 549.4882202148438
}