{
    "elapsed_time": 14.80174440285191,
    "num_requests": 1024,
    "total_num_tokens": 67920,
    "requests_per_second": 69.18103516249761,
    "tokens_per_second": 4588.648347887536,
    "prefill_throughput": 24.013680112784545,
    "decode_throughput": 14.893035690240696,
    "prefill_tokens": 35152,
    "decode_tokens": 32768,
    "prefill_time": 1463.832275390625,
    "decode_time": 2200.2230224609375
}