{
    "elapsed_time": 14.357254027854651,
    "num_requests": 256,
    "total_num_tokens": 76449,
    "requests_per_second": 17.830707703808255,
    "tokens_per_second": 5324.764739251707,
    "prefill_throughput": 22.54459619935615,
    "decode_throughput": 14.29841886980069,
    "prefill_tokens": 68257,
    "decode_tokens": 8192,
    "prefill_time": 3027.6434936523438,
    "decode_time": 572.9304809570312
}