{
    "elapsed_time": 7.484395494218916,
    "num_requests": 512,
    "total_num_tokens": 34006,
    "requests_per_second": 68.408998481638,
    "tokens_per_second": 4543.586723372229,
    "prefill_throughput": 23.25287049906729,
    "decode_throughput": 14.978310599421,
    "prefill_tokens": 17622,
    "decode_tokens": 16384,
    "prefill_time": 757.8419189453125,
    "decode_time": 1093.8483276367188
}