{
    "elapsed_time": 2.5895007750950754,
    "num_requests": 16,
    "total_num_tokens": 2677,
    "requests_per_second": 6.178797146493439,
    "tokens_per_second": 1033.7899975726834,
    "prefill_throughput": 78.17500214879348,
    "decode_throughput": 39.33534047977501,
    "prefill_tokens": 2165,
    "decode_tokens": 512,
    "prefill_time": 27.69427490234375,
    "decode_time": 13.016284942626953
}