{
    "elapsed_time": 1405.8695983709767,
    "num_requests": 128,
    "total_num_tokens": 4389972,
    "requests_per_second": 0.09104685110789609,
    "tokens_per_second": 3122.602555092444,
    "prefill_throughput": 1218.5335858317965,
    "decode_throughput": 0.6124941158386661,
    "prefill_tokens": 4385876,
    "decode_tokens": 4096,
    "prefill_time": 3599.3066182136536,
    "decode_time": 6687.411183357239
}