{
    "elapsed_time": 8.246698347385973,
    "num_requests": 128,
    "total_num_tokens": 38447,
    "requests_per_second": 15.521363169609964,
    "tokens_per_second": 4662.108201421831,
    "prefill_throughput": 40.48437401485524,
    "decode_throughput": 22.06750251227199,
    "prefill_tokens": 34351,
    "decode_tokens": 4096,
    "prefill_time": 848.5002136230469,
    "decode_time": 185.6123046875
}