{
    "elapsed_time": 2.3254197142086923,
    "num_requests": 8,
    "total_num_tokens": 798,
    "requests_per_second": 3.4402391753706656,
    "tokens_per_second": 343.16385774322384,
    "prefill_throughput": 45.442327248164204,
    "decode_throughput": 40.1409376904723,
    "prefill_tokens": 542,
    "decode_tokens": 256,
    "prefill_time": 11.927206039428711,
    "decode_time": 6.377529144287109
}