{
    "elapsed_time": 2.5818706597201526,
    "num_requests": 8,
    "total_num_tokens": 2412,
    "requests_per_second": 3.098528568765375,
    "tokens_per_second": 934.2063634827607,
    "prefill_throughput": 156.1749932645372,
    "decode_throughput": 39.39018662377949,
    "prefill_tokens": 2156,
    "decode_tokens": 256,
    "prefill_time": 13.80502700805664,
    "decode_time": 6.499080657958984
}