{
    "elapsed_time": 13.768126731272787,
    "num_requests": 16,
    "total_num_tokens": 68806,
    "requests_per_second": 1.1621043524866574,
    "tokens_per_second": 4997.484504824809,
    "prefill_throughput": 337.81258444671954,
    "decode_throughput": 34.5821887118754,
    "prefill_tokens": 68294,
    "decode_tokens": 512,
    "prefill_time": 202.16535186767578,
    "decode_time": 14.805309295654297
}