{
    "elapsed_time": 113.4865167979151,
    "num_requests": 64,
    "total_num_tokens": 550346,
    "requests_per_second": 0.5639436455166255,
    "tokens_per_second": 4849.439523992075,
    "prefill_throughput": 339.8110553327516,
    "decode_throughput": 1.4481865827413796,
    "prefill_tokens": 548298,
    "decode_tokens": 2048,
    "prefill_time": 1613.5378510951996,
    "decode_time": 1414.1824157238007
}